0 verbose cli /usr/local/bin/node /usr/local/bin/npm
1 info using npm@10.5.0
2 info using node@v20.12.2
3 timing npm:load:whichnode Completed in 1ms
4 timing config:load:defaults Completed in 2ms
5 timing config:load:file:/usr/local/lib/node_modules/npm/npmrc Completed in 1ms
6 timing config:load:builtin Completed in 1ms
7 timing config:load:cli Completed in 1ms
8 timing config:load:env Completed in 0ms
9 timing config:load:project Completed in 1ms
10 timing config:load:file:/root/.npmrc Completed in 2ms
11 timing config:load:user Completed in 2ms
12 timing config:load:file:/usr/local/etc/npmrc Completed in 1ms
13 timing config:load:global Completed in 1ms
14 timing config:load:setEnvs Completed in 1ms
15 timing config:load Completed in 9ms
16 timing npm:load:configload Completed in 9ms
17 timing config:load:flatten Completed in 2ms
18 timing npm:load:mkdirpcache Completed in 1ms
19 timing npm:load:mkdirplogs Completed in 0ms
20 verbose title npm install
21 verbose argv "install"
22 timing npm:load:setTitle Completed in 0ms
23 timing npm:load:display Completed in 0ms
24 verbose logfile logs-max:10 dir:/root/.npm/_logs/2026-03-29T13_00_14_109Z-
25 verbose logfile /root/.npm/_logs/2026-03-29T13_00_14_109Z-debug-0.log
26 timing npm:load:logFile Completed in 5ms
27 timing npm:load:timers Completed in 0ms
28 timing npm:load:configScope Completed in 1ms
29 timing npm:load Completed in 29ms
30 timing arborist:ctor Completed in 0ms
31 silly logfile done cleaning log files
32 timing idealTree:init Completed in 345ms
33 timing idealTree:userRequests Completed in 0ms
34 silly idealTree buildDeps
35 timing idealTree:#root Completed in 0ms
36 timing idealTree:buildDeps Completed in 1ms
37 timing idealTree:fixDepFlags Completed in 1ms
38 timing idealTree Completed in 353ms
39 timing reify:loadTrees Completed in 366ms
40 timing reify:diffTrees Completed in 6ms
41 silly reify moves {}
42 timing reify:retireShallow Completed in 1ms
43 http fetch GET 200 https://registry.npmjs.org/npm -112315ms
44 timing reify:createSparse Completed in 4346ms
45 timing reify:loadBundles Completed in 0ms
46 silly audit bulk request {
46 silly audit   '@aashutoshrathi/word-wrap': [ '1.2.6' ],
46 silly audit   '@ampproject/remapping': [ '2.3.0' ],
46 silly audit   '@babel/code-frame': [ '7.24.2' ],
46 silly audit   '@babel/compat-data': [ '7.24.4' ],
46 silly audit   '@babel/core': [ '7.24.4' ],
46 silly audit   semver: [ '6.3.1', '7.6.0' ],
46 silly audit   '@babel/generator': [ '7.24.4' ],
46 silly audit   '@babel/helper-compilation-targets': [ '7.23.6' ],
46 silly audit   '@babel/helper-environment-visitor': [ '7.22.20' ],
46 silly audit   '@babel/helper-function-name': [ '7.23.0' ],
46 silly audit   '@babel/helper-hoist-variables': [ '7.22.5' ],
46 silly audit   '@babel/helper-module-imports': [ '7.24.3' ],
46 silly audit   '@babel/helper-module-transforms': [ '7.23.3' ],
46 silly audit   '@babel/helper-plugin-utils': [ '7.24.0' ],
46 silly audit   '@babel/helper-simple-access': [ '7.22.5' ],
46 silly audit   '@babel/helper-split-export-declaration': [ '7.22.6' ],
46 silly audit   '@babel/helper-string-parser': [ '7.24.1' ],
46 silly audit   '@babel/helper-validator-identifier': [ '7.22.20' ],
46 silly audit   '@babel/helper-validator-option': [ '7.23.5' ],
46 silly audit   '@babel/helpers': [ '7.24.4' ],
46 silly audit   '@babel/highlight': [ '7.24.2' ],
46 silly audit   'ansi-styles': [ '3.2.1', '4.3.0', '5.2.0', '6.1.0' ],
46 silly audit   chalk: [ '2.4.2', '5.0.1', '4.1.2', '5.3.0' ],
46 silly audit   'color-convert': [ '1.9.3', '2.0.1' ],
46 silly audit   'color-name': [ '1.1.3', '1.1.4' ],
46 silly audit   'has-flag': [ '3.0.0', '4.0.0' ],
46 silly audit   'supports-color': [ '5.5.0', '8.1.1', '7.2.0' ],
46 silly audit   '@babel/parser': [ '7.24.4' ],
46 silly audit   '@babel/plugin-syntax-async-generators': [ '7.8.4' ],
46 silly audit   '@babel/plugin-syntax-bigint': [ '7.8.3' ],
46 silly audit   '@babel/plugin-syntax-class-properties': [ '7.12.13' ],
46 silly audit   '@babel/plugin-syntax-import-meta': [ '7.10.4' ],
46 silly audit   '@babel/plugin-syntax-json-strings': [ '7.8.3' ],
46 silly audit   '@babel/plugin-syntax-jsx': [ '7.24.1' ],
46 silly audit   '@babel/plugin-syntax-logical-assignment-operators': [ '7.10.4' ],
46 silly audit   '@babel/plugin-syntax-nullish-coalescing-operator': [ '7.8.3' ],
46 silly audit   '@babel/plugin-syntax-numeric-separator': [ '7.10.4' ],
46 silly audit   '@babel/plugin-syntax-object-rest-spread': [ '7.8.3' ],
46 silly audit   '@babel/plugin-syntax-optional-catch-binding': [ '7.8.3' ],
46 silly audit   '@babel/plugin-syntax-optional-chaining': [ '7.8.3' ],
46 silly audit   '@babel/plugin-syntax-top-level-await': [ '7.14.5' ],
46 silly audit   '@babel/plugin-syntax-typescript': [ '7.24.1' ],
46 silly audit   '@babel/runtime': [ '7.24.4' ],
46 silly audit   '@babel/template': [ '7.24.0' ],
46 silly audit   '@babel/traverse': [ '7.24.1' ],
46 silly audit   globals: [ '11.12.0', '14.0.0', '13.24.0', '15.0.0' ],
46 silly audit   '@babel/types': [ '7.24.0' ],
46 silly audit   '@bcoe/v8-coverage': [ '0.2.3' ],
46 silly audit   '@colors/colors': [ '1.5.0' ],
46 silly audit   '@discoveryjs/json-ext': [ '0.5.7' ],
46 silly audit   '@eslint-community/eslint-utils': [ '4.4.0' ],
46 silly audit   '@eslint-community/regexpp': [ '4.10.0' ],
46 silly audit   '@eslint/eslintrc': [ '3.0.2', '2.1.4' ],
46 silly audit   '@eslint/js': [ '9.1.1', '8.57.0' ],
46 silly audit   '@fastify/accept-negotiator': [ '1.0.0' ],
46 silly audit   '@fastify/ajv-compiler': [ '3.5.0' ],
46 silly audit   ajv: [ '8.12.0', '6.12.6', '8.11.0' ],
46 silly audit   'json-schema-traverse': [ '1.0.0', '0.4.1' ],
46 silly audit   '@fastify/cookie': [ '9.3.1' ],
46 silly audit   'fastify-plugin': [ '4.5.1', '4.2.0', '2.3.4', '3.0.1' ],
46 silly audit   '@fastify/deepmerge': [ '1.3.0' ],
46 silly audit   '@fastify/error': [ '3.4.1' ],
46 silly audit   '@fastify/fast-json-stringify-compiler': [ '4.3.0' ],
46 silly audit   '@fastify/flash': [ '5.1.0' ],
46 silly audit   '@fastify/formbody': [ '7.4.0' ],
46 silly audit   '@fastify/merge-json-schemas': [ '0.1.1' ],
46 silly audit   '@fastify/secure-session': [ '7.5.1' ],
46 silly audit   '@fastify/send': [ '2.1.0' ],
46 silly audit   '@fastify/sensible': [ '5.5.0' ],
46 silly audit   '@fastify/static': [ '7.0.3' ],
46 silly audit   '@fastify/view': [ '9.0.0' ],
46 silly audit   '@gar/promisify': [ '1.1.3' ],
46 silly audit   '@humanwhocodes/config-array': [ '0.11.14' ],
46 silly audit   '@humanwhocodes/module-importer': [ '1.0.1' ],
46 silly audit   '@humanwhocodes/object-schema': [ '2.0.3' ],
46 silly audit   '@isaacs/cliui': [ '8.0.2' ],
46 silly audit   'ansi-regex': [ '6.0.1', '5.0.1' ],
46 silly audit   'emoji-regex': [ '9.2.2', '8.0.0' ],
46 silly audit   'string-width': [ '5.1.2', '4.2.3' ],
46 silly audit   'strip-ansi': [ '7.1.0', '7.0.1', '6.0.1' ],
46 silly audit   '@istanbuljs/load-nyc-config': [ '1.1.0' ],
46 silly audit   argparse: [ '1.0.10', '2.0.1' ],
46 silly audit   'find-up': [ '4.1.0', '5.0.0', '3.0.0' ],
46 silly audit   'js-yaml': [ '3.14.1', '4.1.0' ],
46 silly audit   'locate-path': [ '5.0.0', '6.0.0', '3.0.0' ],
46 silly audit   'p-limit': [ '2.3.0', '3.1.0' ],
46 silly audit   'p-locate': [ '4.1.0', '5.0.0', '3.0.0' ],
46 silly audit   '@istanbuljs/schema': [ '0.1.3' ],
46 silly audit   '@jest/console': [ '29.7.0' ],
46 silly audit   '@jest/core': [ '29.7.0' ],
46 silly audit   '@jest/environment': [ '29.7.0' ],
46 silly audit   '@jest/expect': [ '29.7.0' ],
46 silly audit   '@jest/expect-utils': [ '29.7.0' ],
46 silly audit   '@jest/fake-timers': [ '29.7.0' ],
46 silly audit   '@jest/globals': [ '29.7.0' ],
46 silly audit   '@jest/reporters': [ '29.7.0' ],
46 silly audit   glob: [ '7.2.3', '10.3.12', '8.1.0' ],
46 silly audit   '@jest/schemas': [ '29.6.3' ],
46 silly audit   '@jest/source-map': [ '29.6.3' ],
46 silly audit   '@jest/test-result': [ '29.7.0' ],
46 silly audit   '@jest/test-sequencer': [ '29.7.0' ],
46 silly audit   '@jest/transform': [ '29.7.0' ],
46 silly audit   '@jest/types': [ '29.6.3' ],
46 silly audit   '@jridgewell/gen-mapping': [ '0.3.5' ],
46 silly audit   '@jridgewell/resolve-uri': [ '3.1.2' ],
46 silly audit   '@jridgewell/set-array': [ '1.2.1' ],
46 silly audit   '@jridgewell/source-map': [ '0.3.6' ],
46 silly audit   '@jridgewell/sourcemap-codec': [ '1.4.15' ],
46 silly audit   '@jridgewell/trace-mapping': [ '0.3.25' ],
46 silly audit   '@lukeed/ms': [ '2.0.2' ],
46 silly audit   '@nodelib/fs.scandir': [ '2.1.5' ],
46 silly audit   '@nodelib/fs.stat': [ '2.0.5' ],
46 silly audit   '@nodelib/fs.walk': [ '1.2.8' ],
46 silly audit   '@npmcli/fs': [ '3.1.0', '2.1.2', '1.1.1' ],
46 silly audit   '@npmcli/git': [ '4.1.0' ],
46 silly audit   'lru-cache': [ '7.18.3', '5.1.1', '10.2.0', '6.0.0' ],
46 silly audit   which: [ '3.0.1', '2.0.2' ],
46 silly audit   '@npmcli/installed-package-contents': [ '2.0.2' ],
46 silly audit   '@npmcli/move-file': [ '2.0.1', '1.1.2' ],
46 silly audit   '@npmcli/node-gyp': [ '3.0.0' ],
46 silly audit   '@npmcli/promise-spawn': [ '6.0.2' ],
46 silly audit   '@npmcli/run-script': [ '6.0.2' ],
46 silly audit   '@one-ini/wasm': [ '0.1.1' ],
46 silly audit   '@pkgjs/parseargs': [ '0.11.0' ],
46 silly audit   '@pnpm/network.ca-file': [ '1.0.1' ],
46 silly audit   '@pnpm/npm-conf': [ '1.0.5' ],
46 silly audit   '@popperjs/core': [ '2.11.8' ],
46 silly audit   '@rails/ujs': [ '7.1.3-2' ],
46 silly audit   '@sigstore/bundle': [ '1.1.0' ],
46 silly audit   '@sigstore/protobuf-specs': [ '0.2.1' ],
46 silly audit   '@sigstore/sign': [ '1.0.0' ],
46 silly audit   '@sigstore/tuf': [ '1.0.3' ],
46 silly audit   '@sinclair/typebox': [ '0.27.8' ],
46 silly audit   '@sindresorhus/is': [ '5.3.0' ],
46 silly audit   '@sinonjs/commons': [ '3.0.1' ],
46 silly audit   '@sinonjs/fake-timers': [ '10.3.0' ],
46 silly audit   '@szmarczak/http-timer': [ '5.0.1' ],
46 silly audit   '@tootallnate/once': [ '2.0.0', '1.1.2' ],
46 silly audit   '@tufjs/canonical-json': [ '1.0.0' ],
46 silly audit   '@tufjs/models': [ '1.0.4' ],
46 silly audit   'brace-expansion': [ '2.0.1', '1.1.11' ],
46 silly audit   minimatch: [ '9.0.4', '9.0.1', '5.1.6', '3.1.2' ],
46 silly audit   '@types/babel__core': [ '7.20.5' ],
46 silly audit   '@types/babel__generator': [ '7.6.8' ],
46 silly audit   '@types/babel__template': [ '7.4.4' ],
46 silly audit   '@types/babel__traverse': [ '7.20.5' ],
46 silly audit   '@types/cacheable-request': [ '6.0.2' ],
46 silly audit   '@types/debug': [ '4.1.12' ],
46 silly audit   '@types/eslint': [ '8.4.6' ],
46 silly audit   '@types/eslint-scope': [ '3.7.4' ],
46 silly audit   '@types/estree': [ '1.0.5' ],
46 silly audit   '@types/graceful-fs': [ '4.1.9' ],
46 silly audit   '@types/http-cache-semantics': [ '4.0.1' ],
46 silly audit   '@types/istanbul-lib-coverage': [ '2.0.6' ],
46 silly audit   '@types/istanbul-lib-report': [ '3.0.3' ],
46 silly audit   '@types/istanbul-reports': [ '3.0.4' ],
46 silly audit   '@types/jest': [ '29.5.12' ],
46 silly audit   '@types/json-schema': [ '7.0.11' ],
46 silly audit   '@types/json5': [ '0.0.29' ],
46 silly audit   '@types/keyv': [ '3.1.4' ],
46 silly audit   '@types/ms': [ '0.7.34' ],
46 silly audit   '@types/node': [ '20.12.7' ],
46 silly audit   '@types/responselike': [ '1.0.0' ],
46 silly audit   '@types/semver-utils': [ '1.1.3' ],
46 silly audit   '@types/stack-trace': [ '0.0.29' ],
46 silly audit   '@types/stack-utils': [ '2.0.3' ],
46 silly audit   '@types/validator': [ '13.11.9' ],
46 silly audit   '@types/yargs': [ '17.0.32' ],
46 silly audit   '@types/yargs-parser': [ '21.0.3' ],
46 silly audit   '@ungap/structured-clone': [ '1.2.0' ],
46 silly audit   '@vscode/sqlite3': [ '5.1.2' ],
46 silly audit   '@webassemblyjs/ast': [ '1.12.1' ],
46 silly audit   '@webassemblyjs/floating-point-hex-parser': [ '1.11.6' ],
46 silly audit   '@webassemblyjs/helper-api-error': [ '1.11.6' ],
46 silly audit   '@webassemblyjs/helper-buffer': [ '1.12.1' ],
46 silly audit   '@webassemblyjs/helper-numbers': [ '1.11.6' ],
46 silly audit   '@webassemblyjs/helper-wasm-bytecode': [ '1.11.6' ],
46 silly audit   '@webassemblyjs/helper-wasm-section': [ '1.12.1' ],
46 silly audit   '@webassemblyjs/ieee754': [ '1.11.6' ],
46 silly audit   '@webassemblyjs/leb128': [ '1.11.6' ],
46 silly audit   '@webassemblyjs/utf8': [ '1.11.6' ],
46 silly audit   '@webassemblyjs/wasm-edit': [ '1.12.1' ],
46 silly audit   '@webassemblyjs/wasm-gen': [ '1.12.1' ],
46 silly audit   '@webassemblyjs/wasm-opt': [ '1.12.1' ],
46 silly audit   '@webassemblyjs/wasm-parser': [ '1.12.1' ],
46 silly audit   '@webassemblyjs/wast-printer': [ '1.12.1' ],
46 silly audit   '@webpack-cli/configtest': [ '2.1.1' ],
46 silly audit   '@webpack-cli/info': [ '2.0.2' ],
46 silly audit   '@webpack-cli/serve': [ '2.0.5' ],
46 silly audit   '@xtuc/ieee754': [ '1.2.0' ],
46 silly audit   '@xtuc/long': [ '4.2.2' ],
46 silly audit   abbrev: [ '1.1.1', '2.0.0' ],
46 silly audit   'abort-controller': [ '3.0.0' ],
46 silly audit   'abstract-logging': [ '2.0.1' ],
46 silly audit   acorn: [ '8.11.3', '7.4.1' ],
46 silly audit   'acorn-import-assertions': [ '1.9.0' ],
46 silly audit   'acorn-jsx': [ '5.3.2' ],
46 silly audit   'agent-base': [ '6.0.2' ],
46 silly audit   agentkeepalive: [ '4.2.1' ],
46 silly audit   depd: [ '1.1.2', '2.0.0' ],
46 silly audit   'aggregate-error': [ '3.1.0' ],
46 silly audit   'ajv-formats': [ '2.1.1', '3.0.1' ],
46 silly audit   'ajv-keywords': [ '3.5.2', '5.1.0' ],
46 silly audit   'ansi-align': [ '3.0.1' ],
46 silly audit   'ansi-escapes': [ '4.3.2' ],
46 silly audit   'type-fest': [ '0.21.3', '2.19.0', '1.4.0', '0.20.2' ],
46 silly audit   anymatch: [ '3.1.2' ],
46 silly audit   aproba: [ '2.0.0' ],
46 silly audit   archy: [ '1.0.0' ],
46 silly audit   'are-we-there-yet': [ '3.0.1' ],
46 silly audit   'array-buffer-byte-length': [ '1.0.1' ],
46 silly audit   'array-includes': [ '3.1.8' ],
46 silly audit   'array-union': [ '2.1.0' ],
46 silly audit   'array.prototype.findlastindex': [ '1.2.5' ],
46 silly audit   'array.prototype.flat': [ '1.3.2' ],
46 silly audit   'array.prototype.flatmap': [ '1.3.2' ],
46 silly audit   'arraybuffer.prototype.slice': [ '1.0.3' ],
46 silly audit   asap: [ '2.0.6' ],
46 silly audit   'assert-never': [ '1.2.1' ],
46 silly audit   'at-least-node': [ '1.0.0' ],
46 silly audit   'atomic-sleep': [ '1.0.0' ],
46 silly audit   'available-typed-arrays': [ '1.0.7' ],
46 silly audit   avvio: [ '8.3.0' ],
46 silly audit   'babel-jest': [ '29.7.0' ],
46 silly audit   'babel-plugin-istanbul': [ '6.1.1' ],
46 silly audit   'istanbul-lib-instrument': [ '5.2.1', '6.0.2' ],
46 silly audit   'babel-plugin-jest-hoist': [ '29.6.3' ],
46 silly audit   'babel-preset-current-node-syntax': [ '1.0.1' ],
46 silly audit   'babel-preset-jest': [ '29.6.3' ],
46 silly audit   'babel-walk': [ '3.0.0-canary-5' ],
46 silly audit   'balanced-match': [ '1.0.2' ],
46 silly audit   'base64-js': [ '1.5.1' ],
46 silly audit   'better-sqlite3': [ '8.7.0' ],
46 silly audit   'binary-extensions': [ '2.2.0' ],
46 silly audit   bindings: [ '1.5.0' ],
46 silly audit   bl: [ '4.1.0' ],
46 silly audit   bluebird: [ '3.7.2' ],
46 silly audit   bootstrap: [ '5.3.3' ],
46 silly audit   boxen: [ '7.0.0' ],
46 silly audit   camelcase: [ '7.0.0', '5.3.1', '6.3.0' ],
46 silly audit   braces: [ '3.0.2' ],
46 silly audit   browserslist: [ '4.23.0' ],
46 silly audit   bser: [ '2.1.1' ],
46 silly audit   buffer: [ '5.7.1', '6.0.3' ],
46 silly audit   'buffer-from': [ '1.1.2' ],
46 silly audit   builtins: [ '5.1.0' ],
46 silly audit   cacache: [ '17.1.4', '16.1.3', '15.3.0' ],
46 silly audit   'fs-minipass': [ '3.0.3', '2.1.0' ],
46 silly audit   minipass: [ '7.0.4', '5.0.0', '3.3.4' ],
46 silly audit   'unique-filename': [ '3.0.0', '2.0.1', '1.1.1' ],
46 silly audit   'unique-slug': [ '4.0.0', '3.0.0', '2.0.2' ],
46 silly audit   'cacheable-lookup': [ '6.1.0' ],
46 silly audit   'cacheable-request': [ '7.0.2' ],
46 silly audit   'get-stream': [ '5.2.0', '6.0.1' ],
46 silly audit   'lowercase-keys': [ '2.0.0', '3.0.0' ],
46 silly audit   'call-bind': [ '1.0.7' ],
46 silly audit   callsites: [ '3.1.0' ],
46 silly audit   'caniuse-lite': [ '1.0.30001612' ],
46 silly audit   'char-regex': [ '1.0.2' ],
46 silly audit   'character-parser': [ '2.2.0' ],
46 silly audit   chokidar: [ '3.5.3' ],
46 silly audit   'glob-parent': [ '5.1.2', '6.0.2' ],
46 silly audit   chownr: [ '2.0.0', '1.1.4' ],
46 silly audit   'chrome-trace-event': [ '1.0.3' ],
46 silly audit   'ci-info': [ '3.3.2' ],
46 silly audit   'cjs-module-lexer': [ '1.2.3' ],
46 silly audit   'clean-stack': [ '2.2.0' ],
46 silly audit   'cli-boxes': [ '3.0.0' ],
46 silly audit   'cli-color': [ '2.0.4' ],
46 silly audit   'cli-table3': [ '0.6.4' ],
46 silly audit   cliui: [ '8.0.1', '7.0.4' ],
46 silly audit   'wrap-ansi': [ '7.0.0', '8.1.0' ],
46 silly audit   'clone-deep': [ '4.0.1' ],
46 silly audit   'clone-response': [ '1.0.3' ],
46 silly audit   'close-with-grace': [ '1.1.0' ],
46 silly audit   co: [ '4.6.0' ],
46 silly audit   'collect-v8-coverage': [ '1.0.2' ],
46 silly audit   'color-support': [ '1.1.3' ],
46 silly audit   colorette: [ '2.0.19' ],
46 silly audit   commander: [ '10.0.1', '2.20.3' ],
46 silly audit   commist: [ '3.0.0' ],
46 silly audit   'concat-map': [ '0.0.1' ],
46 silly audit   concurrently: [ '8.2.2' ],
46 silly audit   'config-chain': [ '1.1.13' ],
46 silly audit   ini: [ '1.3.8', '2.0.0', '4.1.2' ],
46 silly audit   configstore: [ '6.0.0' ],
46 silly audit   'write-file-atomic': [ '3.0.3', '4.0.2' ],
46 silly audit   'confusing-browser-globals': [ '1.0.11' ],
46 silly audit   'console-control-strings': [ '1.1.0' ],
46 silly audit   constantinople: [ '4.0.1' ],
46 silly audit   'content-disposition': [ '0.5.4' ],
46 silly audit   'convert-source-map': [ '2.0.0' ],
46 silly audit   cookie: [ '0.6.0', '0.4.2' ],
46 silly audit   'cookie-signature': [ '1.2.1' ],
46 silly audit   'create-jest': [ '29.7.0' ],
46 silly audit   'cross-spawn': [ '7.0.3' ],
46 silly audit   'crypto-random-string': [ '4.0.0' ],
46 silly audit   'css-loader': [ '7.1.1' ],
46 silly audit   cssesc: [ '3.0.0' ],
46 silly audit   d: [ '1.0.2' ],
46 silly audit   'data-view-buffer': [ '1.0.1' ],
46 silly audit   'data-view-byte-length': [ '1.0.1' ],
46 silly audit   'data-view-byte-offset': [ '1.0.0' ],
46 silly audit   'date-fns': [ '2.30.0' ],
46 silly audit   dateformat: [ '4.6.3' ],
46 silly audit   'db-errors': [ '0.2.3' ],
46 silly audit   debug: [ '4.3.4', '3.2.7' ],
46 silly audit   ms: [ '2.1.2', '2.1.3' ],
46 silly audit   'decompress-response': [ '6.0.0' ],
46 silly audit   'mimic-response': [ '3.1.0', '1.0.1' ],
46 silly audit   dedent: [ '1.5.3' ],
46 silly audit   'deep-extend': [ '0.6.0' ],
46 silly audit   'deep-is': [ '0.1.4' ],
46 silly audit   deepmerge: [ '4.3.1' ],
46 silly audit   'defer-to-connect': [ '2.0.1' ],
46 silly audit   'define-data-property': [ '1.1.4' ],
46 silly audit   'define-properties': [ '1.2.1' ],
46 silly audit   delegates: [ '1.0.0' ],
46 silly audit   'detect-libc': [ '2.0.3' ],
46 silly audit   'detect-newline': [ '3.1.0' ],
46 silly audit   'diff-sequences': [ '29.6.3' ],
46 silly audit   'dir-glob': [ '3.0.1' ],
46 silly audit   doctrine: [ '3.0.0', '2.1.0' ],
46 silly audit   doctypes: [ '1.1.0' ],
46 silly audit   'dot-prop': [ '6.0.1' ],
46 silly audit   dotenv: [ '16.4.5' ],
46 silly audit   dottie: [ '2.0.6' ],
46 silly audit   eastasianwidth: [ '0.2.0' ],
46 silly audit   editorconfig: [ '1.0.4' ],
46 silly audit   'electron-to-chromium': [ '1.4.746' ],
46 silly audit   emittery: [ '0.13.1' ],
46 silly audit   encoding: [ '0.1.13' ],
46 silly audit   'end-of-stream': [ '1.4.4' ],
46 silly audit   'enhanced-resolve': [ '5.16.0' ],
46 silly audit   entities: [ '3.0.1' ],
46 silly audit   'env-paths': [ '2.2.1' ],
46 silly audit   envinfo: [ '7.12.0' ],
46 silly audit   'err-code': [ '2.0.3' ],
46 silly audit   'error-ex': [ '1.3.2' ],
46 silly audit   'es-abstract': [ '1.23.3' ],
46 silly audit   'es-define-property': [ '1.0.0' ],
46 silly audit   'es-errors': [ '1.3.0' ],
46 silly audit   'es-module-lexer': [ '1.5.0' ],
46 silly audit   'es-object-atoms': [ '1.0.0' ],
46 silly audit   'es-set-tostringtag': [ '2.0.3' ],
46 silly audit   'es-shim-unscopables': [ '1.0.2' ],
46 silly audit   'es-to-primitive': [ '1.2.1' ],
46 silly audit   'es5-ext': [ '0.10.64' ],
46 silly audit   'es6-iterator': [ '2.0.3' ],
46 silly audit   'es6-symbol': [ '3.1.4' ],
46 silly audit   'es6-weak-map': [ '2.0.3' ],
46 silly audit   escalade: [ '3.1.1' ],
46 silly audit   'escape-goat': [ '4.0.0' ],
46 silly audit   'escape-html': [ '1.0.3' ],
46 silly audit   'escape-string-regexp': [ '1.0.5', '4.0.0', '2.0.0' ],
46 silly audit   eslint: [ '8.57.0' ],
46 silly audit   'eslint-config-airbnb-base': [ '15.0.0' ],
46 silly audit   'eslint-import-resolver-node': [ '0.3.9' ],
46 silly audit   'eslint-module-utils': [ '2.8.1' ],
46 silly audit   'eslint-plugin-import': [ '2.29.1' ],
46 silly audit   'eslint-scope': [ '7.2.2', '5.1.1' ],
46 silly audit   'eslint-visitor-keys': [ '3.4.3', '4.0.0' ],
46 silly audit   espree: [ '9.6.1', '10.0.1' ],
46 silly audit   esm: [ '3.2.25' ],
46 silly audit   esniff: [ '2.0.1' ],
46 silly audit   esprima: [ '4.0.1' ],
46 silly audit   esquery: [ '1.5.0' ],
46 silly audit   esrecurse: [ '4.3.0' ],
46 silly audit   estraverse: [ '5.3.0', '4.3.0' ],
46 silly audit   esutils: [ '2.0.3' ],
46 silly audit   'event-emitter': [ '0.3.5' ],
46 silly audit   'event-target-shim': [ '5.0.1' ],
46 silly audit   events: [ '3.3.0' ],
46 silly audit   execa: [ '5.1.1' ],
46 silly audit   exit: [ '0.1.2' ],
46 silly audit   'expand-template': [ '2.0.3' ],
46 silly audit   expect: [ '29.7.0' ],
46 silly audit   'exponential-backoff': [ '3.1.1' ],
46 silly audit   ext: [ '1.7.0' ],
46 silly audit   'fast-content-type-parse': [ '1.1.0' ],
46 silly audit   'fast-copy': [ '3.0.2' ],
46 silly audit   'fast-decode-uri-component': [ '1.0.1' ],
46 silly audit   'fast-deep-equal': [ '3.1.3' ],
46 silly audit   'fast-glob': [ '3.2.11' ],
46 silly audit   'fast-json-stable-stringify': [ '2.1.0' ],
46 silly audit   'fast-json-stringify': [ '5.14.1' ],
46 silly audit   'fast-levenshtein': [ '2.0.6' ],
46 silly audit   'fast-memoize': [ '2.5.2' ],
46 silly audit   'fast-querystring': [ '1.0.0' ],
46 silly audit   'fast-redact': [ '3.5.0' ],
46 silly audit   'fast-safe-stringify': [ '2.1.1' ],
46 silly audit   'fast-uri': [ '2.3.0' ],
46 silly audit   'fastest-levenshtein': [ '1.0.16' ],
46 silly audit   fastify: [ '4.26.2' ],
46 silly audit   'fastify-cli': [ '6.1.1' ],
46 silly audit   'pino-pretty': [ '10.3.1', '11.0.0' ],
46 silly audit   'help-me': [ '5.0.0', '4.2.0' ],
46 silly audit   'readable-stream': [ '4.5.2', '3.6.2' ],
46 silly audit   'fastify-error-page': [ '4.0.0' ],
46 silly audit   'fastify-method-override': [ '1.5.10' ],
46 silly audit   'fastify-objectionjs': [ '2.0.1' ],
46 silly audit   knex: [ '2.5.1', '3.1.0' ],
46 silly audit   'pg-connection-string': [ '2.6.1', '2.6.2', '2.6.4' ],
46 silly audit   'fastify-reverse-routes': [ '3.0.0' ],
46 silly audit   fastq: [ '1.17.1' ],
46 silly audit   'fb-watchman': [ '2.0.2' ],
46 silly audit   'file-entry-cache': [ '6.0.1' ],
46 silly audit   'file-uri-to-path': [ '1.0.0' ],
46 silly audit   'fill-range': [ '7.0.1' ],
46 silly audit   'find-my-way': [ '8.1.0' ],
46 silly audit   'flat-cache': [ '3.2.0' ],
46 silly audit   flatted: [ '3.3.1' ],
46 silly audit   'for-each': [ '0.3.3' ],
46 silly audit   'foreground-child': [ '3.1.1' ],
46 silly audit   'signal-exit': [ '4.1.0', '3.0.7' ],
46 silly audit   'form-data-encoder': [ '2.1.0' ],
46 silly audit   forwarded: [ '0.2.0' ],
46 silly audit   'fp-and-or': [ '0.1.4' ],
46 silly audit   'fs-constants': [ '1.0.0' ],
46 silly audit   'fs-extra': [ '9.1.0' ],
46 silly audit   'fs.realpath': [ '1.0.0' ],
46 silly audit   fsevents: [ '2.3.2' ],
46 silly audit   'function-bind': [ '1.1.2' ],
46 silly audit   'function.prototype.name': [ '1.1.6' ],
46 silly audit   'functions-have-names': [ '1.2.3' ],
46 silly audit   gauge: [ '4.0.4' ],
46 silly audit   generify: [ '4.2.0' ],
46 silly audit   gensync: [ '1.0.0-beta.2' ],
46 silly audit   'get-caller-file': [ '2.0.5' ],
46 silly audit   'get-intrinsic': [ '1.2.4' ],
46 silly audit   'get-package-type': [ '0.1.0' ],
46 silly audit   'get-stdin': [ '8.0.0' ],
46 silly audit   'get-symbol-description': [ '1.0.2' ],
46 silly audit   getopts: [ '2.3.0' ],
46 silly audit   'github-from-package': [ '0.0.0' ],
46 silly audit   'glob-to-regexp': [ '0.4.1' ],
46 silly audit   'global-dirs': [ '3.0.0' ],
46 silly audit   globalthis: [ '1.0.3' ],
46 silly audit   globby: [ '11.1.0' ],
46 silly audit   gopd: [ '1.0.1' ],
46 silly audit   got: [ '12.3.1' ],
46 silly audit   'graceful-fs': [ '4.2.10', '4.2.11' ],
46 silly audit   graphemer: [ '1.4.0' ],
46 silly audit   'has-bigints': [ '1.0.2' ],
46 silly audit   'has-property-descriptors': [ '1.0.2' ],
46 silly audit   'has-proto': [ '1.0.3' ],
46 silly audit   'has-symbols': [ '1.0.3' ],
46 silly audit   'has-tostringtag': [ '1.0.2' ],
46 silly audit   'has-unicode': [ '2.0.1' ],
46 silly audit   'has-yarn': [ '3.0.0' ],
46 silly audit   hashlru: [ '2.3.0' ],
46 silly audit   hasown: [ '2.0.2' ],
46 silly audit   'hosted-git-info': [ '5.2.1', '6.1.1' ],
46 silly audit   'html-escaper': [ '2.0.2' ],
46 silly audit   'http-cache-semantics': [ '4.1.1' ],
46 silly audit   'http-errors': [ '2.0.0' ],
46 silly audit   'http-proxy-agent': [ '5.0.0', '4.0.1' ],
46 silly audit   'http2-wrapper': [ '2.1.11' ],
46 silly audit   'https-proxy-agent': [ '5.0.1' ],
46 silly audit   'human-signals': [ '2.1.0' ],
46 silly audit   'humanize-ms': [ '1.2.1' ],
46 silly audit   i18next: [ '23.11.2' ],
46 silly audit   'iconv-lite': [ '0.6.3' ],
46 silly audit   'icss-utils': [ '5.1.0' ],
46 silly audit   ieee754: [ '1.2.1' ],
46 silly audit   ignore: [ '5.2.0' ],
46 silly audit   'ignore-walk': [ '6.0.4' ],
46 silly audit   'import-fresh': [ '3.3.0' ],
46 silly audit   'resolve-from': [ '4.0.0', '5.0.0' ],
46 silly audit   'import-lazy': [ '4.0.0' ],
46 silly audit   'import-local': [ '3.1.0' ],
46 silly audit   imurmurhash: [ '0.1.4' ],
46 silly audit   'indent-string': [ '4.0.0' ],
46 silly audit   'infer-owner': [ '1.0.4' ],
46 silly audit   inflection: [ '1.13.4' ],
46 silly audit   inflight: [ '1.0.6' ],
46 silly audit   inherits: [ '2.0.4' ],
46 silly audit   'internal-slot': [ '1.0.7' ],
46 silly audit   interpret: [ '2.2.0', '3.1.1' ],
46 silly audit   ip: [ '2.0.0' ],
46 silly audit   'ipaddr.js': [ '1.9.1' ],
46 silly audit   'is-array-buffer': [ '3.0.4' ],
46 silly audit   'is-arrayish': [ '0.2.1' ],
46 silly audit   'is-bigint': [ '1.0.4' ],
46 silly audit   'is-binary-path': [ '2.1.0' ],
46 silly audit   'is-boolean-object': [ '1.1.2' ],
46 silly audit   'is-callable': [ '1.2.7' ],
46 silly audit   'is-ci': [ '3.0.1' ],
46 silly audit   'is-core-module': [ '2.13.1' ],
46 silly audit   'is-data-view': [ '1.0.1' ],
46 silly audit   'is-date-object': [ '1.0.5' ],
46 silly audit   'is-docker': [ '2.2.1' ],
46 silly audit   'is-expression': [ '4.0.0' ],
46 silly audit   'is-extglob': [ '2.1.1' ],
46 silly audit   'is-fullwidth-code-point': [ '3.0.0' ],
46 silly audit   'is-generator-fn': [ '2.1.0' ],
46 silly audit   'is-glob': [ '4.0.3' ],
46 silly audit   'is-installed-globally': [ '0.4.0' ],
46 silly audit   'is-lambda': [ '1.0.1' ],
46 silly audit   'is-negative-zero': [ '2.0.3' ],
46 silly audit   'is-npm': [ '6.0.0' ],
46 silly audit   'is-number': [ '7.0.0' ],
46 silly audit   'is-number-object': [ '1.0.7' ],
46 silly audit   'is-obj': [ '2.0.0' ],
46 silly audit   'is-path-inside': [ '3.0.3' ],
46 silly audit   'is-plain-object': [ '2.0.4' ],
46 silly audit   'is-promise': [ '2.2.2' ],
46 silly audit   'is-regex': [ '1.1.4' ],
46 silly audit   'is-shared-array-buffer': [ '1.0.3' ],
46 silly audit   'is-stream': [ '2.0.1' ],
46 silly audit   'is-string': [ '1.0.7' ],
46 silly audit   'is-symbol': [ '1.0.4' ],
46 silly audit   'is-typed-array': [ '1.1.13' ],
46 silly audit   'is-typedarray': [ '1.0.0' ],
46 silly audit   'is-weakref': [ '1.0.2' ],
46 silly audit   'is-yarn-global': [ '0.4.0' ],
46 silly audit   isarray: [ '2.0.5' ],
46 silly audit   isbinaryfile: [ '4.0.10' ],
46 silly audit   isexe: [ '2.0.0' ],
46 silly audit   isobject: [ '3.0.1' ],
46 silly audit   'istanbul-lib-coverage': [ '3.2.2' ],
46 silly audit   'istanbul-lib-report': [ '3.0.1' ],
46 silly audit   'istanbul-lib-source-maps': [ '4.0.1' ],
46 silly audit   'istanbul-reports': [ '3.1.7' ],
46 silly audit   jackspeak: [ '2.3.6' ],
46 silly audit   jest: [ '29.7.0' ],
46 silly audit   'jest-changed-files': [ '29.7.0' ],
46 silly audit   'jest-circus': [ '29.7.0' ],
46 silly audit   'jest-cli': [ '29.7.0' ],
46 silly audit   'jest-config': [ '29.7.0' ],
46 silly audit   'jest-diff': [ '29.7.0' ],
46 silly audit   'jest-docblock': [ '29.7.0' ],
46 silly audit   'jest-each': [ '29.7.0' ],
46 silly audit   'jest-environment-node': [ '29.7.0' ],
46 silly audit   'jest-get-type': [ '29.6.3' ],
46 silly audit   'jest-haste-map': [ '29.7.0' ],
46 silly audit   'jest-leak-detector': [ '29.7.0' ],
46 silly audit   'jest-matcher-utils': [ '29.7.0' ],
46 silly audit   'jest-message-util': [ '29.7.0' ],
46 silly audit   'jest-mock': [ '29.7.0' ],
46 silly audit   'jest-pnp-resolver': [ '1.2.3' ],
46 silly audit   'jest-regex-util': [ '29.6.3' ],
46 silly audit   'jest-resolve': [ '29.7.0' ],
46 silly audit   'jest-resolve-dependencies': [ '29.7.0' ],
46 silly audit   'jest-runner': [ '29.7.0' ],
46 silly audit   'jest-runtime': [ '29.7.0' ],
46 silly audit   'jest-snapshot': [ '29.7.0' ],
46 silly audit   'jest-util': [ '29.7.0' ],
46 silly audit   'jest-validate': [ '29.7.0' ],
46 silly audit   'jest-watcher': [ '29.7.0' ],
46 silly audit   'jest-worker': [ '29.7.0', '27.5.1' ],
46 silly audit   jju: [ '1.4.0' ],
46 silly audit   joycon: [ '3.1.1' ],
46 silly audit   jquery: [ '3.7.1' ],
46 silly audit   'js-beautify': [ '1.15.1' ],
46 silly audit   nopt: [ '7.2.0', '6.0.0', '5.0.0' ],
46 silly audit   'js-cookie': [ '3.0.5' ],
46 silly audit   'js-stringify': [ '1.0.2' ],
46 silly audit   'js-tokens': [ '4.0.0' ],
46 silly audit   jsesc: [ '2.5.2' ],
46 silly audit   'json-buffer': [ '3.0.1' ],
46 silly audit   'json-parse-even-better-errors': [ '2.3.1', '3.0.1' ],
46 silly audit   'json-parse-helpfulerror': [ '1.0.3' ],
46 silly audit   'json-schema-ref-resolver': [ '1.0.1' ],
46 silly audit   'json-stable-stringify-without-jsonify': [ '1.0.1' ],
46 silly audit   json5: [ '2.2.3', '1.0.2' ],
46 silly audit   jsonfile: [ '6.1.0' ],
46 silly audit   jsonlines: [ '0.1.1' ],
46 silly audit   jsonparse: [ '1.3.1' ],
46 silly audit   jstransformer: [ '1.0.0' ],
46 silly audit   'jstransformer-markdown-it': [ '3.0.0' ],
46 silly audit   keyv: [ '4.5.4' ],
46 silly audit   'kind-of': [ '6.0.3' ],
46 silly audit   kleur: [ '3.0.3', '4.1.5' ],
46 silly audit   'latest-version': [ '7.0.0' ],
46 silly audit   leven: [ '3.1.0' ],
46 silly audit   levn: [ '0.4.1' ],
46 silly audit   'light-my-request': [ '5.13.0' ],
46 silly audit   'lines-and-columns': [ '1.2.4' ],
46 silly audit   'linkify-it': [ '4.0.1' ],
46 silly audit   'loader-runner': [ '4.3.0' ],
46 silly audit   lodash: [ '4.17.21' ],
46 silly audit   'lodash.castarray': [ '4.4.0' ],
46 silly audit   'lodash.compact': [ '3.0.1' ],
46 silly audit   'lodash.isempty': [ '4.4.0' ],
46 silly audit   'lodash.merge': [ '4.6.2' ],
46 silly audit   yallist: [ '3.1.1', '4.0.0' ],
46 silly audit   'lru-queue': [ '0.1.0' ],
46 silly audit   'make-dir': [ '4.0.0' ],
46 silly audit   'make-fetch-happen': [ '11.1.1', '10.2.1', '9.1.0' ],
46 silly audit   'make-promises-safe': [ '5.1.0' ],
46 silly audit   makeerror: [ '1.0.12' ],
46 silly audit   'markdown-it': [ '13.0.2' ],
46 silly audit   mdurl: [ '1.0.1' ],
46 silly audit   'media-typer': [ '0.3.0' ],
46 silly audit   memoizee: [ '0.4.15' ],
46 silly audit   'merge-stream': [ '2.0.0' ],
46 silly audit   merge2: [ '1.4.1' ],
46 silly audit   micromatch: [ '4.0.5' ],
46 silly audit   mime: [ '3.0.0' ],
46 silly audit   'mime-db': [ '1.52.0' ],
46 silly audit   'mime-types': [ '2.1.35' ],
46 silly audit   'mimic-fn': [ '2.1.0' ],
46 silly audit   'mini-css-extract-plugin': [ '2.9.0' ],
46 silly audit   minimist: [ '1.2.6' ],
46 silly audit   'minipass-collect': [ '1.0.2' ],
46 silly audit   'minipass-fetch': [ '3.0.4', '2.1.2', '1.4.1' ],
46 silly audit   'minipass-flush': [ '1.0.5' ],
46 silly audit   'minipass-json-stream': [ '1.0.1' ],
46 silly audit   'minipass-pipeline': [ '1.2.4' ],
46 silly audit   'minipass-sized': [ '1.0.3' ],
46 silly audit   minizlib: [ '2.1.2' ],
46 silly audit   mkdirp: [ '1.0.4' ],
46 silly audit   'mkdirp-classic': [ '0.5.3' ],
46 silly audit   moment: [ '2.30.1' ],
46 silly audit   'moment-timezone': [ '0.5.45' ],
46 silly audit   mustache: [ '4.2.0' ],
46 silly audit   nanoid: [ '3.3.7' ],
46 silly audit   'napi-build-utils': [ '1.0.2' ],
46 silly audit   'natural-compare': [ '1.4.0' ],
46 silly audit   negotiator: [ '0.6.3' ],
46 silly audit   'neo-async': [ '2.6.2' ],
46 silly audit   'next-tick': [ '1.1.0' ],
46 silly audit   'node-abi': [ '3.60.0' ],
46 silly audit   'node-addon-api': [ '4.3.0', '7.1.0' ],
46 silly audit   'node-gyp': [ '9.4.1', '8.4.1' ],
46 silly audit   'node-gyp-build': [ '4.8.0' ],
46 silly audit   ssri: [ '9.0.1', '8.0.1', '10.0.5' ],
46 silly audit   'node-int64': [ '0.4.0' ],
46 silly audit   'node-releases': [ '2.0.14' ],
46 silly audit   'normalize-package-data': [ '5.0.0' ],
46 silly audit   'normalize-path': [ '3.0.0' ],
46 silly audit   'normalize-url': [ '6.1.0' ],
46 silly audit   'npm-bundled': [ '3.0.0' ],
46 silly audit   'npm-check-updates': [ '16.14.18' ],
46 silly audit   rimraf: [ '5.0.5', '3.0.2' ],
46 silly audit   'source-map-support': [ '0.5.21', '0.5.13' ],
46 silly audit   'strip-json-comments': [ '5.0.1', '2.0.1', '3.1.1' ],
46 silly audit   'npm-install-checks': [ '6.3.0' ],
46 silly audit   'npm-normalize-package-bin': [ '3.0.1' ],
46 silly audit   'npm-package-arg': [ '10.1.0' ],
46 silly audit   'npm-packlist': [ '7.0.4' ],
46 silly audit   'npm-pick-manifest': [ '8.0.2' ],
46 silly audit   'npm-registry-fetch': [ '14.0.5' ],
46 silly audit   'npm-run-path': [ '4.0.1' ],
46 silly audit   npmlog: [ '6.0.2' ],
46 silly audit   'object-assign': [ '4.1.1' ],
46 silly audit   'object-inspect': [ '1.13.1' ],
46 silly audit   'object-keys': [ '1.1.1' ],
46 silly audit   'object.assign': [ '4.1.5' ],
46 silly audit   'object.entries': [ '1.1.8' ],
46 silly audit   'object.fromentries': [ '2.0.8' ],
46 silly audit   'object.groupby': [ '1.0.3' ],
46 silly audit   'object.values': [ '1.2.0' ],
46 silly audit   objection: [ '3.1.4' ],
46 silly audit   'objection-unique': [ '1.2.2' ],
46 silly audit   'on-exit-leak-free': [ '2.1.2' ],
46 silly audit   once: [ '1.4.0' ],
46 silly audit   onetime: [ '5.1.2' ],
46 silly audit   optionator: [ '0.9.3' ],
46 silly audit   'p-cancelable': [ '3.0.0' ],
46 silly audit   'p-map': [ '4.0.0' ],
46 silly audit   'p-try': [ '2.2.0' ],
46 silly audit   'package-json': [ '8.1.0' ],
46 silly audit   pacote: [ '15.2.0' ],
46 silly audit   'parent-module': [ '1.0.1' ],
46 silly audit   'parse-github-url': [ '1.0.2' ],
46 silly audit   'parse-json': [ '5.2.0' ],
46 silly audit   'path-exists': [ '4.0.0', '3.0.0' ],
46 silly audit   'path-is-absolute': [ '1.0.1' ],
46 silly audit   'path-key': [ '3.1.1' ],
46 silly audit   'path-parse': [ '1.0.7' ],
46 silly audit   'path-scurry': [ '1.10.2' ],
46 silly audit   'path-to-regexp': [ '6.2.1' ],
46 silly audit   'path-type': [ '4.0.0' ],
46 silly audit   pg: [ '8.11.5' ],
46 silly audit   'pg-cloudflare': [ '1.1.1' ],
46 silly audit   'pg-int8': [ '1.0.1' ],
46 silly audit   'pg-pool': [ '3.6.2' ],
46 silly audit   'pg-protocol': [ '1.6.1' ],
46 silly audit   'pg-types': [ '2.2.0' ],
46 silly audit   pgpass: [ '1.0.5' ],
46 silly audit   split2: [ '4.2.0', '3.2.2' ],
46 silly audit   picocolors: [ '1.0.0' ],
46 silly audit   picomatch: [ '2.3.1' ],
46 silly audit   pino: [ '8.20.0' ],
46 silly audit   'pino-abstract-transport': [ '1.2.0' ],
46 silly audit   'pino-std-serializers': [ '6.2.2' ],
46 silly audit   pirates: [ '4.0.6' ],
46 silly audit   'pkg-dir': [ '4.2.0' ],
46 silly audit   'pkg-up': [ '3.1.0' ],
46 silly audit   'possible-typed-array-names': [ '1.0.0' ],
46 silly audit   postcss: [ '8.4.38' ],
46 silly audit   'postcss-modules-extract-imports': [ '3.1.0' ],
46 silly audit   'postcss-modules-local-by-default': [ '4.0.5' ],
46 silly audit   'postcss-modules-scope': [ '3.2.0' ],
46 silly audit   'postcss-modules-values': [ '4.0.0' ],
46 silly audit   'postcss-selector-parser': [ '6.0.16' ],
46 silly audit   'postcss-value-parser': [ '4.2.0' ],
46 silly audit   'postgres-array': [ '2.0.0' ],
46 silly audit   'postgres-bytea': [ '1.0.0' ],
46 silly audit   'postgres-date': [ '1.0.7' ],
46 silly audit   'postgres-interval': [ '1.2.0' ],
46 silly audit   'prebuild-install': [ '7.1.2' ],
46 silly audit   'prelude-ls': [ '1.2.1' ],
46 silly audit   'pretty-format': [ '29.7.0' ],
46 silly audit   'proc-log': [ '3.0.0' ],
46 silly audit   process: [ '0.11.10' ],
46 silly audit   'process-warning': [ '3.0.0' ],
46 silly audit   progress: [ '2.0.3' ],
46 silly audit   promise: [ '7.3.1' ],
46 silly audit   'promise-inflight': [ '1.0.1' ],
46 silly audit   'promise-retry': [ '2.0.1' ],
46 silly audit   prompts: [ '2.4.2' ],
46 silly audit   'prompts-ncu': [ '3.0.0' ],
46 silly audit   'proto-list': [ '1.2.4' ],
46 silly audit   'proxy-addr': [ '2.0.7' ],
46 silly audit   pug: [ '3.0.2' ],
46 silly audit   'pug-attrs': [ '3.0.0' ],
46 silly audit   'pug-code-gen': [ '3.0.2' ],
46 silly audit   'pug-error': [ '2.0.0' ],
46 silly audit   'pug-filters': [ '4.0.0' ],
46 silly audit   'pug-lexer': [ '5.0.1' ],
46 silly audit   'pug-linker': [ '4.0.0' ],
46 silly audit   'pug-load': [ '3.0.0' ],
46 silly audit   'pug-parser': [ '6.0.0' ],
46 silly audit   'pug-runtime': [ '3.0.1' ],
46 silly audit   'pug-strip-comments': [ '2.0.0' ],
46 silly audit   'pug-walk': [ '2.0.0' ],
46 silly audit   pump: [ '3.0.0' ],
46 silly audit   punycode: [ '2.1.1' ],
46 silly audit   pupa: [ '3.1.0' ],
46 silly audit   'pure-rand': [ '6.1.0' ],
46 silly audit   qs: [ '6.12.1' ],
46 silly audit   'queue-microtask': [ '1.2.3' ],
46 silly audit   'quick-format-unescaped': [ '4.0.4' ],
46 silly audit   'quick-lru': [ '5.1.1' ],
46 silly audit   randombytes: [ '2.1.0' ],
46 silly audit   rc: [ '1.2.8' ],
46 silly audit   'rc-config-loader': [ '4.1.3' ],
46 silly audit   'react-is': [ '18.2.0' ],
46 silly audit   'read-package-json': [ '6.0.4' ],
46 silly audit   'read-package-json-fast': [ '3.0.2' ],
46 silly audit   readdirp: [ '3.6.0' ],
46 silly audit   'real-require': [ '0.2.0' ],
46 silly audit   rechoir: [ '0.8.0' ],
46 silly audit   'regenerator-runtime': [ '0.14.1' ],
46 silly audit   'regexp.prototype.flags': [ '1.5.2' ],
46 silly audit   'registry-auth-token': [ '5.0.1' ],
46 silly audit   'registry-url': [ '6.0.1' ],
46 silly audit   'remote-git-tags': [ '3.0.0' ],
46 silly audit   'require-directory': [ '2.1.1' ],
46 silly audit   'require-from-string': [ '2.0.2' ],
46 silly audit   resolve: [ '1.22.8' ],
46 silly audit   'resolve-alpn': [ '1.2.1' ],
46 silly audit   'resolve-cwd': [ '3.0.0' ],
46 silly audit   'resolve.exports': [ '2.0.2' ],
46 silly audit   responselike: [ '2.0.1' ],
46 silly audit   ret: [ '0.2.2' ],
46 silly audit   retry: [ '0.12.0' ],
46 silly audit   'retry-as-promised': [ '7.0.4' ],
46 silly audit   reusify: [ '1.0.4' ],
46 silly audit   rfdc: [ '1.3.1' ],
46 silly audit   'run-parallel': [ '1.2.0' ],
46 silly audit   rxjs: [ '7.8.1' ],
46 silly audit   'safe-array-concat': [ '1.1.2' ],
46 silly audit   'safe-buffer': [ '5.2.1' ],
46 silly audit   'safe-regex-test': [ '1.0.3' ],
46 silly audit   'safe-regex2': [ '2.0.0' ],
46 silly audit   'safe-stable-stringify': [ '2.4.3' ],
46 silly audit   'safer-buffer': [ '2.1.2' ],
46 silly audit   'schema-utils': [ '4.0.0', '3.3.0' ],
46 silly audit   'secure-json-parse': [ '2.7.0' ],
46 silly audit   'semver-diff': [ '4.0.0' ],
46 silly audit   'semver-utils': [ '1.1.4' ],
46 silly audit   sequelize: [ '6.37.3' ],
46 silly audit   'sequelize-cli': [ '6.6.2' ],
46 silly audit   yargs: [ '16.2.0', '17.7.2' ],
46 silly audit   'yargs-parser': [ '20.2.9', '21.1.1' ],
46 silly audit   'sequelize-pool': [ '7.1.0' ],
46 silly audit   'serialize-javascript': [ '6.0.2' ],
46 silly audit   'set-blocking': [ '2.0.0' ],
46 silly audit   'set-cookie-parser': [ '2.6.0' ],
46 silly audit   'set-function-length': [ '1.2.2' ],
46 silly audit   'set-function-name': [ '2.0.2' ],
46 silly audit   setprototypeof: [ '1.2.0' ],
46 silly audit   'shallow-clone': [ '3.0.1' ],
46 silly audit   'shebang-command': [ '2.0.0' ],
46 silly audit   'shebang-regex': [ '3.0.0' ],
46 silly audit   'shell-quote': [ '1.8.1' ],
46 silly audit   'side-channel': [ '1.0.6' ],
46 silly audit   sigstore: [ '1.9.0' ],
46 silly audit   'simple-concat': [ '1.0.1' ],
46 silly audit   'simple-get': [ '4.0.1' ],
46 silly audit   sisteransi: [ '1.0.5' ],
46 silly audit   slash: [ '3.0.0' ],
46 silly audit   'smart-buffer': [ '4.2.0' ],
46 silly audit   socks: [ '2.7.0' ],
46 silly audit   'socks-proxy-agent': [ '7.0.0', '6.2.1' ],
46 silly audit   'sodium-native': [ '4.1.1' ],
46 silly audit   'sonic-boom': [ '3.8.1' ],
46 silly audit   'source-map': [ '0.6.1' ],
46 silly audit   'source-map-js': [ '1.2.0' ],
46 silly audit   'spawn-command': [ '0.0.2' ],
46 silly audit   'spawn-please': [ '2.0.2' ],
46 silly audit   'spdx-correct': [ '3.2.0' ],
46 silly audit   'spdx-exceptions': [ '2.5.0' ],
46 silly audit   'spdx-expression-parse': [ '3.0.1' ],
46 silly audit   'spdx-license-ids': [ '3.0.17' ],
46 silly audit   'sprintf-js': [ '1.0.3' ],
46 silly audit   sqlite3: [ '5.1.7' ],
46 silly audit   'stack-trace': [ '0.0.10' ],
46 silly audit   'stack-utils': [ '2.0.6' ],
46 silly audit   statuses: [ '2.0.1' ],
46 silly audit   string_decoder: [ '1.3.0' ],
46 silly audit   'string-length': [ '4.0.2' ],
46 silly audit   'string.prototype.trim': [ '1.2.9' ],
46 silly audit   'string.prototype.trimend': [ '1.0.8' ],
46 silly audit   'string.prototype.trimstart': [ '1.0.8' ],
46 silly audit   'strip-bom': [ '4.0.0', '3.0.0' ],
46 silly audit   'strip-final-newline': [ '2.0.0' ],
46 silly audit   'style-loader': [ '4.0.0' ],
46 silly audit   'supports-preserve-symlinks-flag': [ '1.0.0' ],
46 silly audit   tapable: [ '2.2.1' ],
46 silly audit   tar: [ '6.1.11' ],
46 silly audit   'tar-fs': [ '2.1.1' ],
46 silly audit   'tar-stream': [ '2.2.0' ],
46 silly audit   tarn: [ '3.0.2' ],
46 silly audit   terser: [ '5.30.4' ],
46 silly audit   'terser-webpack-plugin': [ '5.3.10' ],
46 silly audit   'test-exclude': [ '6.0.0' ],
46 silly audit   'text-table': [ '0.2.0' ],
46 silly audit   'thread-stream': [ '2.6.0' ],
46 silly audit   tildify: [ '2.0.0' ],
46 silly audit   'timers-ext': [ '0.1.7' ],
46 silly audit   tmpl: [ '1.0.5' ],
46 silly audit   'to-fast-properties': [ '2.0.0' ],
46 silly audit   'to-regex-range': [ '5.0.1' ],
46 silly audit   'toad-cache': [ '3.7.0' ],
46 silly audit   toidentifier: [ '1.0.1' ],
46 silly audit   'token-stream': [ '1.0.0' ],
46 silly audit   'toposort-class': [ '1.0.1' ],
46 silly audit   'tree-kill': [ '1.2.2' ],
46 silly audit   'tsconfig-paths': [ '3.15.0' ],
46 silly audit   tslib: [ '2.6.2' ],
46 silly audit   'tuf-js': [ '1.1.7' ],
46 silly audit   'tunnel-agent': [ '0.6.0' ],
46 silly audit   type: [ '2.7.2' ],
46 silly audit   'type-check': [ '0.4.0' ],
46 silly audit   'type-detect': [ '4.0.8' ],
46 silly audit   'type-is': [ '1.6.18' ],
46 silly audit   'typed-array-buffer': [ '1.0.2' ],
46 silly audit   'typed-array-byte-length': [ '1.0.1' ],
46 silly audit   'typed-array-byte-offset': [ '1.0.2' ],
46 silly audit   'typed-array-length': [ '1.0.6' ],
46 silly audit   'typedarray-to-buffer': [ '3.1.5' ],
46 silly audit   'uc.micro': [ '1.0.6' ],
46 silly audit   umzug: [ '2.3.0' ],
46 silly audit   'unbox-primitive': [ '1.0.2' ],
46 silly audit   'undici-types': [ '5.26.5' ],
46 silly audit   'unique-string': [ '3.0.0' ],
46 silly audit   universalify: [ '2.0.1' ],
46 silly audit   untildify: [ '4.0.0' ],
46 silly audit   'update-browserslist-db': [ '1.0.13' ],
46 silly audit   'update-notifier': [ '6.0.2' ],
46 silly audit   'uri-js': [ '4.4.1' ],
46 silly audit   'util-deprecate': [ '1.0.2' ],
46 silly audit   uuid: [ '8.3.2' ],
46 silly audit   'v8-to-istanbul': [ '9.2.0' ],
46 silly audit   'validate-npm-package-license': [ '3.0.4' ],
46 silly audit   'validate-npm-package-name': [ '5.0.0' ],
46 silly audit   validator: [ '13.11.0' ],
46 silly audit   vary: [ '1.1.2' ],
46 silly audit   'void-elements': [ '3.1.0' ],
46 silly audit   walker: [ '1.0.8' ],
46 silly audit   watchpack: [ '2.4.1' ],
46 silly audit   webpack: [ '5.91.0' ],
46 silly audit   'webpack-cli': [ '5.1.4' ],
46 silly audit   'webpack-merge': [ '5.8.0' ],
46 silly audit   'webpack-sources': [ '3.2.3' ],
46 silly audit   'which-boxed-primitive': [ '1.0.2' ],
46 silly audit   'which-typed-array': [ '1.1.15' ],
46 silly audit   'wide-align': [ '1.1.5' ],
46 silly audit   'widest-line': [ '4.0.1' ],
46 silly audit   wildcard: [ '2.0.0' ],
46 silly audit   with: [ '7.0.2' ],
46 silly audit   wkx: [ '0.5.0' ],
46 silly audit   wrappy: [ '1.0.2' ],
46 silly audit   'xdg-basedir': [ '5.1.0' ],
46 silly audit   xtend: [ '4.0.2' ],
46 silly audit   y18n: [ '5.0.8' ],
46 silly audit   'yocto-queue': [ '0.1.0' ],
46 silly audit   youch: [ '2.2.2' ]
46 silly audit }
47 verbose reify failed optional dependency /root/node_modules/fsevents
48 silly reify mark deleted [ '/root/node_modules/fsevents' ]
49 timing reifyNode:node_modules/fsevents Completed in 114ms
50 silly tarball no local data for yocto-queue@https://registry.npmjs.org/yocto-queue/-/yocto-queue-0.1.0.tgz. Extracting by manifest.
51 silly tarball no local data for yargs@https://registry.npmjs.org/yargs/-/yargs-17.7.2.tgz. Extracting by manifest.
52 silly tarball no local data for youch@https://registry.npmjs.org/youch/-/youch-2.2.2.tgz. Extracting by manifest.
53 silly tarball no local data for yallist@https://registry.npmjs.org/yallist/-/yallist-4.0.0.tgz. Extracting by manifest.
54 silly tarball no local data for yargs-parser@https://registry.npmjs.org/yargs-parser/-/yargs-parser-21.1.1.tgz. Extracting by manifest.
55 silly tarball no local data for xdg-basedir@https://registry.npmjs.org/xdg-basedir/-/xdg-basedir-5.1.0.tgz. Extracting by manifest.
56 silly tarball no local data for y18n@https://registry.npmjs.org/y18n/-/y18n-5.0.8.tgz. Extracting by manifest.
57 silly tarball no local data for xtend@https://registry.npmjs.org/xtend/-/xtend-4.0.2.tgz. Extracting by manifest.
58 silly tarball no local data for write-file-atomic@https://registry.npmjs.org/write-file-atomic/-/write-file-atomic-4.0.2.tgz. Extracting by manifest.
59 silly tarball no local data for wrappy@https://registry.npmjs.org/wrappy/-/wrappy-1.0.2.tgz. Extracting by manifest.
60 silly tarball no local data for wrap-ansi-cjs@https://registry.npmjs.org/wrap-ansi/-/wrap-ansi-7.0.0.tgz. Extracting by manifest.
61 silly tarball no local data for wrap-ansi@https://registry.npmjs.org/wrap-ansi/-/wrap-ansi-8.1.0.tgz. Extracting by manifest.
62 silly tarball no local data for wkx@https://registry.npmjs.org/wkx/-/wkx-0.5.0.tgz. Extracting by manifest.
63 silly tarball no local data for with@https://registry.npmjs.org/with/-/with-7.0.2.tgz. Extracting by manifest.
64 silly tarball no local data for wildcard@https://registry.npmjs.org/wildcard/-/wildcard-2.0.0.tgz. Extracting by manifest.
65 silly tarball no local data for widest-line@https://registry.npmjs.org/widest-line/-/widest-line-4.0.1.tgz. Extracting by manifest.
66 silly tarball no local data for which-typed-array@https://registry.npmjs.org/which-typed-array/-/which-typed-array-1.1.15.tgz. Extracting by manifest.
67 silly tarball no local data for which@https://registry.npmjs.org/which/-/which-2.0.2.tgz. Extracting by manifest.
68 silly tarball no local data for which-boxed-primitive@https://registry.npmjs.org/which-boxed-primitive/-/which-boxed-primitive-1.0.2.tgz. Extracting by manifest.
69 silly tarball no local data for webpack-sources@https://registry.npmjs.org/webpack-sources/-/webpack-sources-3.2.3.tgz. Extracting by manifest.
70 silly tarball no local data for webpack-merge@https://registry.npmjs.org/webpack-merge/-/webpack-merge-5.8.0.tgz. Extracting by manifest.
71 silly tarball no local data for wide-align@https://registry.npmjs.org/wide-align/-/wide-align-1.1.5.tgz. Extracting by manifest.
72 silly tarball no local data for webpack-cli@https://registry.npmjs.org/webpack-cli/-/webpack-cli-5.1.4.tgz. Extracting by manifest.
73 silly tarball no local data for watchpack@https://registry.npmjs.org/watchpack/-/watchpack-2.4.1.tgz. Extracting by manifest.
74 silly tarball no local data for void-elements@https://registry.npmjs.org/void-elements/-/void-elements-3.1.0.tgz. Extracting by manifest.
75 silly tarball no local data for webpack@https://registry.npmjs.org/webpack/-/webpack-5.91.0.tgz. Extracting by manifest.
76 silly tarball no local data for walker@https://registry.npmjs.org/walker/-/walker-1.0.8.tgz. Extracting by manifest.
77 silly tarball no local data for vary@https://registry.npmjs.org/vary/-/vary-1.1.2.tgz. Extracting by manifest.
78 silly tarball no local data for validator@https://registry.npmjs.org/validator/-/validator-13.11.0.tgz. Extracting by manifest.
79 silly tarball no local data for validate-npm-package-name@https://registry.npmjs.org/validate-npm-package-name/-/validate-npm-package-name-5.0.0.tgz. Extracting by manifest.
80 silly tarball no local data for validate-npm-package-license@https://registry.npmjs.org/validate-npm-package-license/-/validate-npm-package-license-3.0.4.tgz. Extracting by manifest.
81 silly tarball no local data for v8-to-istanbul@https://registry.npmjs.org/v8-to-istanbul/-/v8-to-istanbul-9.2.0.tgz. Extracting by manifest.
82 silly tarball no local data for uuid@https://registry.npmjs.org/uuid/-/uuid-8.3.2.tgz. Extracting by manifest.
83 silly tarball no local data for util-deprecate@https://registry.npmjs.org/util-deprecate/-/util-deprecate-1.0.2.tgz. Extracting by manifest.
84 silly tarball no local data for uri-js@https://registry.npmjs.org/uri-js/-/uri-js-4.4.1.tgz. Extracting by manifest.
85 silly tarball no local data for update-browserslist-db@https://registry.npmjs.org/update-browserslist-db/-/update-browserslist-db-1.0.13.tgz. Extracting by manifest.
86 silly tarball no local data for update-notifier@https://registry.npmjs.org/update-notifier/-/update-notifier-6.0.2.tgz. Extracting by manifest.
87 silly tarball no local data for universalify@https://registry.npmjs.org/universalify/-/universalify-2.0.1.tgz. Extracting by manifest.
88 silly tarball no local data for unique-string@https://registry.npmjs.org/unique-string/-/unique-string-3.0.0.tgz. Extracting by manifest.
89 silly tarball no local data for untildify@https://registry.npmjs.org/untildify/-/untildify-4.0.0.tgz. Extracting by manifest.
90 silly tarball no local data for unique-slug@https://registry.npmjs.org/unique-slug/-/unique-slug-2.0.2.tgz. Extracting by manifest.
91 silly tarball no local data for unique-filename@https://registry.npmjs.org/unique-filename/-/unique-filename-1.1.1.tgz. Extracting by manifest.
92 silly tarball no local data for undici-types@https://registry.npmjs.org/undici-types/-/undici-types-5.26.5.tgz. Extracting by manifest.
93 silly tarball no local data for unbox-primitive@https://registry.npmjs.org/unbox-primitive/-/unbox-primitive-1.0.2.tgz. Extracting by manifest.
94 silly tarball no local data for uc.micro@https://registry.npmjs.org/uc.micro/-/uc.micro-1.0.6.tgz. Extracting by manifest.
95 silly tarball no local data for typedarray-to-buffer@https://registry.npmjs.org/typedarray-to-buffer/-/typedarray-to-buffer-3.1.5.tgz. Extracting by manifest.
96 silly tarball no local data for umzug@https://registry.npmjs.org/umzug/-/umzug-2.3.0.tgz. Extracting by manifest.
97 silly tarball no local data for typed-array-length@https://registry.npmjs.org/typed-array-length/-/typed-array-length-1.0.6.tgz. Extracting by manifest.
98 silly tarball no local data for typed-array-byte-offset@https://registry.npmjs.org/typed-array-byte-offset/-/typed-array-byte-offset-1.0.2.tgz. Extracting by manifest.
99 silly tarball no local data for typed-array-byte-length@https://registry.npmjs.org/typed-array-byte-length/-/typed-array-byte-length-1.0.1.tgz. Extracting by manifest.
100 silly tarball no local data for typed-array-buffer@https://registry.npmjs.org/typed-array-buffer/-/typed-array-buffer-1.0.2.tgz. Extracting by manifest.
101 silly tarball no local data for type-fest@https://registry.npmjs.org/type-fest/-/type-fest-0.20.2.tgz. Extracting by manifest.
102 silly tarball no local data for type-is@https://registry.npmjs.org/type-is/-/type-is-1.6.18.tgz. Extracting by manifest.
103 silly tarball no local data for type-detect@https://registry.npmjs.org/type-detect/-/type-detect-4.0.8.tgz. Extracting by manifest.
104 silly tarball no local data for type@https://registry.npmjs.org/type/-/type-2.7.2.tgz. Extracting by manifest.
105 silly tarball no local data for type-check@https://registry.npmjs.org/type-check/-/type-check-0.4.0.tgz. Extracting by manifest.
106 silly tarball no local data for tunnel-agent@https://registry.npmjs.org/tunnel-agent/-/tunnel-agent-0.6.0.tgz. Extracting by manifest.
107 silly tarball no local data for tuf-js@https://registry.npmjs.org/tuf-js/-/tuf-js-1.1.7.tgz. Extracting by manifest.
108 silly tarball no local data for tslib@https://registry.npmjs.org/tslib/-/tslib-2.6.2.tgz. Extracting by manifest.
109 silly tarball no local data for tsconfig-paths@https://registry.npmjs.org/tsconfig-paths/-/tsconfig-paths-3.15.0.tgz. Extracting by manifest.
110 silly tarball no local data for toposort-class@https://registry.npmjs.org/toposort-class/-/toposort-class-1.0.1.tgz. Extracting by manifest.
111 silly tarball no local data for tree-kill@https://registry.npmjs.org/tree-kill/-/tree-kill-1.2.2.tgz. Extracting by manifest.
112 silly tarball no local data for token-stream@https://registry.npmjs.org/token-stream/-/token-stream-1.0.0.tgz. Extracting by manifest.
113 silly tarball no local data for toad-cache@https://registry.npmjs.org/toad-cache/-/toad-cache-3.7.0.tgz. Extracting by manifest.
114 silly tarball no local data for toidentifier@https://registry.npmjs.org/toidentifier/-/toidentifier-1.0.1.tgz. Extracting by manifest.
115 silly tarball no local data for to-regex-range@https://registry.npmjs.org/to-regex-range/-/to-regex-range-5.0.1.tgz. Extracting by manifest.
116 silly tarball no local data for to-fast-properties@https://registry.npmjs.org/to-fast-properties/-/to-fast-properties-2.0.0.tgz. Extracting by manifest.
117 silly tarball no local data for tmpl@https://registry.npmjs.org/tmpl/-/tmpl-1.0.5.tgz. Extracting by manifest.
118 silly tarball no local data for timers-ext@https://registry.npmjs.org/timers-ext/-/timers-ext-0.1.7.tgz. Extracting by manifest.
119 silly tarball no local data for tildify@https://registry.npmjs.org/tildify/-/tildify-2.0.0.tgz. Extracting by manifest.
120 silly tarball no local data for thread-stream@https://registry.npmjs.org/thread-stream/-/thread-stream-2.6.0.tgz. Extracting by manifest.
121 silly tarball no local data for text-table@https://registry.npmjs.org/text-table/-/text-table-0.2.0.tgz. Extracting by manifest.
122 silly tarball no local data for test-exclude@https://registry.npmjs.org/test-exclude/-/test-exclude-6.0.0.tgz. Extracting by manifest.
123 silly tarball no local data for terser@https://registry.npmjs.org/terser/-/terser-5.30.4.tgz. Extracting by manifest.
124 silly tarball no local data for terser-webpack-plugin@https://registry.npmjs.org/terser-webpack-plugin/-/terser-webpack-plugin-5.3.10.tgz. Extracting by manifest.
125 silly tarball no local data for tarn@https://registry.npmjs.org/tarn/-/tarn-3.0.2.tgz. Extracting by manifest.
126 silly tarball no local data for tar-fs@https://registry.npmjs.org/tar-fs/-/tar-fs-2.1.1.tgz. Extracting by manifest.
127 silly tarball no local data for tar-stream@https://registry.npmjs.org/tar-stream/-/tar-stream-2.2.0.tgz. Extracting by manifest.
128 silly tarball no local data for tapable@https://registry.npmjs.org/tapable/-/tapable-2.2.1.tgz. Extracting by manifest.
129 silly tarball no local data for tar@https://registry.npmjs.org/tar/-/tar-6.1.11.tgz. Extracting by manifest.
130 silly tarball no local data for supports-preserve-symlinks-flag@https://registry.npmjs.org/supports-preserve-symlinks-flag/-/supports-preserve-symlinks-flag-1.0.0.tgz. Extracting by manifest.
131 silly tarball no local data for supports-color@https://registry.npmjs.org/supports-color/-/supports-color-7.2.0.tgz. Extracting by manifest.
132 silly tarball no local data for style-loader@https://registry.npmjs.org/style-loader/-/style-loader-4.0.0.tgz. Extracting by manifest.
133 silly tarball no local data for strip-json-comments@https://registry.npmjs.org/strip-json-comments/-/strip-json-comments-3.1.1.tgz. Extracting by manifest.
134 silly tarball no local data for strip-final-newline@https://registry.npmjs.org/strip-final-newline/-/strip-final-newline-2.0.0.tgz. Extracting by manifest.
135 silly tarball no local data for strip-bom@https://registry.npmjs.org/strip-bom/-/strip-bom-4.0.0.tgz. Extracting by manifest.
136 silly tarball no local data for strip-ansi-cjs@https://registry.npmjs.org/strip-ansi/-/strip-ansi-6.0.1.tgz. Extracting by manifest.
137 silly tarball no local data for string.prototype.trimstart@https://registry.npmjs.org/string.prototype.trimstart/-/string.prototype.trimstart-1.0.8.tgz. Extracting by manifest.
138 silly tarball no local data for strip-ansi@https://registry.npmjs.org/strip-ansi/-/strip-ansi-6.0.1.tgz. Extracting by manifest.
139 silly tarball no local data for string.prototype.trimend@https://registry.npmjs.org/string.prototype.trimend/-/string.prototype.trimend-1.0.8.tgz. Extracting by manifest.
140 silly tarball no local data for string-width-cjs@https://registry.npmjs.org/string-width/-/string-width-4.2.3.tgz. Extracting by manifest.
141 silly tarball no local data for string-width@https://registry.npmjs.org/string-width/-/string-width-4.2.3.tgz. Extracting by manifest.
142 silly tarball no local data for string.prototype.trim@https://registry.npmjs.org/string.prototype.trim/-/string.prototype.trim-1.2.9.tgz. Extracting by manifest.
143 silly tarball no local data for string-length@https://registry.npmjs.org/string-length/-/string-length-4.0.2.tgz. Extracting by manifest.
144 silly tarball no local data for string_decoder@https://registry.npmjs.org/string_decoder/-/string_decoder-1.3.0.tgz. Extracting by manifest.
145 silly tarball no local data for statuses@https://registry.npmjs.org/statuses/-/statuses-2.0.1.tgz. Extracting by manifest.
146 silly tarball no local data for stack-utils@https://registry.npmjs.org/stack-utils/-/stack-utils-2.0.6.tgz. Extracting by manifest.
147 silly tarball no local data for stack-trace@https://registry.npmjs.org/stack-trace/-/stack-trace-0.0.10.tgz. Extracting by manifest.
148 silly tarball no local data for ssri@https://registry.npmjs.org/ssri/-/ssri-10.0.5.tgz. Extracting by manifest.
149 silly tarball no local data for sqlite3@https://registry.npmjs.org/sqlite3/-/sqlite3-5.1.7.tgz. Extracting by manifest.
150 silly tarball no local data for sprintf-js@https://registry.npmjs.org/sprintf-js/-/sprintf-js-1.0.3.tgz. Extracting by manifest.
151 silly tarball no local data for spdx-license-ids@https://registry.npmjs.org/spdx-license-ids/-/spdx-license-ids-3.0.17.tgz. Extracting by manifest.
152 silly tarball no local data for spdx-expression-parse@https://registry.npmjs.org/spdx-expression-parse/-/spdx-expression-parse-3.0.1.tgz. Extracting by manifest.
153 silly tarball no local data for split2@https://registry.npmjs.org/split2/-/split2-3.2.2.tgz. Extracting by manifest.
154 silly tarball no local data for spdx-exceptions@https://registry.npmjs.org/spdx-exceptions/-/spdx-exceptions-2.5.0.tgz. Extracting by manifest.
155 silly tarball no local data for spdx-correct@https://registry.npmjs.org/spdx-correct/-/spdx-correct-3.2.0.tgz. Extracting by manifest.
156 silly tarball no local data for spawn-please@https://registry.npmjs.org/spawn-please/-/spawn-please-2.0.2.tgz. Extracting by manifest.
157 silly tarball no local data for spawn-command@https://registry.npmjs.org/spawn-command/-/spawn-command-0.0.2.tgz. Extracting by manifest.
158 silly tarball no local data for source-map-support@https://registry.npmjs.org/source-map-support/-/source-map-support-0.5.13.tgz. Extracting by manifest.
159 silly tarball no local data for source-map-js@https://registry.npmjs.org/source-map-js/-/source-map-js-1.2.0.tgz. Extracting by manifest.
160 silly tarball no local data for source-map@https://registry.npmjs.org/source-map/-/source-map-0.6.1.tgz. Extracting by manifest.
161 silly tarball no local data for sonic-boom@https://registry.npmjs.org/sonic-boom/-/sonic-boom-3.8.1.tgz. Extracting by manifest.
162 silly tarball no local data for socks-proxy-agent@https://registry.npmjs.org/socks-proxy-agent/-/socks-proxy-agent-7.0.0.tgz. Extracting by manifest.
163 silly tarball no local data for sodium-native@https://registry.npmjs.org/sodium-native/-/sodium-native-4.1.1.tgz. Extracting by manifest.
164 silly tarball no local data for socks@https://registry.npmjs.org/socks/-/socks-2.7.0.tgz. Extracting by manifest.
165 silly tarball no local data for smart-buffer@https://registry.npmjs.org/smart-buffer/-/smart-buffer-4.2.0.tgz. Extracting by manifest.
166 silly tarball no local data for simple-get@https://registry.npmjs.org/simple-get/-/simple-get-4.0.1.tgz. Extracting by manifest.
167 silly tarball no local data for slash@https://registry.npmjs.org/slash/-/slash-3.0.0.tgz. Extracting by manifest.
168 silly tarball no local data for sisteransi@https://registry.npmjs.org/sisteransi/-/sisteransi-1.0.5.tgz. Extracting by manifest.
169 silly tarball no local data for sigstore@https://registry.npmjs.org/sigstore/-/sigstore-1.9.0.tgz. Extracting by manifest.
170 silly tarball no local data for signal-exit@https://registry.npmjs.org/signal-exit/-/signal-exit-3.0.7.tgz. Extracting by manifest.
171 silly tarball no local data for simple-concat@https://registry.npmjs.org/simple-concat/-/simple-concat-1.0.1.tgz. Extracting by manifest.
172 silly tarball no local data for side-channel@https://registry.npmjs.org/side-channel/-/side-channel-1.0.6.tgz. Extracting by manifest.
173 silly tarball no local data for shell-quote@https://registry.npmjs.org/shell-quote/-/shell-quote-1.8.1.tgz. Extracting by manifest.
174 silly tarball no local data for shebang-regex@https://registry.npmjs.org/shebang-regex/-/shebang-regex-3.0.0.tgz. Extracting by manifest.
175 silly tarball no local data for shebang-command@https://registry.npmjs.org/shebang-command/-/shebang-command-2.0.0.tgz. Extracting by manifest.
176 silly tarball no local data for shallow-clone@https://registry.npmjs.org/shallow-clone/-/shallow-clone-3.0.1.tgz. Extracting by manifest.
177 silly tarball no local data for setprototypeof@https://registry.npmjs.org/setprototypeof/-/setprototypeof-1.2.0.tgz. Extracting by manifest.
178 silly tarball no local data for set-function-name@https://registry.npmjs.org/set-function-name/-/set-function-name-2.0.2.tgz. Extracting by manifest.
179 silly tarball no local data for set-function-length@https://registry.npmjs.org/set-function-length/-/set-function-length-1.2.2.tgz. Extracting by manifest.
180 silly tarball no local data for set-blocking@https://registry.npmjs.org/set-blocking/-/set-blocking-2.0.0.tgz. Extracting by manifest.
181 silly tarball no local data for serialize-javascript@https://registry.npmjs.org/serialize-javascript/-/serialize-javascript-6.0.2.tgz. Extracting by manifest.
182 silly tarball no local data for set-cookie-parser@https://registry.npmjs.org/set-cookie-parser/-/set-cookie-parser-2.6.0.tgz. Extracting by manifest.
183 silly tarball no local data for sequelize-pool@https://registry.npmjs.org/sequelize-pool/-/sequelize-pool-7.1.0.tgz. Extracting by manifest.
184 silly tarball no local data for sequelize-cli@https://registry.npmjs.org/sequelize-cli/-/sequelize-cli-6.6.2.tgz. Extracting by manifest.
185 silly tarball no local data for sequelize@https://registry.npmjs.org/sequelize/-/sequelize-6.37.3.tgz. Extracting by manifest.
186 silly tarball no local data for semver@https://registry.npmjs.org/semver/-/semver-7.6.0.tgz. Extracting by manifest.
187 silly tarball no local data for semver-utils@https://registry.npmjs.org/semver-utils/-/semver-utils-1.1.4.tgz. Extracting by manifest.
188 silly tarball no local data for secure-json-parse@https://registry.npmjs.org/secure-json-parse/-/secure-json-parse-2.7.0.tgz. Extracting by manifest.
189 silly tarball no local data for semver-diff@https://registry.npmjs.org/semver-diff/-/semver-diff-4.0.0.tgz. Extracting by manifest.
190 silly tarball no local data for schema-utils@https://registry.npmjs.org/schema-utils/-/schema-utils-4.0.0.tgz. Extracting by manifest.
191 silly tarball no local data for safe-stable-stringify@https://registry.npmjs.org/safe-stable-stringify/-/safe-stable-stringify-2.4.3.tgz. Extracting by manifest.
192 silly tarball no local data for safe-regex2@https://registry.npmjs.org/safe-regex2/-/safe-regex2-2.0.0.tgz. Extracting by manifest.
193 silly tarball no local data for safer-buffer@https://registry.npmjs.org/safer-buffer/-/safer-buffer-2.1.2.tgz. Extracting by manifest.
194 silly tarball no local data for safe-regex-test@https://registry.npmjs.org/safe-regex-test/-/safe-regex-test-1.0.3.tgz. Extracting by manifest.
195 silly tarball no local data for safe-buffer@https://registry.npmjs.org/safe-buffer/-/safe-buffer-5.2.1.tgz. Extracting by manifest.
196 silly tarball no local data for safe-array-concat@https://registry.npmjs.org/safe-array-concat/-/safe-array-concat-1.1.2.tgz. Extracting by manifest.
197 silly tarball no local data for run-parallel@https://registry.npmjs.org/run-parallel/-/run-parallel-1.2.0.tgz. Extracting by manifest.
198 silly tarball no local data for rxjs@https://registry.npmjs.org/rxjs/-/rxjs-7.8.1.tgz. Extracting by manifest.
199 silly tarball no local data for rimraf@https://registry.npmjs.org/rimraf/-/rimraf-3.0.2.tgz. Extracting by manifest.
200 silly tarball no local data for reusify@https://registry.npmjs.org/reusify/-/reusify-1.0.4.tgz. Extracting by manifest.
201 silly tarball no local data for rfdc@https://registry.npmjs.org/rfdc/-/rfdc-1.3.1.tgz. Extracting by manifest.
202 silly tarball no local data for retry@https://registry.npmjs.org/retry/-/retry-0.12.0.tgz. Extracting by manifest.
203 silly tarball no local data for retry-as-promised@https://registry.npmjs.org/retry-as-promised/-/retry-as-promised-7.0.4.tgz. Extracting by manifest.
204 silly tarball no local data for ret@https://registry.npmjs.org/ret/-/ret-0.2.2.tgz. Extracting by manifest.
205 silly tarball no local data for resolve-from@https://registry.npmjs.org/resolve-from/-/resolve-from-5.0.0.tgz. Extracting by manifest.
206 silly tarball no local data for responselike@https://registry.npmjs.org/responselike/-/responselike-2.0.1.tgz. Extracting by manifest.
207 silly tarball no local data for resolve-cwd@https://registry.npmjs.org/resolve-cwd/-/resolve-cwd-3.0.0.tgz. Extracting by manifest.
208 silly tarball no local data for resolve.exports@https://registry.npmjs.org/resolve.exports/-/resolve.exports-2.0.2.tgz. Extracting by manifest.
209 silly tarball no local data for resolve-alpn@https://registry.npmjs.org/resolve-alpn/-/resolve-alpn-1.2.1.tgz. Extracting by manifest.
210 silly tarball no local data for resolve@https://registry.npmjs.org/resolve/-/resolve-1.22.8.tgz. Extracting by manifest.
211 silly tarball no local data for require-directory@https://registry.npmjs.org/require-directory/-/require-directory-2.1.1.tgz. Extracting by manifest.
212 silly tarball no local data for require-from-string@https://registry.npmjs.org/require-from-string/-/require-from-string-2.0.2.tgz. Extracting by manifest.
213 silly tarball no local data for remote-git-tags@https://registry.npmjs.org/remote-git-tags/-/remote-git-tags-3.0.0.tgz. Extracting by manifest.
214 silly tarball no local data for registry-url@https://registry.npmjs.org/registry-url/-/registry-url-6.0.1.tgz. Extracting by manifest.
215 silly tarball no local data for registry-auth-token@https://registry.npmjs.org/registry-auth-token/-/registry-auth-token-5.0.1.tgz. Extracting by manifest.
216 silly tarball no local data for regenerator-runtime@https://registry.npmjs.org/regenerator-runtime/-/regenerator-runtime-0.14.1.tgz. Extracting by manifest.
217 silly tarball no local data for regexp.prototype.flags@https://registry.npmjs.org/regexp.prototype.flags/-/regexp.prototype.flags-1.5.2.tgz. Extracting by manifest.
218 silly tarball no local data for real-require@https://registry.npmjs.org/real-require/-/real-require-0.2.0.tgz. Extracting by manifest.
219 silly tarball no local data for rechoir@https://registry.npmjs.org/rechoir/-/rechoir-0.8.0.tgz. Extracting by manifest.
220 silly tarball no local data for readdirp@https://registry.npmjs.org/readdirp/-/readdirp-3.6.0.tgz. Extracting by manifest.
221 silly tarball no local data for read-package-json-fast@https://registry.npmjs.org/read-package-json-fast/-/read-package-json-fast-3.0.2.tgz. Extracting by manifest.
222 silly tarball no local data for readable-stream@https://registry.npmjs.org/readable-stream/-/readable-stream-3.6.2.tgz. Extracting by manifest.
223 silly tarball no local data for react-is@https://registry.npmjs.org/react-is/-/react-is-18.2.0.tgz. Extracting by manifest.
224 silly tarball no local data for read-package-json@https://registry.npmjs.org/read-package-json/-/read-package-json-6.0.4.tgz. Extracting by manifest.
225 silly tarball no local data for rc-config-loader@https://registry.npmjs.org/rc-config-loader/-/rc-config-loader-4.1.3.tgz. Extracting by manifest.
226 silly tarball no local data for rc@https://registry.npmjs.org/rc/-/rc-1.2.8.tgz. Extracting by manifest.
227 silly tarball no local data for quick-lru@https://registry.npmjs.org/quick-lru/-/quick-lru-5.1.1.tgz. Extracting by manifest.
228 silly tarball no local data for randombytes@https://registry.npmjs.org/randombytes/-/randombytes-2.1.0.tgz. Extracting by manifest.
229 silly tarball no local data for quick-format-unescaped@https://registry.npmjs.org/quick-format-unescaped/-/quick-format-unescaped-4.0.4.tgz. Extracting by manifest.
230 silly tarball no local data for queue-microtask@https://registry.npmjs.org/queue-microtask/-/queue-microtask-1.2.3.tgz. Extracting by manifest.
231 silly tarball no local data for pure-rand@https://registry.npmjs.org/pure-rand/-/pure-rand-6.1.0.tgz. Extracting by manifest.
232 silly tarball no local data for qs@https://registry.npmjs.org/qs/-/qs-6.12.1.tgz. Extracting by manifest.
233 silly tarball no local data for pupa@https://registry.npmjs.org/pupa/-/pupa-3.1.0.tgz. Extracting by manifest.
234 silly tarball no local data for punycode@https://registry.npmjs.org/punycode/-/punycode-2.1.1.tgz. Extracting by manifest.
235 silly tarball no local data for pump@https://registry.npmjs.org/pump/-/pump-3.0.0.tgz. Extracting by manifest.
236 silly tarball no local data for pug-walk@https://registry.npmjs.org/pug-walk/-/pug-walk-2.0.0.tgz. Extracting by manifest.
237 silly tarball no local data for pug-strip-comments@https://registry.npmjs.org/pug-strip-comments/-/pug-strip-comments-2.0.0.tgz. Extracting by manifest.
238 silly tarball no local data for pug-runtime@https://registry.npmjs.org/pug-runtime/-/pug-runtime-3.0.1.tgz. Extracting by manifest.
239 silly tarball no local data for pug-linker@https://registry.npmjs.org/pug-linker/-/pug-linker-4.0.0.tgz. Extracting by manifest.
240 silly tarball no local data for pug-lexer@https://registry.npmjs.org/pug-lexer/-/pug-lexer-5.0.1.tgz. Extracting by manifest.
241 silly tarball no local data for pug-load@https://registry.npmjs.org/pug-load/-/pug-load-3.0.0.tgz. Extracting by manifest.
242 silly tarball no local data for pug-filters@https://registry.npmjs.org/pug-filters/-/pug-filters-4.0.0.tgz. Extracting by manifest.
243 silly tarball no local data for pug-error@https://registry.npmjs.org/pug-error/-/pug-error-2.0.0.tgz. Extracting by manifest.
244 silly tarball no local data for pug-code-gen@https://registry.npmjs.org/pug-code-gen/-/pug-code-gen-3.0.2.tgz. Extracting by manifest.
245 silly tarball no local data for pug-attrs@https://registry.npmjs.org/pug-attrs/-/pug-attrs-3.0.0.tgz. Extracting by manifest.
246 silly tarball no local data for pug@https://registry.npmjs.org/pug/-/pug-3.0.2.tgz. Extracting by manifest.
247 silly tarball no local data for proxy-addr@https://registry.npmjs.org/proxy-addr/-/proxy-addr-2.0.7.tgz. Extracting by manifest.
248 silly tarball no local data for proto-list@https://registry.npmjs.org/proto-list/-/proto-list-1.2.4.tgz. Extracting by manifest.
249 silly tarball no local data for prompts-ncu@https://registry.npmjs.org/prompts-ncu/-/prompts-ncu-3.0.0.tgz. Extracting by manifest.
250 silly tarball no local data for promise-retry@https://registry.npmjs.org/promise-retry/-/promise-retry-2.0.1.tgz. Extracting by manifest.
251 silly tarball no local data for prompts@https://registry.npmjs.org/prompts/-/prompts-2.4.2.tgz. Extracting by manifest.
252 silly tarball no local data for promise-inflight@https://registry.npmjs.org/promise-inflight/-/promise-inflight-1.0.1.tgz. Extracting by manifest.
253 silly tarball no local data for promise@https://registry.npmjs.org/promise/-/promise-7.3.1.tgz. Extracting by manifest.
254 silly tarball no local data for process-warning@https://registry.npmjs.org/process-warning/-/process-warning-3.0.0.tgz. Extracting by manifest.
255 silly tarball no local data for progress@https://registry.npmjs.org/progress/-/progress-2.0.3.tgz. Extracting by manifest.
256 silly tarball no local data for process@https://registry.npmjs.org/process/-/process-0.11.10.tgz. Extracting by manifest.
257 silly tarball no local data for proc-log@https://registry.npmjs.org/proc-log/-/proc-log-3.0.0.tgz. Extracting by manifest.
258 silly tarball no local data for prelude-ls@https://registry.npmjs.org/prelude-ls/-/prelude-ls-1.2.1.tgz. Extracting by manifest.
259 silly tarball no local data for pretty-format@https://registry.npmjs.org/pretty-format/-/pretty-format-29.7.0.tgz. Extracting by manifest.
260 silly tarball no local data for prebuild-install@https://registry.npmjs.org/prebuild-install/-/prebuild-install-7.1.2.tgz. Extracting by manifest.
261 silly tarball no local data for postgres-interval@https://registry.npmjs.org/postgres-interval/-/postgres-interval-1.2.0.tgz. Extracting by manifest.
262 silly tarball no local data for postgres-date@https://registry.npmjs.org/postgres-date/-/postgres-date-1.0.7.tgz. Extracting by manifest.
263 silly tarball no local data for postgres-bytea@https://registry.npmjs.org/postgres-bytea/-/postgres-bytea-1.0.0.tgz. Extracting by manifest.
264 silly tarball no local data for postgres-array@https://registry.npmjs.org/postgres-array/-/postgres-array-2.0.0.tgz. Extracting by manifest.
265 silly tarball no local data for postcss-selector-parser@https://registry.npmjs.org/postcss-selector-parser/-/postcss-selector-parser-6.0.16.tgz. Extracting by manifest.
266 silly tarball no local data for postcss-value-parser@https://registry.npmjs.org/postcss-value-parser/-/postcss-value-parser-4.2.0.tgz. Extracting by manifest.
267 silly tarball no local data for postcss-modules-values@https://registry.npmjs.org/postcss-modules-values/-/postcss-modules-values-4.0.0.tgz. Extracting by manifest.
268 silly tarball no local data for postcss-modules-scope@https://registry.npmjs.org/postcss-modules-scope/-/postcss-modules-scope-3.2.0.tgz. Extracting by manifest.
269 silly tarball no local data for postcss-modules-local-by-default@https://registry.npmjs.org/postcss-modules-local-by-default/-/postcss-modules-local-by-default-4.0.5.tgz. Extracting by manifest.
270 silly tarball no local data for postcss-modules-extract-imports@https://registry.npmjs.org/postcss-modules-extract-imports/-/postcss-modules-extract-imports-3.1.0.tgz. Extracting by manifest.
271 silly tarball no local data for postcss@https://registry.npmjs.org/postcss/-/postcss-8.4.38.tgz. Extracting by manifest.
272 silly tarball no local data for pkg-up@https://registry.npmjs.org/pkg-up/-/pkg-up-3.1.0.tgz. Extracting by manifest.
273 silly tarball no local data for possible-typed-array-names@https://registry.npmjs.org/possible-typed-array-names/-/possible-typed-array-names-1.0.0.tgz. Extracting by manifest.
274 silly tarball no local data for pkg-dir@https://registry.npmjs.org/pkg-dir/-/pkg-dir-4.2.0.tgz. Extracting by manifest.
275 silly tarball no local data for pirates@https://registry.npmjs.org/pirates/-/pirates-4.0.6.tgz. Extracting by manifest.
276 silly tarball no local data for pino-std-serializers@https://registry.npmjs.org/pino-std-serializers/-/pino-std-serializers-6.2.2.tgz. Extracting by manifest.
277 silly tarball no local data for pino-pretty@https://registry.npmjs.org/pino-pretty/-/pino-pretty-11.0.0.tgz. Extracting by manifest.
278 silly tarball no local data for pino-abstract-transport@https://registry.npmjs.org/pino-abstract-transport/-/pino-abstract-transport-1.2.0.tgz. Extracting by manifest.
279 silly tarball no local data for pino@https://registry.npmjs.org/pino/-/pino-8.20.0.tgz. Extracting by manifest.
280 silly tarball no local data for picomatch@https://registry.npmjs.org/picomatch/-/picomatch-2.3.1.tgz. Extracting by manifest.
281 silly tarball no local data for picocolors@https://registry.npmjs.org/picocolors/-/picocolors-1.0.0.tgz. Extracting by manifest.
282 silly tarball no local data for pg-protocol@https://registry.npmjs.org/pg-protocol/-/pg-protocol-1.6.1.tgz. Extracting by manifest.
283 silly tarball no local data for pgpass@https://registry.npmjs.org/pgpass/-/pgpass-1.0.5.tgz. Extracting by manifest.
284 silly tarball no local data for pg-types@https://registry.npmjs.org/pg-types/-/pg-types-2.2.0.tgz. Extracting by manifest.
285 silly tarball no local data for pg-pool@https://registry.npmjs.org/pg-pool/-/pg-pool-3.6.2.tgz. Extracting by manifest.
286 silly tarball no local data for pg-int8@https://registry.npmjs.org/pg-int8/-/pg-int8-1.0.1.tgz. Extracting by manifest.
287 silly tarball no local data for pg-connection-string@https://registry.npmjs.org/pg-connection-string/-/pg-connection-string-2.6.2.tgz. Extracting by manifest.
288 silly tarball no local data for pg-cloudflare@https://registry.npmjs.org/pg-cloudflare/-/pg-cloudflare-1.1.1.tgz. Extracting by manifest.
289 silly tarball no local data for pg@https://registry.npmjs.org/pg/-/pg-8.11.5.tgz. Extracting by manifest.
290 silly tarball no local data for path-to-regexp@https://registry.npmjs.org/path-to-regexp/-/path-to-regexp-6.2.1.tgz. Extracting by manifest.
291 silly tarball no local data for path-scurry@https://registry.npmjs.org/path-scurry/-/path-scurry-1.10.2.tgz. Extracting by manifest.
292 silly tarball no local data for path-parse@https://registry.npmjs.org/path-parse/-/path-parse-1.0.7.tgz. Extracting by manifest.
293 silly tarball no local data for path-type@https://registry.npmjs.org/path-type/-/path-type-4.0.0.tgz. Extracting by manifest.
294 silly tarball no local data for path-is-absolute@https://registry.npmjs.org/path-is-absolute/-/path-is-absolute-1.0.1.tgz. Extracting by manifest.
295 silly tarball no local data for path-key@https://registry.npmjs.org/path-key/-/path-key-3.1.1.tgz. Extracting by manifest.
296 silly tarball no local data for path-exists@https://registry.npmjs.org/path-exists/-/path-exists-4.0.0.tgz. Extracting by manifest.
297 silly tarball no local data for parse-json@https://registry.npmjs.org/parse-json/-/parse-json-5.2.0.tgz. Extracting by manifest.
298 silly tarball no local data for parse-github-url@https://registry.npmjs.org/parse-github-url/-/parse-github-url-1.0.2.tgz. Extracting by manifest.
299 silly tarball no local data for parent-module@https://registry.npmjs.org/parent-module/-/parent-module-1.0.1.tgz. Extracting by manifest.
300 silly tarball no local data for package-json@https://registry.npmjs.org/package-json/-/package-json-8.1.0.tgz. Extracting by manifest.
301 silly tarball no local data for pacote@https://registry.npmjs.org/pacote/-/pacote-15.2.0.tgz. Extracting by manifest.
302 silly tarball no local data for p-try@https://registry.npmjs.org/p-try/-/p-try-2.2.0.tgz. Extracting by manifest.
303 silly tarball no local data for p-map@https://registry.npmjs.org/p-map/-/p-map-4.0.0.tgz. Extracting by manifest.
304 silly tarball no local data for p-locate@https://registry.npmjs.org/p-locate/-/p-locate-5.0.0.tgz. Extracting by manifest.
305 silly tarball no local data for p-limit@https://registry.npmjs.org/p-limit/-/p-limit-3.1.0.tgz. Extracting by manifest.
306 silly tarball no local data for p-cancelable@https://registry.npmjs.org/p-cancelable/-/p-cancelable-3.0.0.tgz. Extracting by manifest.
307 silly tarball no local data for optionator@https://registry.npmjs.org/optionator/-/optionator-0.9.3.tgz. Extracting by manifest.
308 silly tarball no local data for onetime@https://registry.npmjs.org/onetime/-/onetime-5.1.2.tgz. Extracting by manifest.
309 silly tarball no local data for once@https://registry.npmjs.org/once/-/once-1.4.0.tgz. Extracting by manifest.
310 silly tarball no local data for objection-unique@https://registry.npmjs.org/objection-unique/-/objection-unique-1.2.2.tgz. Extracting by manifest.
311 silly tarball no local data for on-exit-leak-free@https://registry.npmjs.org/on-exit-leak-free/-/on-exit-leak-free-2.1.2.tgz. Extracting by manifest.
312 silly tarball no local data for objection@https://registry.npmjs.org/objection/-/objection-3.1.4.tgz. Extracting by manifest.
313 silly tarball no local data for object.values@https://registry.npmjs.org/object.values/-/object.values-1.2.0.tgz. Extracting by manifest.
314 silly tarball no local data for object.groupby@https://registry.npmjs.org/object.groupby/-/object.groupby-1.0.3.tgz. Extracting by manifest.
315 silly tarball no local data for object.fromentries@https://registry.npmjs.org/object.fromentries/-/object.fromentries-2.0.8.tgz. Extracting by manifest.
316 silly tarball no local data for object.entries@https://registry.npmjs.org/object.entries/-/object.entries-1.1.8.tgz. Extracting by manifest.
317 silly tarball no local data for object-keys@https://registry.npmjs.org/object-keys/-/object-keys-1.1.1.tgz. Extracting by manifest.
318 silly tarball no local data for object.assign@https://registry.npmjs.org/object.assign/-/object.assign-4.1.5.tgz. Extracting by manifest.
319 silly tarball no local data for object-inspect@https://registry.npmjs.org/object-inspect/-/object-inspect-1.13.1.tgz. Extracting by manifest.
320 silly tarball no local data for object-assign@https://registry.npmjs.org/object-assign/-/object-assign-4.1.1.tgz. Extracting by manifest.
321 silly tarball no local data for npmlog@https://registry.npmjs.org/npmlog/-/npmlog-6.0.2.tgz. Extracting by manifest.
322 silly tarball no local data for npm-run-path@https://registry.npmjs.org/npm-run-path/-/npm-run-path-4.0.1.tgz. Extracting by manifest.
323 silly tarball no local data for npm-registry-fetch@https://registry.npmjs.org/npm-registry-fetch/-/npm-registry-fetch-14.0.5.tgz. Extracting by manifest.
324 silly tarball no local data for npm-packlist@https://registry.npmjs.org/npm-packlist/-/npm-packlist-7.0.4.tgz. Extracting by manifest.
325 silly tarball no local data for npm-pick-manifest@https://registry.npmjs.org/npm-pick-manifest/-/npm-pick-manifest-8.0.2.tgz. Extracting by manifest.
326 silly tarball no local data for npm-package-arg@https://registry.npmjs.org/npm-package-arg/-/npm-package-arg-10.1.0.tgz. Extracting by manifest.
327 silly tarball no local data for npm-normalize-package-bin@https://registry.npmjs.org/npm-normalize-package-bin/-/npm-normalize-package-bin-3.0.1.tgz. Extracting by manifest.
328 silly tarball no local data for npm-check-updates@https://registry.npmjs.org/npm-check-updates/-/npm-check-updates-16.14.18.tgz. Extracting by manifest.
329 silly tarball no local data for npm-install-checks@https://registry.npmjs.org/npm-install-checks/-/npm-install-checks-6.3.0.tgz. Extracting by manifest.
330 silly tarball no local data for npm-bundled@https://registry.npmjs.org/npm-bundled/-/npm-bundled-3.0.0.tgz. Extracting by manifest.
331 silly tarball no local data for normalize-url@https://registry.npmjs.org/normalize-url/-/normalize-url-6.1.0.tgz. Extracting by manifest.
332 silly tarball no local data for normalize-package-data@https://registry.npmjs.org/normalize-package-data/-/normalize-package-data-5.0.0.tgz. Extracting by manifest.
333 silly tarball no local data for normalize-path@https://registry.npmjs.org/normalize-path/-/normalize-path-3.0.0.tgz. Extracting by manifest.
334 silly tarball no local data for nopt@https://registry.npmjs.org/nopt/-/nopt-5.0.0.tgz. Extracting by manifest.
335 silly tarball no local data for node-releases@https://registry.npmjs.org/node-releases/-/node-releases-2.0.14.tgz. Extracting by manifest.
336 silly tarball no local data for node-int64@https://registry.npmjs.org/node-int64/-/node-int64-0.4.0.tgz. Extracting by manifest.
337 silly tarball no local data for node-gyp-build@https://registry.npmjs.org/node-gyp-build/-/node-gyp-build-4.8.0.tgz. Extracting by manifest.
338 silly tarball no local data for node-gyp@https://registry.npmjs.org/node-gyp/-/node-gyp-9.4.1.tgz. Extracting by manifest.
339 silly tarball no local data for node-abi@https://registry.npmjs.org/node-abi/-/node-abi-3.60.0.tgz. Extracting by manifest.
340 silly tarball no local data for next-tick@https://registry.npmjs.org/next-tick/-/next-tick-1.1.0.tgz. Extracting by manifest.
341 silly tarball no local data for node-addon-api@https://registry.npmjs.org/node-addon-api/-/node-addon-api-4.3.0.tgz. Extracting by manifest.
342 silly tarball no local data for neo-async@https://registry.npmjs.org/neo-async/-/neo-async-2.6.2.tgz. Extracting by manifest.
343 silly tarball no local data for negotiator@https://registry.npmjs.org/negotiator/-/negotiator-0.6.3.tgz. Extracting by manifest.
344 silly tarball no local data for natural-compare@https://registry.npmjs.org/natural-compare/-/natural-compare-1.4.0.tgz. Extracting by manifest.
345 silly tarball no local data for napi-build-utils@https://registry.npmjs.org/napi-build-utils/-/napi-build-utils-1.0.2.tgz. Extracting by manifest.
346 silly tarball no local data for nanoid@https://registry.npmjs.org/nanoid/-/nanoid-3.3.7.tgz. Extracting by manifest.
347 silly tarball no local data for mustache@https://registry.npmjs.org/mustache/-/mustache-4.2.0.tgz. Extracting by manifest.
348 silly tarball no local data for moment-timezone@https://registry.npmjs.org/moment-timezone/-/moment-timezone-0.5.45.tgz. Extracting by manifest.
349 silly tarball no local data for ms@https://registry.npmjs.org/ms/-/ms-2.1.3.tgz. Extracting by manifest.
350 silly tarball no local data for moment@https://registry.npmjs.org/moment/-/moment-2.30.1.tgz. Extracting by manifest.
351 silly tarball no local data for mkdirp-classic@https://registry.npmjs.org/mkdirp-classic/-/mkdirp-classic-0.5.3.tgz. Extracting by manifest.
352 silly tarball no local data for mkdirp@https://registry.npmjs.org/mkdirp/-/mkdirp-1.0.4.tgz. Extracting by manifest.
353 silly tarball no local data for minipass-sized@https://registry.npmjs.org/minipass-sized/-/minipass-sized-1.0.3.tgz. Extracting by manifest.
354 silly tarball no local data for minizlib@https://registry.npmjs.org/minizlib/-/minizlib-2.1.2.tgz. Extracting by manifest.
355 silly tarball no local data for minipass-pipeline@https://registry.npmjs.org/minipass-pipeline/-/minipass-pipeline-1.2.4.tgz. Extracting by manifest.
356 silly tarball no local data for minipass-json-stream@https://registry.npmjs.org/minipass-json-stream/-/minipass-json-stream-1.0.1.tgz. Extracting by manifest.
357 silly tarball no local data for minipass-flush@https://registry.npmjs.org/minipass-flush/-/minipass-flush-1.0.5.tgz. Extracting by manifest.
358 silly tarball no local data for minipass-fetch@https://registry.npmjs.org/minipass-fetch/-/minipass-fetch-3.0.4.tgz. Extracting by manifest.
359 silly tarball no local data for minipass-collect@https://registry.npmjs.org/minipass-collect/-/minipass-collect-1.0.2.tgz. Extracting by manifest.
360 silly tarball no local data for minipass@https://registry.npmjs.org/minipass/-/minipass-3.3.4.tgz. Extracting by manifest.
361 silly tarball no local data for minimist@https://registry.npmjs.org/minimist/-/minimist-1.2.6.tgz. Extracting by manifest.
362 silly tarball no local data for minimatch@https://registry.npmjs.org/minimatch/-/minimatch-3.1.2.tgz. Extracting by manifest.
363 silly tarball no local data for mini-css-extract-plugin@https://registry.npmjs.org/mini-css-extract-plugin/-/mini-css-extract-plugin-2.9.0.tgz. Extracting by manifest.
364 silly tarball no local data for mimic-response@https://registry.npmjs.org/mimic-response/-/mimic-response-1.0.1.tgz. Extracting by manifest.
365 silly tarball no local data for mimic-fn@https://registry.npmjs.org/mimic-fn/-/mimic-fn-2.1.0.tgz. Extracting by manifest.
366 silly tarball no local data for mime-types@https://registry.npmjs.org/mime-types/-/mime-types-2.1.35.tgz. Extracting by manifest.
367 silly tarball no local data for mime@https://registry.npmjs.org/mime/-/mime-3.0.0.tgz. Extracting by manifest.
368 silly tarball no local data for mime-db@https://registry.npmjs.org/mime-db/-/mime-db-1.52.0.tgz. Extracting by manifest.
369 silly tarball no local data for merge2@https://registry.npmjs.org/merge2/-/merge2-1.4.1.tgz. Extracting by manifest.
370 silly tarball no local data for micromatch@https://registry.npmjs.org/micromatch/-/micromatch-4.0.5.tgz. Extracting by manifest.
371 silly tarball no local data for merge-stream@https://registry.npmjs.org/merge-stream/-/merge-stream-2.0.0.tgz. Extracting by manifest.
372 silly tarball no local data for media-typer@https://registry.npmjs.org/media-typer/-/media-typer-0.3.0.tgz. Extracting by manifest.
373 silly tarball no local data for memoizee@https://registry.npmjs.org/memoizee/-/memoizee-0.4.15.tgz. Extracting by manifest.
374 silly tarball no local data for mdurl@https://registry.npmjs.org/mdurl/-/mdurl-1.0.1.tgz. Extracting by manifest.
375 silly tarball no local data for make-promises-safe@https://registry.npmjs.org/make-promises-safe/-/make-promises-safe-5.1.0.tgz. Extracting by manifest.
376 silly tarball no local data for markdown-it@https://registry.npmjs.org/markdown-it/-/markdown-it-13.0.2.tgz. Extracting by manifest.
377 silly tarball no local data for makeerror@https://registry.npmjs.org/makeerror/-/makeerror-1.0.12.tgz. Extracting by manifest.
378 silly tarball no local data for make-fetch-happen@https://registry.npmjs.org/make-fetch-happen/-/make-fetch-happen-11.1.1.tgz. Extracting by manifest.
379 silly tarball no local data for lru-queue@https://registry.npmjs.org/lru-queue/-/lru-queue-0.1.0.tgz. Extracting by manifest.
380 silly tarball no local data for make-dir@https://registry.npmjs.org/make-dir/-/make-dir-4.0.0.tgz. Extracting by manifest.
381 silly tarball no local data for lru-cache@https://registry.npmjs.org/lru-cache/-/lru-cache-5.1.1.tgz. Extracting by manifest.
382 silly tarball no local data for lowercase-keys@https://registry.npmjs.org/lowercase-keys/-/lowercase-keys-3.0.0.tgz. Extracting by manifest.
383 silly tarball no local data for lodash.isempty@https://registry.npmjs.org/lodash.isempty/-/lodash.isempty-4.4.0.tgz. Extracting by manifest.
384 silly tarball no local data for lodash.merge@https://registry.npmjs.org/lodash.merge/-/lodash.merge-4.6.2.tgz. Extracting by manifest.
385 silly tarball no local data for lodash.compact@https://registry.npmjs.org/lodash.compact/-/lodash.compact-3.0.1.tgz. Extracting by manifest.
386 silly tarball no local data for lodash.castarray@https://registry.npmjs.org/lodash.castarray/-/lodash.castarray-4.4.0.tgz. Extracting by manifest.
387 silly tarball no local data for lodash@https://registry.npmjs.org/lodash/-/lodash-4.17.21.tgz. Extracting by manifest.
388 silly tarball no local data for loader-runner@https://registry.npmjs.org/loader-runner/-/loader-runner-4.3.0.tgz. Extracting by manifest.
389 silly tarball no local data for locate-path@https://registry.npmjs.org/locate-path/-/locate-path-6.0.0.tgz. Extracting by manifest.
390 silly tarball no local data for linkify-it@https://registry.npmjs.org/linkify-it/-/linkify-it-4.0.1.tgz. Extracting by manifest.
391 silly tarball no local data for lines-and-columns@https://registry.npmjs.org/lines-and-columns/-/lines-and-columns-1.2.4.tgz. Extracting by manifest.
392 silly tarball no local data for light-my-request@https://registry.npmjs.org/light-my-request/-/light-my-request-5.13.0.tgz. Extracting by manifest.
393 silly tarball no local data for leven@https://registry.npmjs.org/leven/-/leven-3.1.0.tgz. Extracting by manifest.
394 silly tarball no local data for levn@https://registry.npmjs.org/levn/-/levn-0.4.1.tgz. Extracting by manifest.
395 silly tarball no local data for latest-version@https://registry.npmjs.org/latest-version/-/latest-version-7.0.0.tgz. Extracting by manifest.
396 silly tarball no local data for knex@https://registry.npmjs.org/knex/-/knex-3.1.0.tgz. Extracting by manifest.
397 silly tarball no local data for pug-parser@https://registry.npmjs.org/pug-parser/-/pug-parser-6.0.0.tgz. Extracting by manifest.
398 silly tarball no local data for kleur@https://registry.npmjs.org/kleur/-/kleur-3.0.3.tgz. Extracting by manifest.
399 silly tarball no local data for kind-of@https://registry.npmjs.org/kind-of/-/kind-of-6.0.3.tgz. Extracting by manifest.
400 silly tarball no local data for keyv@https://registry.npmjs.org/keyv/-/keyv-4.5.4.tgz. Extracting by manifest.
401 silly tarball no local data for jstransformer-markdown-it@https://registry.npmjs.org/jstransformer-markdown-it/-/jstransformer-markdown-it-3.0.0.tgz. Extracting by manifest.
402 silly tarball no local data for jsonparse@https://registry.npmjs.org/jsonparse/-/jsonparse-1.3.1.tgz. Extracting by manifest.
403 silly tarball no local data for jstransformer@https://registry.npmjs.org/jstransformer/-/jstransformer-1.0.0.tgz. Extracting by manifest.
404 silly tarball no local data for jsonlines@https://registry.npmjs.org/jsonlines/-/jsonlines-0.1.1.tgz. Extracting by manifest.
405 silly tarball no local data for json5@https://registry.npmjs.org/json5/-/json5-2.2.3.tgz. Extracting by manifest.
406 silly tarball no local data for jsonfile@https://registry.npmjs.org/jsonfile/-/jsonfile-6.1.0.tgz. Extracting by manifest.
407 silly tarball no local data for json-schema-traverse@https://registry.npmjs.org/json-schema-traverse/-/json-schema-traverse-0.4.1.tgz. Extracting by manifest.
408 silly tarball no local data for json-stable-stringify-without-jsonify@https://registry.npmjs.org/json-stable-stringify-without-jsonify/-/json-stable-stringify-without-jsonify-1.0.1.tgz. Extracting by manifest.
409 silly tarball no local data for json-schema-ref-resolver@https://registry.npmjs.org/json-schema-ref-resolver/-/json-schema-ref-resolver-1.0.1.tgz. Extracting by manifest.
410 silly tarball no local data for json-parse-even-better-errors@https://registry.npmjs.org/json-parse-even-better-errors/-/json-parse-even-better-errors-2.3.1.tgz. Extracting by manifest.
411 silly tarball no local data for json-buffer@https://registry.npmjs.org/json-buffer/-/json-buffer-3.0.1.tgz. Extracting by manifest.
412 silly tarball no local data for json-parse-helpfulerror@https://registry.npmjs.org/json-parse-helpfulerror/-/json-parse-helpfulerror-1.0.3.tgz. Extracting by manifest.
413 silly tarball no local data for jsesc@https://registry.npmjs.org/jsesc/-/jsesc-2.5.2.tgz. Extracting by manifest.
414 silly tarball no local data for js-yaml@https://registry.npmjs.org/js-yaml/-/js-yaml-4.1.0.tgz. Extracting by manifest.
415 silly tarball no local data for js-tokens@https://registry.npmjs.org/js-tokens/-/js-tokens-4.0.0.tgz. Extracting by manifest.
416 silly tarball no local data for js-stringify@https://registry.npmjs.org/js-stringify/-/js-stringify-1.0.2.tgz. Extracting by manifest.
417 silly tarball no local data for js-cookie@https://registry.npmjs.org/js-cookie/-/js-cookie-3.0.5.tgz. Extracting by manifest.
418 silly tarball no local data for js-beautify@https://registry.npmjs.org/js-beautify/-/js-beautify-1.15.1.tgz. Extracting by manifest.
419 silly tarball no local data for joycon@https://registry.npmjs.org/joycon/-/joycon-3.1.1.tgz. Extracting by manifest.
420 silly tarball no local data for jquery@https://registry.npmjs.org/jquery/-/jquery-3.7.1.tgz. Extracting by manifest.
421 silly tarball no local data for jju@https://registry.npmjs.org/jju/-/jju-1.4.0.tgz. Extracting by manifest.
422 silly tarball no local data for jest-worker@https://registry.npmjs.org/jest-worker/-/jest-worker-29.7.0.tgz. Extracting by manifest.
423 silly tarball no local data for jest-watcher@https://registry.npmjs.org/jest-watcher/-/jest-watcher-29.7.0.tgz. Extracting by manifest.
424 silly tarball no local data for jest-snapshot@https://registry.npmjs.org/jest-snapshot/-/jest-snapshot-29.7.0.tgz. Extracting by manifest.
425 silly tarball no local data for jest-validate@https://registry.npmjs.org/jest-validate/-/jest-validate-29.7.0.tgz. Extracting by manifest.
426 silly tarball no local data for jest-util@https://registry.npmjs.org/jest-util/-/jest-util-29.7.0.tgz. Extracting by manifest.
427 silly tarball no local data for jest-runner@https://registry.npmjs.org/jest-runner/-/jest-runner-29.7.0.tgz. Extracting by manifest.
428 silly tarball no local data for jest-runtime@https://registry.npmjs.org/jest-runtime/-/jest-runtime-29.7.0.tgz. Extracting by manifest.
429 silly tarball no local data for jest-resolve-dependencies@https://registry.npmjs.org/jest-resolve-dependencies/-/jest-resolve-dependencies-29.7.0.tgz. Extracting by manifest.
430 silly tarball no local data for jest-resolve@https://registry.npmjs.org/jest-resolve/-/jest-resolve-29.7.0.tgz. Extracting by manifest.
431 silly tarball no local data for jest-regex-util@https://registry.npmjs.org/jest-regex-util/-/jest-regex-util-29.6.3.tgz. Extracting by manifest.
432 silly tarball no local data for jest-pnp-resolver@https://registry.npmjs.org/jest-pnp-resolver/-/jest-pnp-resolver-1.2.3.tgz. Extracting by manifest.
433 silly tarball no local data for jest-mock@https://registry.npmjs.org/jest-mock/-/jest-mock-29.7.0.tgz. Extracting by manifest.
434 silly tarball no local data for jest-message-util@https://registry.npmjs.org/jest-message-util/-/jest-message-util-29.7.0.tgz. Extracting by manifest.
435 silly tarball no local data for jest-matcher-utils@https://registry.npmjs.org/jest-matcher-utils/-/jest-matcher-utils-29.7.0.tgz. Extracting by manifest.
436 silly tarball no local data for jest-leak-detector@https://registry.npmjs.org/jest-leak-detector/-/jest-leak-detector-29.7.0.tgz. Extracting by manifest.
437 silly tarball no local data for jest-haste-map@https://registry.npmjs.org/jest-haste-map/-/jest-haste-map-29.7.0.tgz. Extracting by manifest.
438 silly tarball no local data for jest-get-type@https://registry.npmjs.org/jest-get-type/-/jest-get-type-29.6.3.tgz. Extracting by manifest.
439 silly tarball no local data for jest-environment-node@https://registry.npmjs.org/jest-environment-node/-/jest-environment-node-29.7.0.tgz. Extracting by manifest.
440 silly tarball no local data for jest-each@https://registry.npmjs.org/jest-each/-/jest-each-29.7.0.tgz. Extracting by manifest.
441 silly tarball no local data for jest-diff@https://registry.npmjs.org/jest-diff/-/jest-diff-29.7.0.tgz. Extracting by manifest.
442 silly tarball no local data for jest-config@https://registry.npmjs.org/jest-config/-/jest-config-29.7.0.tgz. Extracting by manifest.
443 silly tarball no local data for jest-docblock@https://registry.npmjs.org/jest-docblock/-/jest-docblock-29.7.0.tgz. Extracting by manifest.
444 silly tarball no local data for jest-cli@https://registry.npmjs.org/jest-cli/-/jest-cli-29.7.0.tgz. Extracting by manifest.
445 silly tarball no local data for jest-circus@https://registry.npmjs.org/jest-circus/-/jest-circus-29.7.0.tgz. Extracting by manifest.
446 silly tarball no local data for jest-changed-files@https://registry.npmjs.org/jest-changed-files/-/jest-changed-files-29.7.0.tgz. Extracting by manifest.
447 silly tarball no local data for jest@https://registry.npmjs.org/jest/-/jest-29.7.0.tgz. Extracting by manifest.
448 silly tarball no local data for istanbul-reports@https://registry.npmjs.org/istanbul-reports/-/istanbul-reports-3.1.7.tgz. Extracting by manifest.
449 silly tarball no local data for jackspeak@https://registry.npmjs.org/jackspeak/-/jackspeak-2.3.6.tgz. Extracting by manifest.
450 silly tarball no local data for istanbul-lib-report@https://registry.npmjs.org/istanbul-lib-report/-/istanbul-lib-report-3.0.1.tgz. Extracting by manifest.
451 silly tarball no local data for istanbul-lib-source-maps@https://registry.npmjs.org/istanbul-lib-source-maps/-/istanbul-lib-source-maps-4.0.1.tgz. Extracting by manifest.
452 silly tarball no local data for istanbul-lib-coverage@https://registry.npmjs.org/istanbul-lib-coverage/-/istanbul-lib-coverage-3.2.2.tgz. Extracting by manifest.
453 silly tarball no local data for istanbul-lib-instrument@https://registry.npmjs.org/istanbul-lib-instrument/-/istanbul-lib-instrument-6.0.2.tgz. Extracting by manifest.
454 silly tarball no local data for isobject@https://registry.npmjs.org/isobject/-/isobject-3.0.1.tgz. Extracting by manifest.
455 silly tarball no local data for isbinaryfile@https://registry.npmjs.org/isbinaryfile/-/isbinaryfile-4.0.10.tgz. Extracting by manifest.
456 silly tarball no local data for isexe@https://registry.npmjs.org/isexe/-/isexe-2.0.0.tgz. Extracting by manifest.
457 silly tarball no local data for is-yarn-global@https://registry.npmjs.org/is-yarn-global/-/is-yarn-global-0.4.0.tgz. Extracting by manifest.
458 silly tarball no local data for isarray@https://registry.npmjs.org/isarray/-/isarray-2.0.5.tgz. Extracting by manifest.
459 silly tarball no local data for is-weakref@https://registry.npmjs.org/is-weakref/-/is-weakref-1.0.2.tgz. Extracting by manifest.
460 silly tarball no local data for is-typedarray@https://registry.npmjs.org/is-typedarray/-/is-typedarray-1.0.0.tgz. Extracting by manifest.
461 silly tarball no local data for is-typed-array@https://registry.npmjs.org/is-typed-array/-/is-typed-array-1.1.13.tgz. Extracting by manifest.
462 silly tarball no local data for is-string@https://registry.npmjs.org/is-string/-/is-string-1.0.7.tgz. Extracting by manifest.
463 silly tarball no local data for is-symbol@https://registry.npmjs.org/is-symbol/-/is-symbol-1.0.4.tgz. Extracting by manifest.
464 silly tarball no local data for is-stream@https://registry.npmjs.org/is-stream/-/is-stream-2.0.1.tgz. Extracting by manifest.
465 silly tarball no local data for is-shared-array-buffer@https://registry.npmjs.org/is-shared-array-buffer/-/is-shared-array-buffer-1.0.3.tgz. Extracting by manifest.
466 silly tarball no local data for is-promise@https://registry.npmjs.org/is-promise/-/is-promise-2.2.2.tgz. Extracting by manifest.
467 silly tarball no local data for is-regex@https://registry.npmjs.org/is-regex/-/is-regex-1.1.4.tgz. Extracting by manifest.
468 silly tarball no local data for is-plain-object@https://registry.npmjs.org/is-plain-object/-/is-plain-object-2.0.4.tgz. Extracting by manifest.
469 silly tarball no local data for is-path-inside@https://registry.npmjs.org/is-path-inside/-/is-path-inside-3.0.3.tgz. Extracting by manifest.
470 silly tarball no local data for is-number@https://registry.npmjs.org/is-number/-/is-number-7.0.0.tgz. Extracting by manifest.
471 silly tarball no local data for is-number-object@https://registry.npmjs.org/is-number-object/-/is-number-object-1.0.7.tgz. Extracting by manifest.
472 silly tarball no local data for is-obj@https://registry.npmjs.org/is-obj/-/is-obj-2.0.0.tgz. Extracting by manifest.
473 silly tarball no local data for is-npm@https://registry.npmjs.org/is-npm/-/is-npm-6.0.0.tgz. Extracting by manifest.
474 silly tarball no local data for is-lambda@https://registry.npmjs.org/is-lambda/-/is-lambda-1.0.1.tgz. Extracting by manifest.
475 silly tarball no local data for is-installed-globally@https://registry.npmjs.org/is-installed-globally/-/is-installed-globally-0.4.0.tgz. Extracting by manifest.
476 silly tarball no local data for is-generator-fn@https://registry.npmjs.org/is-generator-fn/-/is-generator-fn-2.1.0.tgz. Extracting by manifest.
477 silly tarball no local data for is-glob@https://registry.npmjs.org/is-glob/-/is-glob-4.0.3.tgz. Extracting by manifest.
478 silly tarball no local data for is-negative-zero@https://registry.npmjs.org/is-negative-zero/-/is-negative-zero-2.0.3.tgz. Extracting by manifest.
479 silly tarball no local data for is-extglob@https://registry.npmjs.org/is-extglob/-/is-extglob-2.1.1.tgz. Extracting by manifest.
480 silly tarball no local data for is-fullwidth-code-point@https://registry.npmjs.org/is-fullwidth-code-point/-/is-fullwidth-code-point-3.0.0.tgz. Extracting by manifest.
481 silly tarball no local data for is-expression@https://registry.npmjs.org/is-expression/-/is-expression-4.0.0.tgz. Extracting by manifest.
482 silly tarball no local data for is-date-object@https://registry.npmjs.org/is-date-object/-/is-date-object-1.0.5.tgz. Extracting by manifest.
483 silly tarball no local data for is-docker@https://registry.npmjs.org/is-docker/-/is-docker-2.2.1.tgz. Extracting by manifest.
484 silly tarball no local data for is-data-view@https://registry.npmjs.org/is-data-view/-/is-data-view-1.0.1.tgz. Extracting by manifest.
485 silly tarball no local data for is-ci@https://registry.npmjs.org/is-ci/-/is-ci-3.0.1.tgz. Extracting by manifest.
486 silly tarball no local data for is-core-module@https://registry.npmjs.org/is-core-module/-/is-core-module-2.13.1.tgz. Extracting by manifest.
487 silly tarball no local data for is-callable@https://registry.npmjs.org/is-callable/-/is-callable-1.2.7.tgz. Extracting by manifest.
488 silly tarball no local data for is-boolean-object@https://registry.npmjs.org/is-boolean-object/-/is-boolean-object-1.1.2.tgz. Extracting by manifest.
489 silly tarball no local data for is-binary-path@https://registry.npmjs.org/is-binary-path/-/is-binary-path-2.1.0.tgz. Extracting by manifest.
490 silly tarball no local data for is-arrayish@https://registry.npmjs.org/is-arrayish/-/is-arrayish-0.2.1.tgz. Extracting by manifest.
491 silly tarball no local data for is-bigint@https://registry.npmjs.org/is-bigint/-/is-bigint-1.0.4.tgz. Extracting by manifest.
492 silly tarball no local data for is-array-buffer@https://registry.npmjs.org/is-array-buffer/-/is-array-buffer-3.0.4.tgz. Extracting by manifest.
493 silly tarball no local data for ipaddr.js@https://registry.npmjs.org/ipaddr.js/-/ipaddr.js-1.9.1.tgz. Extracting by manifest.
494 silly tarball no local data for internal-slot@https://registry.npmjs.org/internal-slot/-/internal-slot-1.0.7.tgz. Extracting by manifest.
495 silly tarball no local data for ip@https://registry.npmjs.org/ip/-/ip-2.0.0.tgz. Extracting by manifest.
496 silly tarball no local data for ini@https://registry.npmjs.org/ini/-/ini-2.0.0.tgz. Extracting by manifest.
497 silly tarball no local data for interpret@https://registry.npmjs.org/interpret/-/interpret-2.2.0.tgz. Extracting by manifest.
498 silly tarball no local data for inherits@https://registry.npmjs.org/inherits/-/inherits-2.0.4.tgz. Extracting by manifest.
499 silly tarball no local data for inflection@https://registry.npmjs.org/inflection/-/inflection-1.13.4.tgz. Extracting by manifest.
500 silly tarball no local data for inflight@https://registry.npmjs.org/inflight/-/inflight-1.0.6.tgz. Extracting by manifest.
501 silly tarball no local data for infer-owner@https://registry.npmjs.org/infer-owner/-/infer-owner-1.0.4.tgz. Extracting by manifest.
502 silly tarball no local data for indent-string@https://registry.npmjs.org/indent-string/-/indent-string-4.0.0.tgz. Extracting by manifest.
503 silly tarball no local data for import-fresh@https://registry.npmjs.org/import-fresh/-/import-fresh-3.3.0.tgz. Extracting by manifest.
504 silly tarball no local data for imurmurhash@https://registry.npmjs.org/imurmurhash/-/imurmurhash-0.1.4.tgz. Extracting by manifest.
505 silly tarball no local data for ignore-walk@https://registry.npmjs.org/ignore-walk/-/ignore-walk-6.0.4.tgz. Extracting by manifest.
506 silly tarball no local data for ignore@https://registry.npmjs.org/ignore/-/ignore-5.2.0.tgz. Extracting by manifest.
507 silly tarball no local data for ieee754@https://registry.npmjs.org/ieee754/-/ieee754-1.2.1.tgz. Extracting by manifest.
508 silly tarball no local data for icss-utils@https://registry.npmjs.org/icss-utils/-/icss-utils-5.1.0.tgz. Extracting by manifest.
509 silly tarball no local data for iconv-lite@https://registry.npmjs.org/iconv-lite/-/iconv-lite-0.6.3.tgz. Extracting by manifest.
510 silly tarball no local data for i18next@https://registry.npmjs.org/i18next/-/i18next-23.11.2.tgz. Extracting by manifest.
511 silly tarball no local data for humanize-ms@https://registry.npmjs.org/humanize-ms/-/humanize-ms-1.2.1.tgz. Extracting by manifest.
512 silly tarball no local data for human-signals@https://registry.npmjs.org/human-signals/-/human-signals-2.1.0.tgz. Extracting by manifest.
513 silly tarball no local data for https-proxy-agent@https://registry.npmjs.org/https-proxy-agent/-/https-proxy-agent-5.0.1.tgz. Extracting by manifest.
514 silly tarball no local data for import-local@https://registry.npmjs.org/import-local/-/import-local-3.1.0.tgz. Extracting by manifest.
515 silly tarball no local data for http2-wrapper@https://registry.npmjs.org/http2-wrapper/-/http2-wrapper-2.1.11.tgz. Extracting by manifest.
516 silly tarball no local data for http-proxy-agent@https://registry.npmjs.org/http-proxy-agent/-/http-proxy-agent-5.0.0.tgz. Extracting by manifest.
517 silly tarball no local data for http-cache-semantics@https://registry.npmjs.org/http-cache-semantics/-/http-cache-semantics-4.1.1.tgz. Extracting by manifest.
518 silly tarball no local data for html-escaper@https://registry.npmjs.org/html-escaper/-/html-escaper-2.0.2.tgz. Extracting by manifest.
519 silly tarball no local data for http-errors@https://registry.npmjs.org/http-errors/-/http-errors-2.0.0.tgz. Extracting by manifest.
520 silly tarball no local data for hosted-git-info@https://registry.npmjs.org/hosted-git-info/-/hosted-git-info-5.2.1.tgz. Extracting by manifest.
521 silly tarball no local data for help-me@https://registry.npmjs.org/help-me/-/help-me-4.2.0.tgz. Extracting by manifest.
522 silly tarball no local data for hasown@https://registry.npmjs.org/hasown/-/hasown-2.0.2.tgz. Extracting by manifest.
523 silly tarball no local data for hashlru@https://registry.npmjs.org/hashlru/-/hashlru-2.3.0.tgz. Extracting by manifest.
524 silly tarball no local data for has-yarn@https://registry.npmjs.org/has-yarn/-/has-yarn-3.0.0.tgz. Extracting by manifest.
525 silly tarball no local data for has-unicode@https://registry.npmjs.org/has-unicode/-/has-unicode-2.0.1.tgz. Extracting by manifest.
526 silly tarball no local data for has-symbols@https://registry.npmjs.org/has-symbols/-/has-symbols-1.0.3.tgz. Extracting by manifest.
527 silly tarball no local data for has-tostringtag@https://registry.npmjs.org/has-tostringtag/-/has-tostringtag-1.0.2.tgz. Extracting by manifest.
528 silly tarball no local data for has-proto@https://registry.npmjs.org/has-proto/-/has-proto-1.0.3.tgz. Extracting by manifest.
529 silly tarball no local data for has-property-descriptors@https://registry.npmjs.org/has-property-descriptors/-/has-property-descriptors-1.0.2.tgz. Extracting by manifest.
530 silly tarball no local data for graphemer@https://registry.npmjs.org/graphemer/-/graphemer-1.4.0.tgz. Extracting by manifest.
531 silly tarball no local data for has-bigints@https://registry.npmjs.org/has-bigints/-/has-bigints-1.0.2.tgz. Extracting by manifest.
532 silly tarball no local data for has-flag@https://registry.npmjs.org/has-flag/-/has-flag-4.0.0.tgz. Extracting by manifest.
533 silly tarball no local data for import-lazy@https://registry.npmjs.org/import-lazy/-/import-lazy-4.0.0.tgz. Extracting by manifest.
534 silly tarball no local data for graceful-fs@https://registry.npmjs.org/graceful-fs/-/graceful-fs-4.2.10.tgz. Extracting by manifest.
535 silly tarball no local data for gopd@https://registry.npmjs.org/gopd/-/gopd-1.0.1.tgz. Extracting by manifest.
536 silly tarball no local data for got@https://registry.npmjs.org/got/-/got-12.3.1.tgz. Extracting by manifest.
537 silly tarball no local data for globalthis@https://registry.npmjs.org/globalthis/-/globalthis-1.0.3.tgz. Extracting by manifest.
538 silly tarball no local data for globals@https://registry.npmjs.org/globals/-/globals-15.0.0.tgz. Extracting by manifest.
539 silly tarball no local data for global-dirs@https://registry.npmjs.org/global-dirs/-/global-dirs-3.0.0.tgz. Extracting by manifest.
540 silly tarball no local data for glob-to-regexp@https://registry.npmjs.org/glob-to-regexp/-/glob-to-regexp-0.4.1.tgz. Extracting by manifest.
541 silly tarball no local data for globby@https://registry.npmjs.org/globby/-/globby-11.1.0.tgz. Extracting by manifest.
542 silly tarball no local data for glob-parent@https://registry.npmjs.org/glob-parent/-/glob-parent-6.0.2.tgz. Extracting by manifest.
543 silly tarball no local data for getopts@https://registry.npmjs.org/getopts/-/getopts-2.3.0.tgz. Extracting by manifest.
544 silly tarball no local data for github-from-package@https://registry.npmjs.org/github-from-package/-/github-from-package-0.0.0.tgz. Extracting by manifest.
545 silly tarball no local data for glob@https://registry.npmjs.org/glob/-/glob-10.3.12.tgz. Extracting by manifest.
546 silly tarball no local data for get-symbol-description@https://registry.npmjs.org/get-symbol-description/-/get-symbol-description-1.0.2.tgz. Extracting by manifest.
547 silly tarball no local data for get-stream@https://registry.npmjs.org/get-stream/-/get-stream-6.0.1.tgz. Extracting by manifest.
548 silly tarball no local data for get-stdin@https://registry.npmjs.org/get-stdin/-/get-stdin-8.0.0.tgz. Extracting by manifest.
549 silly tarball no local data for get-package-type@https://registry.npmjs.org/get-package-type/-/get-package-type-0.1.0.tgz. Extracting by manifest.
550 silly tarball no local data for get-caller-file@https://registry.npmjs.org/get-caller-file/-/get-caller-file-2.0.5.tgz. Extracting by manifest.
551 silly tarball no local data for get-intrinsic@https://registry.npmjs.org/get-intrinsic/-/get-intrinsic-1.2.4.tgz. Extracting by manifest.
552 silly tarball no local data for gensync@https://registry.npmjs.org/gensync/-/gensync-1.0.0-beta.2.tgz. Extracting by manifest.
553 silly tarball no local data for generify@https://registry.npmjs.org/generify/-/generify-4.2.0.tgz. Extracting by manifest.
554 silly tarball no local data for gauge@https://registry.npmjs.org/gauge/-/gauge-4.0.4.tgz. Extracting by manifest.
555 silly tarball no local data for functions-have-names@https://registry.npmjs.org/functions-have-names/-/functions-have-names-1.2.3.tgz. Extracting by manifest.
556 silly tarball no local data for fs.realpath@https://registry.npmjs.org/fs.realpath/-/fs.realpath-1.0.0.tgz. Extracting by manifest.
557 silly tarball no local data for function.prototype.name@https://registry.npmjs.org/function.prototype.name/-/function.prototype.name-1.1.6.tgz. Extracting by manifest.
558 silly tarball no local data for function-bind@https://registry.npmjs.org/function-bind/-/function-bind-1.1.2.tgz. Extracting by manifest.
559 silly tarball no local data for fs-minipass@https://registry.npmjs.org/fs-minipass/-/fs-minipass-2.1.0.tgz. Extracting by manifest.
560 silly tarball no local data for fs-extra@https://registry.npmjs.org/fs-extra/-/fs-extra-9.1.0.tgz. Extracting by manifest.
561 silly tarball no local data for fs-constants@https://registry.npmjs.org/fs-constants/-/fs-constants-1.0.0.tgz. Extracting by manifest.
562 silly tarball no local data for fp-and-or@https://registry.npmjs.org/fp-and-or/-/fp-and-or-0.1.4.tgz. Extracting by manifest.
563 silly tarball no local data for form-data-encoder@https://registry.npmjs.org/form-data-encoder/-/form-data-encoder-2.1.0.tgz. Extracting by manifest.
564 silly tarball no local data for forwarded@https://registry.npmjs.org/forwarded/-/forwarded-0.2.0.tgz. Extracting by manifest.
565 silly tarball no local data for foreground-child@https://registry.npmjs.org/foreground-child/-/foreground-child-3.1.1.tgz. Extracting by manifest.
566 silly tarball no local data for flatted@https://registry.npmjs.org/flatted/-/flatted-3.3.1.tgz. Extracting by manifest.
567 silly tarball no local data for for-each@https://registry.npmjs.org/for-each/-/for-each-0.3.3.tgz. Extracting by manifest.
568 silly tarball no local data for flat-cache@https://registry.npmjs.org/flat-cache/-/flat-cache-3.2.0.tgz. Extracting by manifest.
569 silly tarball no local data for find-up@https://registry.npmjs.org/find-up/-/find-up-5.0.0.tgz. Extracting by manifest.
570 silly tarball no local data for find-my-way@https://registry.npmjs.org/find-my-way/-/find-my-way-8.1.0.tgz. Extracting by manifest.
571 silly tarball no local data for file-uri-to-path@https://registry.npmjs.org/file-uri-to-path/-/file-uri-to-path-1.0.0.tgz. Extracting by manifest.
572 silly tarball no local data for fill-range@https://registry.npmjs.org/fill-range/-/fill-range-7.0.1.tgz. Extracting by manifest.
573 silly tarball no local data for fb-watchman@https://registry.npmjs.org/fb-watchman/-/fb-watchman-2.0.2.tgz. Extracting by manifest.
574 silly tarball no local data for file-entry-cache@https://registry.npmjs.org/file-entry-cache/-/file-entry-cache-6.0.1.tgz. Extracting by manifest.
575 silly tarball no local data for fastq@https://registry.npmjs.org/fastq/-/fastq-1.17.1.tgz. Extracting by manifest.
576 silly tarball no local data for fastify-reverse-routes@https://registry.npmjs.org/fastify-reverse-routes/-/fastify-reverse-routes-3.0.0.tgz. Extracting by manifest.
577 silly tarball no local data for fastify-plugin@https://registry.npmjs.org/fastify-plugin/-/fastify-plugin-3.0.1.tgz. Extracting by manifest.
578 silly tarball no local data for fastify-objectionjs@https://registry.npmjs.org/fastify-objectionjs/-/fastify-objectionjs-2.0.1.tgz. Extracting by manifest.
579 silly tarball no local data for fastify-method-override@https://registry.npmjs.org/fastify-method-override/-/fastify-method-override-1.5.10.tgz. Extracting by manifest.
580 silly tarball no local data for fastify-cli@https://registry.npmjs.org/fastify-cli/-/fastify-cli-6.1.1.tgz. Extracting by manifest.
581 silly tarball no local data for fastify-error-page@https://registry.npmjs.org/fastify-error-page/-/fastify-error-page-4.0.0.tgz. Extracting by manifest.
582 silly tarball no local data for fast-uri@https://registry.npmjs.org/fast-uri/-/fast-uri-2.3.0.tgz. Extracting by manifest.
583 silly tarball no local data for fastest-levenshtein@https://registry.npmjs.org/fastest-levenshtein/-/fastest-levenshtein-1.0.16.tgz. Extracting by manifest.
584 silly tarball no local data for fastify@https://registry.npmjs.org/fastify/-/fastify-4.26.2.tgz. Extracting by manifest.
585 silly tarball no local data for fast-safe-stringify@https://registry.npmjs.org/fast-safe-stringify/-/fast-safe-stringify-2.1.1.tgz. Extracting by manifest.
586 silly tarball no local data for fast-redact@https://registry.npmjs.org/fast-redact/-/fast-redact-3.5.0.tgz. Extracting by manifest.
587 silly tarball no local data for fast-querystring@https://registry.npmjs.org/fast-querystring/-/fast-querystring-1.0.0.tgz. Extracting by manifest.
588 silly tarball no local data for fast-levenshtein@https://registry.npmjs.org/fast-levenshtein/-/fast-levenshtein-2.0.6.tgz. Extracting by manifest.
589 silly tarball no local data for fast-memoize@https://registry.npmjs.org/fast-memoize/-/fast-memoize-2.5.2.tgz. Extracting by manifest.
590 silly tarball no local data for fast-json-stringify@https://registry.npmjs.org/fast-json-stringify/-/fast-json-stringify-5.14.1.tgz. Extracting by manifest.
591 silly tarball no local data for fast-json-stable-stringify@https://registry.npmjs.org/fast-json-stable-stringify/-/fast-json-stable-stringify-2.1.0.tgz. Extracting by manifest.
592 silly tarball no local data for fast-decode-uri-component@https://registry.npmjs.org/fast-decode-uri-component/-/fast-decode-uri-component-1.0.1.tgz. Extracting by manifest.
593 silly tarball no local data for fast-glob@https://registry.npmjs.org/fast-glob/-/fast-glob-3.2.11.tgz. Extracting by manifest.
594 silly tarball no local data for fast-deep-equal@https://registry.npmjs.org/fast-deep-equal/-/fast-deep-equal-3.1.3.tgz. Extracting by manifest.
595 silly tarball no local data for fast-copy@https://registry.npmjs.org/fast-copy/-/fast-copy-3.0.2.tgz. Extracting by manifest.
596 silly tarball no local data for fast-content-type-parse@https://registry.npmjs.org/fast-content-type-parse/-/fast-content-type-parse-1.1.0.tgz. Extracting by manifest.
597 silly tarball no local data for ext@https://registry.npmjs.org/ext/-/ext-1.7.0.tgz. Extracting by manifest.
598 silly tarball no local data for exponential-backoff@https://registry.npmjs.org/exponential-backoff/-/exponential-backoff-3.1.1.tgz. Extracting by manifest.
599 silly tarball no local data for expect@https://registry.npmjs.org/expect/-/expect-29.7.0.tgz. Extracting by manifest.
600 silly tarball no local data for expand-template@https://registry.npmjs.org/expand-template/-/expand-template-2.0.3.tgz. Extracting by manifest.
601 silly tarball no local data for execa@https://registry.npmjs.org/execa/-/execa-5.1.1.tgz. Extracting by manifest.
602 silly tarball no local data for exit@https://registry.npmjs.org/exit/-/exit-0.1.2.tgz. Extracting by manifest.
603 silly tarball no local data for events@https://registry.npmjs.org/events/-/events-3.3.0.tgz. Extracting by manifest.
604 silly tarball no local data for event-emitter@https://registry.npmjs.org/event-emitter/-/event-emitter-0.3.5.tgz. Extracting by manifest.
605 silly tarball no local data for esrecurse@https://registry.npmjs.org/esrecurse/-/esrecurse-4.3.0.tgz. Extracting by manifest.
606 silly tarball no local data for esutils@https://registry.npmjs.org/esutils/-/esutils-2.0.3.tgz. Extracting by manifest.
607 silly tarball no local data for estraverse@https://registry.npmjs.org/estraverse/-/estraverse-5.3.0.tgz. Extracting by manifest.
608 silly tarball no local data for event-target-shim@https://registry.npmjs.org/event-target-shim/-/event-target-shim-5.0.1.tgz. Extracting by manifest.
609 silly tarball no local data for esquery@https://registry.npmjs.org/esquery/-/esquery-1.5.0.tgz. Extracting by manifest.
610 silly tarball no local data for esprima@https://registry.npmjs.org/esprima/-/esprima-4.0.1.tgz. Extracting by manifest.
611 silly tarball no local data for espree@https://registry.npmjs.org/espree/-/espree-10.0.1.tgz. Extracting by manifest.
612 silly tarball no local data for esniff@https://registry.npmjs.org/esniff/-/esniff-2.0.1.tgz. Extracting by manifest.
613 silly tarball no local data for esm@https://registry.npmjs.org/esm/-/esm-3.2.25.tgz. Extracting by manifest.
614 silly tarball no local data for eslint-visitor-keys@https://registry.npmjs.org/eslint-visitor-keys/-/eslint-visitor-keys-3.4.3.tgz. Extracting by manifest.
615 silly tarball no local data for eslint-scope@https://registry.npmjs.org/eslint-scope/-/eslint-scope-7.2.2.tgz. Extracting by manifest.
616 silly tarball no local data for eslint-module-utils@https://registry.npmjs.org/eslint-module-utils/-/eslint-module-utils-2.8.1.tgz. Extracting by manifest.
617 silly tarball no local data for eslint-config-airbnb-base@https://registry.npmjs.org/eslint-config-airbnb-base/-/eslint-config-airbnb-base-15.0.0.tgz. Extracting by manifest.
618 silly tarball no local data for eslint@https://registry.npmjs.org/eslint/-/eslint-8.57.0.tgz. Extracting by manifest.
619 silly tarball no local data for eslint-import-resolver-node@https://registry.npmjs.org/eslint-import-resolver-node/-/eslint-import-resolver-node-0.3.9.tgz. Extracting by manifest.
620 silly tarball no local data for escape-html@https://registry.npmjs.org/escape-html/-/escape-html-1.0.3.tgz. Extracting by manifest.
621 silly tarball no local data for escape-string-regexp@https://registry.npmjs.org/escape-string-regexp/-/escape-string-regexp-1.0.5.tgz. Extracting by manifest.
622 silly tarball no local data for escape-goat@https://registry.npmjs.org/escape-goat/-/escape-goat-4.0.0.tgz. Extracting by manifest.
623 silly tarball no local data for escalade@https://registry.npmjs.org/escalade/-/escalade-3.1.1.tgz. Extracting by manifest.
624 silly tarball no local data for es6-weak-map@https://registry.npmjs.org/es6-weak-map/-/es6-weak-map-2.0.3.tgz. Extracting by manifest.
625 silly tarball no local data for es6-symbol@https://registry.npmjs.org/es6-symbol/-/es6-symbol-3.1.4.tgz. Extracting by manifest.
626 silly tarball no local data for es6-iterator@https://registry.npmjs.org/es6-iterator/-/es6-iterator-2.0.3.tgz. Extracting by manifest.
627 silly tarball no local data for es5-ext@https://registry.npmjs.org/es5-ext/-/es5-ext-0.10.64.tgz. Extracting by manifest.
628 silly tarball no local data for es-to-primitive@https://registry.npmjs.org/es-to-primitive/-/es-to-primitive-1.2.1.tgz. Extracting by manifest.
629 silly tarball no local data for es-shim-unscopables@https://registry.npmjs.org/es-shim-unscopables/-/es-shim-unscopables-1.0.2.tgz. Extracting by manifest.
630 silly tarball no local data for es-set-tostringtag@https://registry.npmjs.org/es-set-tostringtag/-/es-set-tostringtag-2.0.3.tgz. Extracting by manifest.
631 silly tarball no local data for es-module-lexer@https://registry.npmjs.org/es-module-lexer/-/es-module-lexer-1.5.0.tgz. Extracting by manifest.
632 silly tarball no local data for es-object-atoms@https://registry.npmjs.org/es-object-atoms/-/es-object-atoms-1.0.0.tgz. Extracting by manifest.
633 silly tarball no local data for es-errors@https://registry.npmjs.org/es-errors/-/es-errors-1.3.0.tgz. Extracting by manifest.
634 silly tarball no local data for es-define-property@https://registry.npmjs.org/es-define-property/-/es-define-property-1.0.0.tgz. Extracting by manifest.
635 silly tarball no local data for es-abstract@https://registry.npmjs.org/es-abstract/-/es-abstract-1.23.3.tgz. Extracting by manifest.
636 silly tarball no local data for err-code@https://registry.npmjs.org/err-code/-/err-code-2.0.3.tgz. Extracting by manifest.
637 silly tarball no local data for error-ex@https://registry.npmjs.org/error-ex/-/error-ex-1.3.2.tgz. Extracting by manifest.
638 silly tarball no local data for env-paths@https://registry.npmjs.org/env-paths/-/env-paths-2.2.1.tgz. Extracting by manifest.
639 silly tarball no local data for envinfo@https://registry.npmjs.org/envinfo/-/envinfo-7.12.0.tgz. Extracting by manifest.
640 silly tarball no local data for entities@https://registry.npmjs.org/entities/-/entities-3.0.1.tgz. Extracting by manifest.
641 silly tarball no local data for enhanced-resolve@https://registry.npmjs.org/enhanced-resolve/-/enhanced-resolve-5.16.0.tgz. Extracting by manifest.
642 silly tarball no local data for end-of-stream@https://registry.npmjs.org/end-of-stream/-/end-of-stream-1.4.4.tgz. Extracting by manifest.
643 silly tarball no local data for encoding@https://registry.npmjs.org/encoding/-/encoding-0.1.13.tgz. Extracting by manifest.
644 silly tarball no local data for emoji-regex@https://registry.npmjs.org/emoji-regex/-/emoji-regex-8.0.0.tgz. Extracting by manifest.
645 silly tarball no local data for emittery@https://registry.npmjs.org/emittery/-/emittery-0.13.1.tgz. Extracting by manifest.
646 silly tarball no local data for electron-to-chromium@https://registry.npmjs.org/electron-to-chromium/-/electron-to-chromium-1.4.746.tgz. Extracting by manifest.
647 silly tarball no local data for editorconfig@https://registry.npmjs.org/editorconfig/-/editorconfig-1.0.4.tgz. Extracting by manifest.
648 silly tarball no local data for dotenv@https://registry.npmjs.org/dotenv/-/dotenv-16.4.5.tgz. Extracting by manifest.
649 silly tarball no local data for eastasianwidth@https://registry.npmjs.org/eastasianwidth/-/eastasianwidth-0.2.0.tgz. Extracting by manifest.
650 silly tarball no local data for dottie@https://registry.npmjs.org/dottie/-/dottie-2.0.6.tgz. Extracting by manifest.
651 silly tarball no local data for dot-prop@https://registry.npmjs.org/dot-prop/-/dot-prop-6.0.1.tgz. Extracting by manifest.
652 silly tarball no local data for doctrine@https://registry.npmjs.org/doctrine/-/doctrine-3.0.0.tgz. Extracting by manifest.
653 silly tarball no local data for doctypes@https://registry.npmjs.org/doctypes/-/doctypes-1.1.0.tgz. Extracting by manifest.
654 silly tarball no local data for dir-glob@https://registry.npmjs.org/dir-glob/-/dir-glob-3.0.1.tgz. Extracting by manifest.
655 silly tarball no local data for diff-sequences@https://registry.npmjs.org/diff-sequences/-/diff-sequences-29.6.3.tgz. Extracting by manifest.
656 silly tarball no local data for detect-newline@https://registry.npmjs.org/detect-newline/-/detect-newline-3.1.0.tgz. Extracting by manifest.
657 silly tarball no local data for detect-libc@https://registry.npmjs.org/detect-libc/-/detect-libc-2.0.3.tgz. Extracting by manifest.
658 silly tarball no local data for depd@https://registry.npmjs.org/depd/-/depd-2.0.0.tgz. Extracting by manifest.
659 silly tarball no local data for delegates@https://registry.npmjs.org/delegates/-/delegates-1.0.0.tgz. Extracting by manifest.
660 silly tarball no local data for define-properties@https://registry.npmjs.org/define-properties/-/define-properties-1.2.1.tgz. Extracting by manifest.
661 silly tarball no local data for define-data-property@https://registry.npmjs.org/define-data-property/-/define-data-property-1.1.4.tgz. Extracting by manifest.
662 silly tarball no local data for deepmerge@https://registry.npmjs.org/deepmerge/-/deepmerge-4.3.1.tgz. Extracting by manifest.
663 silly tarball no local data for defer-to-connect@https://registry.npmjs.org/defer-to-connect/-/defer-to-connect-2.0.1.tgz. Extracting by manifest.
664 silly tarball no local data for deep-extend@https://registry.npmjs.org/deep-extend/-/deep-extend-0.6.0.tgz. Extracting by manifest.
665 silly tarball no local data for dedent@https://registry.npmjs.org/dedent/-/dedent-1.5.3.tgz. Extracting by manifest.
666 silly tarball no local data for deep-is@https://registry.npmjs.org/deep-is/-/deep-is-0.1.4.tgz. Extracting by manifest.
667 silly tarball no local data for decompress-response@https://registry.npmjs.org/decompress-response/-/decompress-response-6.0.0.tgz. Extracting by manifest.
668 silly tarball no local data for dateformat@https://registry.npmjs.org/dateformat/-/dateformat-4.6.3.tgz. Extracting by manifest.
669 silly tarball no local data for debug@https://registry.npmjs.org/debug/-/debug-4.3.4.tgz. Extracting by manifest.
670 silly tarball no local data for db-errors@https://registry.npmjs.org/db-errors/-/db-errors-0.2.3.tgz. Extracting by manifest.
671 silly tarball no local data for date-fns@https://registry.npmjs.org/date-fns/-/date-fns-2.30.0.tgz. Extracting by manifest.
672 silly tarball no local data for data-view-byte-offset@https://registry.npmjs.org/data-view-byte-offset/-/data-view-byte-offset-1.0.0.tgz. Extracting by manifest.
673 silly tarball no local data for data-view-byte-length@https://registry.npmjs.org/data-view-byte-length/-/data-view-byte-length-1.0.1.tgz. Extracting by manifest.
674 silly tarball no local data for data-view-buffer@https://registry.npmjs.org/data-view-buffer/-/data-view-buffer-1.0.1.tgz. Extracting by manifest.
675 silly tarball no local data for d@https://registry.npmjs.org/d/-/d-1.0.2.tgz. Extracting by manifest.
676 silly tarball no local data for cssesc@https://registry.npmjs.org/cssesc/-/cssesc-3.0.0.tgz. Extracting by manifest.
677 silly tarball no local data for css-loader@https://registry.npmjs.org/css-loader/-/css-loader-7.1.1.tgz. Extracting by manifest.
678 silly tarball no local data for crypto-random-string@https://registry.npmjs.org/crypto-random-string/-/crypto-random-string-4.0.0.tgz. Extracting by manifest.
679 silly tarball no local data for cross-spawn@https://registry.npmjs.org/cross-spawn/-/cross-spawn-7.0.3.tgz. Extracting by manifest.
680 silly tarball no local data for create-jest@https://registry.npmjs.org/create-jest/-/create-jest-29.7.0.tgz. Extracting by manifest.
681 silly tarball no local data for cookie-signature@https://registry.npmjs.org/cookie-signature/-/cookie-signature-1.2.1.tgz. Extracting by manifest.
682 silly tarball no local data for convert-source-map@https://registry.npmjs.org/convert-source-map/-/convert-source-map-2.0.0.tgz. Extracting by manifest.
683 silly tarball no local data for cookie@https://registry.npmjs.org/cookie/-/cookie-0.6.0.tgz. Extracting by manifest.
684 silly tarball no local data for eslint-plugin-import@https://registry.npmjs.org/eslint-plugin-import/-/eslint-plugin-import-2.29.1.tgz. Extracting by manifest.
685 silly tarball no local data for constantinople@https://registry.npmjs.org/constantinople/-/constantinople-4.0.1.tgz. Extracting by manifest.
686 silly tarball no local data for content-disposition@https://registry.npmjs.org/content-disposition/-/content-disposition-0.5.4.tgz. Extracting by manifest.
687 silly tarball no local data for console-control-strings@https://registry.npmjs.org/console-control-strings/-/console-control-strings-1.1.0.tgz. Extracting by manifest.
688 silly tarball no local data for configstore@https://registry.npmjs.org/configstore/-/configstore-6.0.0.tgz. Extracting by manifest.
689 silly tarball no local data for config-chain@https://registry.npmjs.org/config-chain/-/config-chain-1.1.13.tgz. Extracting by manifest.
690 silly tarball no local data for concat-map@https://registry.npmjs.org/concat-map/-/concat-map-0.0.1.tgz. Extracting by manifest.
691 silly tarball no local data for concurrently@https://registry.npmjs.org/concurrently/-/concurrently-8.2.2.tgz. Extracting by manifest.
692 silly tarball no local data for commist@https://registry.npmjs.org/commist/-/commist-3.0.0.tgz. Extracting by manifest.
693 silly tarball no local data for commander@https://registry.npmjs.org/commander/-/commander-10.0.1.tgz. Extracting by manifest.
694 silly tarball no local data for colorette@https://registry.npmjs.org/colorette/-/colorette-2.0.19.tgz. Extracting by manifest.
695 silly tarball no local data for color-support@https://registry.npmjs.org/color-support/-/color-support-1.1.3.tgz. Extracting by manifest.
696 silly tarball no local data for confusing-browser-globals@https://registry.npmjs.org/confusing-browser-globals/-/confusing-browser-globals-1.0.11.tgz. Extracting by manifest.
697 silly tarball no local data for color-name@https://registry.npmjs.org/color-name/-/color-name-1.1.4.tgz. Extracting by manifest.
698 silly tarball no local data for color-convert@https://registry.npmjs.org/color-convert/-/color-convert-2.0.1.tgz. Extracting by manifest.
699 silly tarball no local data for close-with-grace@https://registry.npmjs.org/close-with-grace/-/close-with-grace-1.1.0.tgz. Extracting by manifest.
700 silly tarball no local data for collect-v8-coverage@https://registry.npmjs.org/collect-v8-coverage/-/collect-v8-coverage-1.0.2.tgz. Extracting by manifest.
701 silly tarball no local data for co@https://registry.npmjs.org/co/-/co-4.6.0.tgz. Extracting by manifest.
702 silly tarball no local data for clone-response@https://registry.npmjs.org/clone-response/-/clone-response-1.0.3.tgz. Extracting by manifest.
703 silly tarball no local data for clone-deep@https://registry.npmjs.org/clone-deep/-/clone-deep-4.0.1.tgz. Extracting by manifest.
704 silly tarball no local data for cli-table3@https://registry.npmjs.org/cli-table3/-/cli-table3-0.6.4.tgz. Extracting by manifest.
705 silly tarball no local data for cliui@https://registry.npmjs.org/cliui/-/cliui-8.0.1.tgz. Extracting by manifest.
706 silly tarball no local data for cli-color@https://registry.npmjs.org/cli-color/-/cli-color-2.0.4.tgz. Extracting by manifest.
707 silly tarball no local data for cli-boxes@https://registry.npmjs.org/cli-boxes/-/cli-boxes-3.0.0.tgz. Extracting by manifest.
708 silly tarball no local data for clean-stack@https://registry.npmjs.org/clean-stack/-/clean-stack-2.2.0.tgz. Extracting by manifest.
709 silly tarball no local data for cjs-module-lexer@https://registry.npmjs.org/cjs-module-lexer/-/cjs-module-lexer-1.2.3.tgz. Extracting by manifest.
710 silly tarball no local data for ci-info@https://registry.npmjs.org/ci-info/-/ci-info-3.3.2.tgz. Extracting by manifest.
711 silly tarball no local data for chrome-trace-event@https://registry.npmjs.org/chrome-trace-event/-/chrome-trace-event-1.0.3.tgz. Extracting by manifest.
712 silly tarball no local data for chokidar@https://registry.npmjs.org/chokidar/-/chokidar-3.5.3.tgz. Extracting by manifest.
713 silly tarball no local data for chownr@https://registry.npmjs.org/chownr/-/chownr-2.0.0.tgz. Extracting by manifest.
714 silly tarball no local data for character-parser@https://registry.npmjs.org/character-parser/-/character-parser-2.2.0.tgz. Extracting by manifest.
715 silly tarball no local data for char-regex@https://registry.npmjs.org/char-regex/-/char-regex-1.0.2.tgz. Extracting by manifest.
716 silly tarball no local data for caniuse-lite@https://registry.npmjs.org/caniuse-lite/-/caniuse-lite-1.0.30001612.tgz. Extracting by manifest.
717 silly tarball no local data for camelcase@https://registry.npmjs.org/camelcase/-/camelcase-5.3.1.tgz. Extracting by manifest.
718 silly tarball no local data for chalk@https://registry.npmjs.org/chalk/-/chalk-4.1.2.tgz. Extracting by manifest.
719 silly tarball no local data for callsites@https://registry.npmjs.org/callsites/-/callsites-3.1.0.tgz. Extracting by manifest.
720 silly tarball no local data for call-bind@https://registry.npmjs.org/call-bind/-/call-bind-1.0.7.tgz. Extracting by manifest.
721 silly tarball no local data for cacheable-request@https://registry.npmjs.org/cacheable-request/-/cacheable-request-7.0.2.tgz. Extracting by manifest.
722 silly tarball no local data for cacheable-lookup@https://registry.npmjs.org/cacheable-lookup/-/cacheable-lookup-6.1.0.tgz. Extracting by manifest.
723 silly tarball no local data for cacache@https://registry.npmjs.org/cacache/-/cacache-17.1.4.tgz. Extracting by manifest.
724 silly tarball no local data for builtins@https://registry.npmjs.org/builtins/-/builtins-5.1.0.tgz. Extracting by manifest.
725 silly tarball no local data for buffer-from@https://registry.npmjs.org/buffer-from/-/buffer-from-1.1.2.tgz. Extracting by manifest.
726 silly tarball no local data for buffer@https://registry.npmjs.org/buffer/-/buffer-5.7.1.tgz. Extracting by manifest.
727 silly tarball no local data for bser@https://registry.npmjs.org/bser/-/bser-2.1.1.tgz. Extracting by manifest.
728 silly tarball no local data for braces@https://registry.npmjs.org/braces/-/braces-3.0.2.tgz. Extracting by manifest.
729 silly tarball no local data for brace-expansion@https://registry.npmjs.org/brace-expansion/-/brace-expansion-1.1.11.tgz. Extracting by manifest.
730 silly tarball no local data for boxen@https://registry.npmjs.org/boxen/-/boxen-7.0.0.tgz. Extracting by manifest.
731 silly tarball no local data for browserslist@https://registry.npmjs.org/browserslist/-/browserslist-4.23.0.tgz. Extracting by manifest.
732 silly tarball no local data for bootstrap@https://registry.npmjs.org/bootstrap/-/bootstrap-5.3.3.tgz. Extracting by manifest.
733 silly tarball no local data for bluebird@https://registry.npmjs.org/bluebird/-/bluebird-3.7.2.tgz. Extracting by manifest.
734 silly tarball no local data for bl@https://registry.npmjs.org/bl/-/bl-4.1.0.tgz. Extracting by manifest.
735 silly tarball no local data for bindings@https://registry.npmjs.org/bindings/-/bindings-1.5.0.tgz. Extracting by manifest.
736 silly tarball no local data for binary-extensions@https://registry.npmjs.org/binary-extensions/-/binary-extensions-2.2.0.tgz. Extracting by manifest.
737 silly tarball no local data for better-sqlite3@https://registry.npmjs.org/better-sqlite3/-/better-sqlite3-8.7.0.tgz. Extracting by manifest.
738 silly tarball no local data for babel-walk@https://registry.npmjs.org/babel-walk/-/babel-walk-3.0.0-canary-5.tgz. Extracting by manifest.
739 silly tarball no local data for base64-js@https://registry.npmjs.org/base64-js/-/base64-js-1.5.1.tgz. Extracting by manifest.
740 silly tarball no local data for balanced-match@https://registry.npmjs.org/balanced-match/-/balanced-match-1.0.2.tgz. Extracting by manifest.
741 silly tarball no local data for babel-preset-jest@https://registry.npmjs.org/babel-preset-jest/-/babel-preset-jest-29.6.3.tgz. Extracting by manifest.
742 silly tarball no local data for babel-plugin-istanbul@https://registry.npmjs.org/babel-plugin-istanbul/-/babel-plugin-istanbul-6.1.1.tgz. Extracting by manifest.
743 silly tarball no local data for babel-preset-current-node-syntax@https://registry.npmjs.org/babel-preset-current-node-syntax/-/babel-preset-current-node-syntax-1.0.1.tgz. Extracting by manifest.
744 silly tarball no local data for babel-plugin-jest-hoist@https://registry.npmjs.org/babel-plugin-jest-hoist/-/babel-plugin-jest-hoist-29.6.3.tgz. Extracting by manifest.
745 silly tarball no local data for babel-jest@https://registry.npmjs.org/babel-jest/-/babel-jest-29.7.0.tgz. Extracting by manifest.
746 silly tarball no local data for available-typed-arrays@https://registry.npmjs.org/available-typed-arrays/-/available-typed-arrays-1.0.7.tgz. Extracting by manifest.
747 silly tarball no local data for avvio@https://registry.npmjs.org/avvio/-/avvio-8.3.0.tgz. Extracting by manifest.
748 silly tarball no local data for atomic-sleep@https://registry.npmjs.org/atomic-sleep/-/atomic-sleep-1.0.0.tgz. Extracting by manifest.
749 silly tarball no local data for at-least-node@https://registry.npmjs.org/at-least-node/-/at-least-node-1.0.0.tgz. Extracting by manifest.
750 silly tarball no local data for assert-never@https://registry.npmjs.org/assert-never/-/assert-never-1.2.1.tgz. Extracting by manifest.
751 silly tarball no local data for asap@https://registry.npmjs.org/asap/-/asap-2.0.6.tgz. Extracting by manifest.
752 silly tarball no local data for arraybuffer.prototype.slice@https://registry.npmjs.org/arraybuffer.prototype.slice/-/arraybuffer.prototype.slice-1.0.3.tgz. Extracting by manifest.
753 silly tarball no local data for array.prototype.flatmap@https://registry.npmjs.org/array.prototype.flatmap/-/array.prototype.flatmap-1.3.2.tgz. Extracting by manifest.
754 silly tarball no local data for array.prototype.flat@https://registry.npmjs.org/array.prototype.flat/-/array.prototype.flat-1.3.2.tgz. Extracting by manifest.
755 silly tarball no local data for array.prototype.findlastindex@https://registry.npmjs.org/array.prototype.findlastindex/-/array.prototype.findlastindex-1.2.5.tgz. Extracting by manifest.
756 silly tarball no local data for array-union@https://registry.npmjs.org/array-union/-/array-union-2.1.0.tgz. Extracting by manifest.
757 silly tarball no local data for array-includes@https://registry.npmjs.org/array-includes/-/array-includes-3.1.8.tgz. Extracting by manifest.
758 silly tarball no local data for array-buffer-byte-length@https://registry.npmjs.org/array-buffer-byte-length/-/array-buffer-byte-length-1.0.1.tgz. Extracting by manifest.
759 silly tarball no local data for argparse@https://registry.npmjs.org/argparse/-/argparse-2.0.1.tgz. Extracting by manifest.
760 silly tarball no local data for are-we-there-yet@https://registry.npmjs.org/are-we-there-yet/-/are-we-there-yet-3.0.1.tgz. Extracting by manifest.
761 silly tarball no local data for archy@https://registry.npmjs.org/archy/-/archy-1.0.0.tgz. Extracting by manifest.
762 silly tarball no local data for aproba@https://registry.npmjs.org/aproba/-/aproba-2.0.0.tgz. Extracting by manifest.
763 silly tarball no local data for anymatch@https://registry.npmjs.org/anymatch/-/anymatch-3.1.2.tgz. Extracting by manifest.
764 silly tarball no local data for ansi-styles@https://registry.npmjs.org/ansi-styles/-/ansi-styles-4.3.0.tgz. Extracting by manifest.
765 silly tarball no local data for ansi-regex@https://registry.npmjs.org/ansi-regex/-/ansi-regex-5.0.1.tgz. Extracting by manifest.
766 silly tarball no local data for ansi-escapes@https://registry.npmjs.org/ansi-escapes/-/ansi-escapes-4.3.2.tgz. Extracting by manifest.
767 silly tarball no local data for ansi-align@https://registry.npmjs.org/ansi-align/-/ansi-align-3.0.1.tgz. Extracting by manifest.
768 silly tarball no local data for ajv-keywords@https://registry.npmjs.org/ajv-keywords/-/ajv-keywords-3.5.2.tgz. Extracting by manifest.
769 silly tarball no local data for ajv@https://registry.npmjs.org/ajv/-/ajv-6.12.6.tgz. Extracting by manifest.
770 silly tarball no local data for aggregate-error@https://registry.npmjs.org/aggregate-error/-/aggregate-error-3.1.0.tgz. Extracting by manifest.
771 silly tarball no local data for ajv-formats@https://registry.npmjs.org/ajv-formats/-/ajv-formats-2.1.1.tgz. Extracting by manifest.
772 silly tarball no local data for agentkeepalive@https://registry.npmjs.org/agentkeepalive/-/agentkeepalive-4.2.1.tgz. Extracting by manifest.
773 silly tarball no local data for agent-base@https://registry.npmjs.org/agent-base/-/agent-base-6.0.2.tgz. Extracting by manifest.
774 silly tarball no local data for acorn-jsx@https://registry.npmjs.org/acorn-jsx/-/acorn-jsx-5.3.2.tgz. Extracting by manifest.
775 silly tarball no local data for acorn-import-assertions@https://registry.npmjs.org/acorn-import-assertions/-/acorn-import-assertions-1.9.0.tgz. Extracting by manifest.
776 silly tarball no local data for abbrev@https://registry.npmjs.org/abbrev/-/abbrev-1.1.1.tgz. Extracting by manifest.
777 silly tarball no local data for acorn@https://registry.npmjs.org/acorn/-/acorn-8.11.3.tgz. Extracting by manifest.
778 silly tarball no local data for abstract-logging@https://registry.npmjs.org/abstract-logging/-/abstract-logging-2.0.1.tgz. Extracting by manifest.
779 silly tarball no local data for abort-controller@https://registry.npmjs.org/abort-controller/-/abort-controller-3.0.0.tgz. Extracting by manifest.
780 silly tarball no local data for @xtuc/long@https://registry.npmjs.org/@xtuc/long/-/long-4.2.2.tgz. Extracting by manifest.
781 silly tarball no local data for @xtuc/ieee754@https://registry.npmjs.org/@xtuc/ieee754/-/ieee754-1.2.0.tgz. Extracting by manifest.
782 silly tarball no local data for @webpack-cli/info@https://registry.npmjs.org/@webpack-cli/info/-/info-2.0.2.tgz. Extracting by manifest.
783 silly tarball no local data for @webpack-cli/serve@https://registry.npmjs.org/@webpack-cli/serve/-/serve-2.0.5.tgz. Extracting by manifest.
784 silly tarball no local data for @webpack-cli/configtest@https://registry.npmjs.org/@webpack-cli/configtest/-/configtest-2.1.1.tgz. Extracting by manifest.
785 silly tarball no local data for @webassemblyjs/wasm-parser@https://registry.npmjs.org/@webassemblyjs/wasm-parser/-/wasm-parser-1.12.1.tgz. Extracting by manifest.
786 silly tarball no local data for @webassemblyjs/wast-printer@https://registry.npmjs.org/@webassemblyjs/wast-printer/-/wast-printer-1.12.1.tgz. Extracting by manifest.
787 silly tarball no local data for @webassemblyjs/wasm-opt@https://registry.npmjs.org/@webassemblyjs/wasm-opt/-/wasm-opt-1.12.1.tgz. Extracting by manifest.
788 silly tarball no local data for @webassemblyjs/wasm-gen@https://registry.npmjs.org/@webassemblyjs/wasm-gen/-/wasm-gen-1.12.1.tgz. Extracting by manifest.
789 silly tarball no local data for @webassemblyjs/wasm-edit@https://registry.npmjs.org/@webassemblyjs/wasm-edit/-/wasm-edit-1.12.1.tgz. Extracting by manifest.
790 silly tarball no local data for @webassemblyjs/leb128@https://registry.npmjs.org/@webassemblyjs/leb128/-/leb128-1.11.6.tgz. Extracting by manifest.
791 silly tarball no local data for @webassemblyjs/utf8@https://registry.npmjs.org/@webassemblyjs/utf8/-/utf8-1.11.6.tgz. Extracting by manifest.
792 silly tarball no local data for @webassemblyjs/ieee754@https://registry.npmjs.org/@webassemblyjs/ieee754/-/ieee754-1.11.6.tgz. Extracting by manifest.
793 silly tarball no local data for @webassemblyjs/helper-numbers@https://registry.npmjs.org/@webassemblyjs/helper-numbers/-/helper-numbers-1.11.6.tgz. Extracting by manifest.
794 silly tarball no local data for @webassemblyjs/helper-wasm-section@https://registry.npmjs.org/@webassemblyjs/helper-wasm-section/-/helper-wasm-section-1.12.1.tgz. Extracting by manifest.
795 silly tarball no local data for @webassemblyjs/helper-wasm-bytecode@https://registry.npmjs.org/@webassemblyjs/helper-wasm-bytecode/-/helper-wasm-bytecode-1.11.6.tgz. Extracting by manifest.
796 silly tarball no local data for @webassemblyjs/helper-buffer@https://registry.npmjs.org/@webassemblyjs/helper-buffer/-/helper-buffer-1.12.1.tgz. Extracting by manifest.
797 silly tarball no local data for @webassemblyjs/helper-api-error@https://registry.npmjs.org/@webassemblyjs/helper-api-error/-/helper-api-error-1.11.6.tgz. Extracting by manifest.
798 silly tarball no local data for @webassemblyjs/floating-point-hex-parser@https://registry.npmjs.org/@webassemblyjs/floating-point-hex-parser/-/floating-point-hex-parser-1.11.6.tgz. Extracting by manifest.
799 silly tarball no local data for @webassemblyjs/ast@https://registry.npmjs.org/@webassemblyjs/ast/-/ast-1.12.1.tgz. Extracting by manifest.
800 silly tarball no local data for @vscode/sqlite3@https://registry.npmjs.org/@vscode/sqlite3/-/sqlite3-5.1.2.tgz. Extracting by manifest.
801 silly tarball no local data for @ungap/structured-clone@https://registry.npmjs.org/@ungap/structured-clone/-/structured-clone-1.2.0.tgz. Extracting by manifest.
802 silly tarball no local data for @types/yargs-parser@https://registry.npmjs.org/@types/yargs-parser/-/yargs-parser-21.0.3.tgz. Extracting by manifest.
803 silly tarball no local data for @types/yargs@https://registry.npmjs.org/@types/yargs/-/yargs-17.0.32.tgz. Extracting by manifest.
804 silly tarball no local data for @types/stack-utils@https://registry.npmjs.org/@types/stack-utils/-/stack-utils-2.0.3.tgz. Extracting by manifest.
805 silly tarball no local data for @types/validator@https://registry.npmjs.org/@types/validator/-/validator-13.11.9.tgz. Extracting by manifest.
806 silly tarball no local data for @types/stack-trace@https://registry.npmjs.org/@types/stack-trace/-/stack-trace-0.0.29.tgz. Extracting by manifest.
807 silly tarball no local data for @types/responselike@https://registry.npmjs.org/@types/responselike/-/responselike-1.0.0.tgz. Extracting by manifest.
808 silly tarball no local data for @types/node@https://registry.npmjs.org/@types/node/-/node-20.12.7.tgz. Extracting by manifest.
809 silly tarball no local data for @types/semver-utils@https://registry.npmjs.org/@types/semver-utils/-/semver-utils-1.1.3.tgz. Extracting by manifest.
810 silly tarball no local data for @types/ms@https://registry.npmjs.org/@types/ms/-/ms-0.7.34.tgz. Extracting by manifest.
811 silly tarball no local data for @types/json5@https://registry.npmjs.org/@types/json5/-/json5-0.0.29.tgz. Extracting by manifest.
812 silly tarball no local data for @types/keyv@https://registry.npmjs.org/@types/keyv/-/keyv-3.1.4.tgz. Extracting by manifest.
813 silly tarball no local data for @types/json-schema@https://registry.npmjs.org/@types/json-schema/-/json-schema-7.0.11.tgz. Extracting by manifest.
814 silly tarball no local data for @types/jest@https://registry.npmjs.org/@types/jest/-/jest-29.5.12.tgz. Extracting by manifest.
815 silly tarball no local data for @types/istanbul-reports@https://registry.npmjs.org/@types/istanbul-reports/-/istanbul-reports-3.0.4.tgz. Extracting by manifest.
816 silly tarball no local data for @types/istanbul-lib-report@https://registry.npmjs.org/@types/istanbul-lib-report/-/istanbul-lib-report-3.0.3.tgz. Extracting by manifest.
817 silly tarball no local data for @types/istanbul-lib-coverage@https://registry.npmjs.org/@types/istanbul-lib-coverage/-/istanbul-lib-coverage-2.0.6.tgz. Extracting by manifest.
818 silly tarball no local data for @types/http-cache-semantics@https://registry.npmjs.org/@types/http-cache-semantics/-/http-cache-semantics-4.0.1.tgz. Extracting by manifest.
819 silly tarball no local data for @types/graceful-fs@https://registry.npmjs.org/@types/graceful-fs/-/graceful-fs-4.1.9.tgz. Extracting by manifest.
820 silly tarball no local data for @types/estree@https://registry.npmjs.org/@types/estree/-/estree-1.0.5.tgz. Extracting by manifest.
821 silly tarball no local data for @types/eslint-scope@https://registry.npmjs.org/@types/eslint-scope/-/eslint-scope-3.7.4.tgz. Extracting by manifest.
822 silly tarball no local data for @types/debug@https://registry.npmjs.org/@types/debug/-/debug-4.1.12.tgz. Extracting by manifest.
823 silly tarball no local data for @types/eslint@https://registry.npmjs.org/@types/eslint/-/eslint-8.4.6.tgz. Extracting by manifest.
824 silly tarball no local data for @types/cacheable-request@https://registry.npmjs.org/@types/cacheable-request/-/cacheable-request-6.0.2.tgz. Extracting by manifest.
825 silly tarball no local data for @types/babel__template@https://registry.npmjs.org/@types/babel__template/-/babel__template-7.4.4.tgz. Extracting by manifest.
826 silly tarball no local data for @types/babel__traverse@https://registry.npmjs.org/@types/babel__traverse/-/babel__traverse-7.20.5.tgz. Extracting by manifest.
827 silly tarball no local data for @types/babel__generator@https://registry.npmjs.org/@types/babel__generator/-/babel__generator-7.6.8.tgz. Extracting by manifest.
828 silly tarball no local data for @tufjs/models@https://registry.npmjs.org/@tufjs/models/-/models-1.0.4.tgz. Extracting by manifest.
829 silly tarball no local data for @tufjs/canonical-json@https://registry.npmjs.org/@tufjs/canonical-json/-/canonical-json-1.0.0.tgz. Extracting by manifest.
830 silly tarball no local data for @szmarczak/http-timer@https://registry.npmjs.org/@szmarczak/http-timer/-/http-timer-5.0.1.tgz. Extracting by manifest.
831 silly tarball no local data for @tootallnate/once@https://registry.npmjs.org/@tootallnate/once/-/once-2.0.0.tgz. Extracting by manifest.
832 silly tarball no local data for @sinonjs/commons@https://registry.npmjs.org/@sinonjs/commons/-/commons-3.0.1.tgz. Extracting by manifest.
833 silly tarball no local data for @sinonjs/fake-timers@https://registry.npmjs.org/@sinonjs/fake-timers/-/fake-timers-10.3.0.tgz. Extracting by manifest.
834 silly tarball no local data for @sindresorhus/is@https://registry.npmjs.org/@sindresorhus/is/-/is-5.3.0.tgz. Extracting by manifest.
835 silly tarball no local data for @types/babel__core@https://registry.npmjs.org/@types/babel__core/-/babel__core-7.20.5.tgz. Extracting by manifest.
836 silly tarball no local data for @sinclair/typebox@https://registry.npmjs.org/@sinclair/typebox/-/typebox-0.27.8.tgz. Extracting by manifest.
837 silly tarball no local data for @sigstore/tuf@https://registry.npmjs.org/@sigstore/tuf/-/tuf-1.0.3.tgz. Extracting by manifest.
838 silly tarball no local data for @sigstore/protobuf-specs@https://registry.npmjs.org/@sigstore/protobuf-specs/-/protobuf-specs-0.2.1.tgz. Extracting by manifest.
839 silly tarball no local data for @sigstore/bundle@https://registry.npmjs.org/@sigstore/bundle/-/bundle-1.1.0.tgz. Extracting by manifest.
840 silly tarball no local data for @sigstore/sign@https://registry.npmjs.org/@sigstore/sign/-/sign-1.0.0.tgz. Extracting by manifest.
841 silly tarball no local data for @rails/ujs@https://registry.npmjs.org/@rails/ujs/-/ujs-7.1.3-2.tgz. Extracting by manifest.
842 silly tarball no local data for @pnpm/npm-conf@https://registry.npmjs.org/@pnpm/npm-conf/-/npm-conf-1.0.5.tgz. Extracting by manifest.
843 silly tarball no local data for @popperjs/core@https://registry.npmjs.org/@popperjs/core/-/core-2.11.8.tgz. Extracting by manifest.
844 silly tarball no local data for @pnpm/network.ca-file@https://registry.npmjs.org/@pnpm/network.ca-file/-/network.ca-file-1.0.1.tgz. Extracting by manifest.
845 silly tarball no local data for @one-ini/wasm@https://registry.npmjs.org/@one-ini/wasm/-/wasm-0.1.1.tgz. Extracting by manifest.
846 silly tarball no local data for @pkgjs/parseargs@https://registry.npmjs.org/@pkgjs/parseargs/-/parseargs-0.11.0.tgz. Extracting by manifest.
847 silly tarball no local data for @npmcli/run-script@https://registry.npmjs.org/@npmcli/run-script/-/run-script-6.0.2.tgz. Extracting by manifest.
848 silly tarball no local data for @npmcli/promise-spawn@https://registry.npmjs.org/@npmcli/promise-spawn/-/promise-spawn-6.0.2.tgz. Extracting by manifest.
849 silly tarball no local data for @npmcli/node-gyp@https://registry.npmjs.org/@npmcli/node-gyp/-/node-gyp-3.0.0.tgz. Extracting by manifest.
850 silly tarball no local data for @npmcli/move-file@https://registry.npmjs.org/@npmcli/move-file/-/move-file-2.0.1.tgz. Extracting by manifest.
851 silly tarball no local data for @npmcli/installed-package-contents@https://registry.npmjs.org/@npmcli/installed-package-contents/-/installed-package-contents-2.0.2.tgz. Extracting by manifest.
852 silly tarball no local data for @npmcli/git@https://registry.npmjs.org/@npmcli/git/-/git-4.1.0.tgz. Extracting by manifest.
853 silly tarball no local data for @npmcli/fs@https://registry.npmjs.org/@npmcli/fs/-/fs-3.1.0.tgz. Extracting by manifest.
854 silly tarball no local data for @nodelib/fs.stat@https://registry.npmjs.org/@nodelib/fs.stat/-/fs.stat-2.0.5.tgz. Extracting by manifest.
855 silly tarball no local data for @nodelib/fs.walk@https://registry.npmjs.org/@nodelib/fs.walk/-/fs.walk-1.2.8.tgz. Extracting by manifest.
856 silly tarball no local data for @lukeed/ms@https://registry.npmjs.org/@lukeed/ms/-/ms-2.0.2.tgz. Extracting by manifest.
857 silly tarball no local data for @nodelib/fs.scandir@https://registry.npmjs.org/@nodelib/fs.scandir/-/fs.scandir-2.1.5.tgz. Extracting by manifest.
858 silly tarball no local data for @jridgewell/trace-mapping@https://registry.npmjs.org/@jridgewell/trace-mapping/-/trace-mapping-0.3.25.tgz. Extracting by manifest.
859 silly tarball no local data for @jridgewell/source-map@https://registry.npmjs.org/@jridgewell/source-map/-/source-map-0.3.6.tgz. Extracting by manifest.
860 silly tarball no local data for @jridgewell/sourcemap-codec@https://registry.npmjs.org/@jridgewell/sourcemap-codec/-/sourcemap-codec-1.4.15.tgz. Extracting by manifest.
861 silly tarball no local data for @jridgewell/set-array@https://registry.npmjs.org/@jridgewell/set-array/-/set-array-1.2.1.tgz. Extracting by manifest.
862 silly tarball no local data for @jridgewell/gen-mapping@https://registry.npmjs.org/@jridgewell/gen-mapping/-/gen-mapping-0.3.5.tgz. Extracting by manifest.
863 silly tarball no local data for @jridgewell/resolve-uri@https://registry.npmjs.org/@jridgewell/resolve-uri/-/resolve-uri-3.1.2.tgz. Extracting by manifest.
864 silly tarball no local data for @jest/types@https://registry.npmjs.org/@jest/types/-/types-29.6.3.tgz. Extracting by manifest.
865 silly tarball no local data for @jest/transform@https://registry.npmjs.org/@jest/transform/-/transform-29.7.0.tgz. Extracting by manifest.
866 silly tarball no local data for @jest/test-sequencer@https://registry.npmjs.org/@jest/test-sequencer/-/test-sequencer-29.7.0.tgz. Extracting by manifest.
867 silly tarball no local data for @jest/test-result@https://registry.npmjs.org/@jest/test-result/-/test-result-29.7.0.tgz. Extracting by manifest.
868 silly tarball no local data for @jest/source-map@https://registry.npmjs.org/@jest/source-map/-/source-map-29.6.3.tgz. Extracting by manifest.
869 silly tarball no local data for @jest/reporters@https://registry.npmjs.org/@jest/reporters/-/reporters-29.7.0.tgz. Extracting by manifest.
870 silly tarball no local data for @jest/schemas@https://registry.npmjs.org/@jest/schemas/-/schemas-29.6.3.tgz. Extracting by manifest.
871 silly tarball no local data for @jest/globals@https://registry.npmjs.org/@jest/globals/-/globals-29.7.0.tgz. Extracting by manifest.
872 silly tarball no local data for @jest/fake-timers@https://registry.npmjs.org/@jest/fake-timers/-/fake-timers-29.7.0.tgz. Extracting by manifest.
873 silly tarball no local data for @jest/expect-utils@https://registry.npmjs.org/@jest/expect-utils/-/expect-utils-29.7.0.tgz. Extracting by manifest.
874 silly tarball no local data for @jest/expect@https://registry.npmjs.org/@jest/expect/-/expect-29.7.0.tgz. Extracting by manifest.
875 silly tarball no local data for @jest/environment@https://registry.npmjs.org/@jest/environment/-/environment-29.7.0.tgz. Extracting by manifest.
876 silly tarball no local data for @jest/console@https://registry.npmjs.org/@jest/console/-/console-29.7.0.tgz. Extracting by manifest.
877 silly tarball no local data for @jest/core@https://registry.npmjs.org/@jest/core/-/core-29.7.0.tgz. Extracting by manifest.
878 silly tarball no local data for @istanbuljs/load-nyc-config@https://registry.npmjs.org/@istanbuljs/load-nyc-config/-/load-nyc-config-1.1.0.tgz. Extracting by manifest.
879 silly tarball no local data for @istanbuljs/schema@https://registry.npmjs.org/@istanbuljs/schema/-/schema-0.1.3.tgz. Extracting by manifest.
880 silly tarball no local data for @isaacs/cliui@https://registry.npmjs.org/@isaacs/cliui/-/cliui-8.0.2.tgz. Extracting by manifest.
881 silly tarball no local data for @humanwhocodes/object-schema@https://registry.npmjs.org/@humanwhocodes/object-schema/-/object-schema-2.0.3.tgz. Extracting by manifest.
882 silly tarball no local data for @humanwhocodes/module-importer@https://registry.npmjs.org/@humanwhocodes/module-importer/-/module-importer-1.0.1.tgz. Extracting by manifest.
883 silly tarball no local data for @gar/promisify@https://registry.npmjs.org/@gar/promisify/-/promisify-1.1.3.tgz. Extracting by manifest.
884 silly tarball no local data for @humanwhocodes/config-array@https://registry.npmjs.org/@humanwhocodes/config-array/-/config-array-0.11.14.tgz. Extracting by manifest.
885 silly tarball no local data for @fastify/sensible@https://registry.npmjs.org/@fastify/sensible/-/sensible-5.5.0.tgz. Extracting by manifest.
886 silly tarball no local data for @fastify/static@https://registry.npmjs.org/@fastify/static/-/static-7.0.3.tgz. Extracting by manifest.
887 silly tarball no local data for @fastify/view@https://registry.npmjs.org/@fastify/view/-/view-9.0.0.tgz. Extracting by manifest.
888 silly tarball no local data for @fastify/send@https://registry.npmjs.org/@fastify/send/-/send-2.1.0.tgz. Extracting by manifest.
889 silly tarball no local data for @fastify/secure-session@https://registry.npmjs.org/@fastify/secure-session/-/secure-session-7.5.1.tgz. Extracting by manifest.
890 silly tarball no local data for @fastify/merge-json-schemas@https://registry.npmjs.org/@fastify/merge-json-schemas/-/merge-json-schemas-0.1.1.tgz. Extracting by manifest.
891 silly tarball no local data for @fastify/formbody@https://registry.npmjs.org/@fastify/formbody/-/formbody-7.4.0.tgz. Extracting by manifest.
892 silly tarball no local data for @fastify/fast-json-stringify-compiler@https://registry.npmjs.org/@fastify/fast-json-stringify-compiler/-/fast-json-stringify-compiler-4.3.0.tgz. Extracting by manifest.
893 silly tarball no local data for @fastify/flash@https://registry.npmjs.org/@fastify/flash/-/flash-5.1.0.tgz. Extracting by manifest.
894 silly tarball no local data for @fastify/error@https://registry.npmjs.org/@fastify/error/-/error-3.4.1.tgz. Extracting by manifest.
895 silly tarball no local data for @fastify/deepmerge@https://registry.npmjs.org/@fastify/deepmerge/-/deepmerge-1.3.0.tgz. Extracting by manifest.
896 silly tarball no local data for @fastify/cookie@https://registry.npmjs.org/@fastify/cookie/-/cookie-9.3.1.tgz. Extracting by manifest.
897 silly tarball no local data for @fastify/ajv-compiler@https://registry.npmjs.org/@fastify/ajv-compiler/-/ajv-compiler-3.5.0.tgz. Extracting by manifest.
898 silly tarball no local data for @fastify/accept-negotiator@https://registry.npmjs.org/@fastify/accept-negotiator/-/accept-negotiator-1.0.0.tgz. Extracting by manifest.
899 silly tarball no local data for @eslint/js@https://registry.npmjs.org/@eslint/js/-/js-9.1.1.tgz. Extracting by manifest.
900 silly tarball no local data for @eslint/eslintrc@https://registry.npmjs.org/@eslint/eslintrc/-/eslintrc-3.0.2.tgz. Extracting by manifest.
901 silly tarball no local data for @eslint-community/eslint-utils@https://registry.npmjs.org/@eslint-community/eslint-utils/-/eslint-utils-4.4.0.tgz. Extracting by manifest.
902 silly tarball no local data for @eslint-community/regexpp@https://registry.npmjs.org/@eslint-community/regexpp/-/regexpp-4.10.0.tgz. Extracting by manifest.
903 silly tarball no local data for @discoveryjs/json-ext@https://registry.npmjs.org/@discoveryjs/json-ext/-/json-ext-0.5.7.tgz. Extracting by manifest.
904 silly tarball no local data for @babel/traverse@https://registry.npmjs.org/@babel/traverse/-/traverse-7.24.1.tgz. Extracting by manifest.
905 silly tarball no local data for @babel/types@https://registry.npmjs.org/@babel/types/-/types-7.24.0.tgz. Extracting by manifest.
906 silly tarball no local data for @bcoe/v8-coverage@https://registry.npmjs.org/@bcoe/v8-coverage/-/v8-coverage-0.2.3.tgz. Extracting by manifest.
907 silly tarball no local data for @colors/colors@https://registry.npmjs.org/@colors/colors/-/colors-1.5.0.tgz. Extracting by manifest.
908 silly tarball no local data for @babel/template@https://registry.npmjs.org/@babel/template/-/template-7.24.0.tgz. Extracting by manifest.
909 silly tarball no local data for @babel/runtime@https://registry.npmjs.org/@babel/runtime/-/runtime-7.24.4.tgz. Extracting by manifest.
910 silly tarball no local data for @babel/plugin-syntax-typescript@https://registry.npmjs.org/@babel/plugin-syntax-typescript/-/plugin-syntax-typescript-7.24.1.tgz. Extracting by manifest.
911 silly tarball no local data for @babel/plugin-syntax-top-level-await@https://registry.npmjs.org/@babel/plugin-syntax-top-level-await/-/plugin-syntax-top-level-await-7.14.5.tgz. Extracting by manifest.
912 silly tarball no local data for @babel/plugin-syntax-optional-chaining@https://registry.npmjs.org/@babel/plugin-syntax-optional-chaining/-/plugin-syntax-optional-chaining-7.8.3.tgz. Extracting by manifest.
913 silly tarball no local data for @babel/plugin-syntax-optional-catch-binding@https://registry.npmjs.org/@babel/plugin-syntax-optional-catch-binding/-/plugin-syntax-optional-catch-binding-7.8.3.tgz. Extracting by manifest.
914 silly tarball no local data for @babel/plugin-syntax-object-rest-spread@https://registry.npmjs.org/@babel/plugin-syntax-object-rest-spread/-/plugin-syntax-object-rest-spread-7.8.3.tgz. Extracting by manifest.
915 silly tarball no local data for @babel/plugin-syntax-nullish-coalescing-operator@https://registry.npmjs.org/@babel/plugin-syntax-nullish-coalescing-operator/-/plugin-syntax-nullish-coalescing-operator-7.8.3.tgz. Extracting by manifest.
916 silly tarball no local data for @babel/plugin-syntax-numeric-separator@https://registry.npmjs.org/@babel/plugin-syntax-numeric-separator/-/plugin-syntax-numeric-separator-7.10.4.tgz. Extracting by manifest.
917 silly tarball no local data for @babel/plugin-syntax-logical-assignment-operators@https://registry.npmjs.org/@babel/plugin-syntax-logical-assignment-operators/-/plugin-syntax-logical-assignment-operators-7.10.4.tgz. Extracting by manifest.
918 silly tarball no local data for @babel/plugin-syntax-json-strings@https://registry.npmjs.org/@babel/plugin-syntax-json-strings/-/plugin-syntax-json-strings-7.8.3.tgz. Extracting by manifest.
919 silly tarball no local data for @babel/plugin-syntax-jsx@https://registry.npmjs.org/@babel/plugin-syntax-jsx/-/plugin-syntax-jsx-7.24.1.tgz. Extracting by manifest.
920 silly tarball no local data for @babel/plugin-syntax-import-meta@https://registry.npmjs.org/@babel/plugin-syntax-import-meta/-/plugin-syntax-import-meta-7.10.4.tgz. Extracting by manifest.
921 silly tarball no local data for @babel/plugin-syntax-class-properties@https://registry.npmjs.org/@babel/plugin-syntax-class-properties/-/plugin-syntax-class-properties-7.12.13.tgz. Extracting by manifest.
922 silly tarball no local data for @babel/plugin-syntax-bigint@https://registry.npmjs.org/@babel/plugin-syntax-bigint/-/plugin-syntax-bigint-7.8.3.tgz. Extracting by manifest.
923 silly tarball no local data for @babel/parser@https://registry.npmjs.org/@babel/parser/-/parser-7.24.4.tgz. Extracting by manifest.
924 silly tarball no local data for @babel/plugin-syntax-async-generators@https://registry.npmjs.org/@babel/plugin-syntax-async-generators/-/plugin-syntax-async-generators-7.8.4.tgz. Extracting by manifest.
925 silly tarball no local data for @babel/helpers@https://registry.npmjs.org/@babel/helpers/-/helpers-7.24.4.tgz. Extracting by manifest.
926 silly tarball no local data for @babel/highlight@https://registry.npmjs.org/@babel/highlight/-/highlight-7.24.2.tgz. Extracting by manifest.
927 silly tarball no local data for @babel/helper-string-parser@https://registry.npmjs.org/@babel/helper-string-parser/-/helper-string-parser-7.24.1.tgz. Extracting by manifest.
928 silly tarball no local data for @babel/helper-validator-option@https://registry.npmjs.org/@babel/helper-validator-option/-/helper-validator-option-7.23.5.tgz. Extracting by manifest.
929 silly tarball no local data for @babel/helper-split-export-declaration@https://registry.npmjs.org/@babel/helper-split-export-declaration/-/helper-split-export-declaration-7.22.6.tgz. Extracting by manifest.
930 silly tarball no local data for @babel/helper-validator-identifier@https://registry.npmjs.org/@babel/helper-validator-identifier/-/helper-validator-identifier-7.22.20.tgz. Extracting by manifest.
931 silly tarball no local data for @babel/helper-simple-access@https://registry.npmjs.org/@babel/helper-simple-access/-/helper-simple-access-7.22.5.tgz. Extracting by manifest.
932 silly tarball no local data for @babel/helper-module-transforms@https://registry.npmjs.org/@babel/helper-module-transforms/-/helper-module-transforms-7.23.3.tgz. Extracting by manifest.
933 silly tarball no local data for @babel/helper-plugin-utils@https://registry.npmjs.org/@babel/helper-plugin-utils/-/helper-plugin-utils-7.24.0.tgz. Extracting by manifest.
934 silly tarball no local data for @babel/helper-module-imports@https://registry.npmjs.org/@babel/helper-module-imports/-/helper-module-imports-7.24.3.tgz. Extracting by manifest.
935 silly tarball no local data for @babel/helper-hoist-variables@https://registry.npmjs.org/@babel/helper-hoist-variables/-/helper-hoist-variables-7.22.5.tgz. Extracting by manifest.
936 silly tarball no local data for @babel/helper-function-name@https://registry.npmjs.org/@babel/helper-function-name/-/helper-function-name-7.23.0.tgz. Extracting by manifest.
937 silly tarball no local data for @babel/helper-environment-visitor@https://registry.npmjs.org/@babel/helper-environment-visitor/-/helper-environment-visitor-7.22.20.tgz. Extracting by manifest.
938 silly tarball no local data for @babel/generator@https://registry.npmjs.org/@babel/generator/-/generator-7.24.4.tgz. Extracting by manifest.
939 silly tarball no local data for @babel/helper-compilation-targets@https://registry.npmjs.org/@babel/helper-compilation-targets/-/helper-compilation-targets-7.23.6.tgz. Extracting by manifest.
940 silly tarball no local data for @babel/core@https://registry.npmjs.org/@babel/core/-/core-7.24.4.tgz. Extracting by manifest.
941 silly tarball no local data for @babel/code-frame@https://registry.npmjs.org/@babel/code-frame/-/code-frame-7.24.2.tgz. Extracting by manifest.
942 silly tarball no local data for @babel/compat-data@https://registry.npmjs.org/@babel/compat-data/-/compat-data-7.24.4.tgz. Extracting by manifest.
943 silly tarball no local data for @ampproject/remapping@https://registry.npmjs.org/@ampproject/remapping/-/remapping-2.3.0.tgz. Extracting by manifest.
944 silly tarball no local data for @aashutoshrathi/word-wrap@https://registry.npmjs.org/@aashutoshrathi/word-wrap/-/word-wrap-1.2.6.tgz. Extracting by manifest.
945 silly tarball no local data for cookie@https://registry.npmjs.org/cookie/-/cookie-0.4.2.tgz. Extracting by manifest.
946 silly tarball no local data for string-width@https://registry.npmjs.org/string-width/-/string-width-5.1.2.tgz. Extracting by manifest.
947 silly tarball no local data for strip-ansi@https://registry.npmjs.org/strip-ansi/-/strip-ansi-7.0.1.tgz. Extracting by manifest.
948 silly tarball no local data for emoji-regex@https://registry.npmjs.org/emoji-regex/-/emoji-regex-9.2.2.tgz. Extracting by manifest.
949 silly tarball no local data for ansi-styles@https://registry.npmjs.org/ansi-styles/-/ansi-styles-6.1.0.tgz. Extracting by manifest.
950 silly tarball no local data for ansi-regex@https://registry.npmjs.org/ansi-regex/-/ansi-regex-6.0.1.tgz. Extracting by manifest.
951 silly tarball no local data for string-width@https://registry.npmjs.org/string-width/-/string-width-5.1.2.tgz. Extracting by manifest.
952 silly tarball no local data for strip-ansi@https://registry.npmjs.org/strip-ansi/-/strip-ansi-7.0.1.tgz. Extracting by manifest.
953 silly tarball no local data for emoji-regex@https://registry.npmjs.org/emoji-regex/-/emoji-regex-9.2.2.tgz. Extracting by manifest.
954 silly tarball no local data for ansi-regex@https://registry.npmjs.org/ansi-regex/-/ansi-regex-6.0.1.tgz. Extracting by manifest.
955 silly tarball no local data for interpret@https://registry.npmjs.org/interpret/-/interpret-3.1.1.tgz. Extracting by manifest.
956 silly tarball no local data for graceful-fs@https://registry.npmjs.org/graceful-fs/-/graceful-fs-4.2.11.tgz. Extracting by manifest.
957 silly tarball no local data for schema-utils@https://registry.npmjs.org/schema-utils/-/schema-utils-3.3.0.tgz. Extracting by manifest.
958 silly tarball no local data for estraverse@https://registry.npmjs.org/estraverse/-/estraverse-4.3.0.tgz. Extracting by manifest.
959 silly tarball no local data for chalk@https://registry.npmjs.org/chalk/-/chalk-5.0.1.tgz. Extracting by manifest.
960 silly tarball no local data for eslint-scope@https://registry.npmjs.org/eslint-scope/-/eslint-scope-5.1.1.tgz. Extracting by manifest.
961 silly tarball no local data for strip-bom@https://registry.npmjs.org/strip-bom/-/strip-bom-3.0.0.tgz. Extracting by manifest.
962 silly tarball no local data for json5@https://registry.npmjs.org/json5/-/json5-1.0.2.tgz. Extracting by manifest.
963 silly tarball no local data for glob@https://registry.npmjs.org/glob/-/glob-7.2.3.tgz. Extracting by manifest.
964 silly tarball no local data for schema-utils@https://registry.npmjs.org/schema-utils/-/schema-utils-3.3.0.tgz. Extracting by manifest.
965 silly tarball no local data for supports-color@https://registry.npmjs.org/supports-color/-/supports-color-8.1.1.tgz. Extracting by manifest.
966 silly tarball no local data for jest-worker@https://registry.npmjs.org/jest-worker/-/jest-worker-27.5.1.tgz. Extracting by manifest.
967 silly tarball no local data for commander@https://registry.npmjs.org/commander/-/commander-2.20.3.tgz. Extracting by manifest.
968 silly tarball no local data for source-map-support@https://registry.npmjs.org/source-map-support/-/source-map-support-0.5.21.tgz. Extracting by manifest.
969 silly tarball no local data for chownr@https://registry.npmjs.org/chownr/-/chownr-1.1.4.tgz. Extracting by manifest.
970 silly tarball no local data for escape-string-regexp@https://registry.npmjs.org/escape-string-regexp/-/escape-string-regexp-2.0.0.tgz. Extracting by manifest.
971 silly tarball no local data for minipass@https://registry.npmjs.org/minipass/-/minipass-7.0.4.tgz. Extracting by manifest.
972 silly tarball no local data for ssri@https://registry.npmjs.org/ssri/-/ssri-8.0.1.tgz. Extracting by manifest.
973 silly tarball no local data for node-gyp@https://registry.npmjs.org/node-gyp/-/node-gyp-8.4.1.tgz. Extracting by manifest.
974 silly tarball no local data for socks-proxy-agent@https://registry.npmjs.org/socks-proxy-agent/-/socks-proxy-agent-6.2.1.tgz. Extracting by manifest.
975 silly tarball no local data for minipass-fetch@https://registry.npmjs.org/minipass-fetch/-/minipass-fetch-1.4.1.tgz. Extracting by manifest.
976 silly tarball no local data for node-addon-api@https://registry.npmjs.org/node-addon-api/-/node-addon-api-7.1.0.tgz. Extracting by manifest.
977 silly tarball no local data for lru-cache@https://registry.npmjs.org/lru-cache/-/lru-cache-6.0.0.tgz. Extracting by manifest.
978 silly tarball no local data for http-proxy-agent@https://registry.npmjs.org/http-proxy-agent/-/http-proxy-agent-4.0.1.tgz. Extracting by manifest.
979 silly tarball no local data for make-fetch-happen@https://registry.npmjs.org/make-fetch-happen/-/make-fetch-happen-9.1.0.tgz. Extracting by manifest.
980 silly tarball no local data for cacache@https://registry.npmjs.org/cacache/-/cacache-15.3.0.tgz. Extracting by manifest.
981 silly tarball no local data for glob@https://registry.npmjs.org/glob/-/glob-7.2.3.tgz. Extracting by manifest.
982 silly tarball no local data for @npmcli/fs@https://registry.npmjs.org/@npmcli/fs/-/fs-1.1.1.tgz. Extracting by manifest.
983 silly tarball no local data for @npmcli/move-file@https://registry.npmjs.org/@npmcli/move-file/-/move-file-1.1.2.tgz. Extracting by manifest.
984 silly tarball no local data for @tootallnate/once@https://registry.npmjs.org/@tootallnate/once/-/once-1.1.2.tgz. Extracting by manifest.
985 silly tarball no local data for yargs-parser@https://registry.npmjs.org/yargs-parser/-/yargs-parser-20.2.9.tgz. Extracting by manifest.
986 silly tarball no local data for yargs@https://registry.npmjs.org/yargs/-/yargs-16.2.0.tgz. Extracting by manifest.
987 silly tarball no local data for wrap-ansi@https://registry.npmjs.org/wrap-ansi/-/wrap-ansi-7.0.0.tgz. Extracting by manifest.
988 silly tarball no local data for cliui@https://registry.npmjs.org/cliui/-/cliui-7.0.4.tgz. Extracting by manifest.
989 silly tarball no local data for json-schema-traverse@https://registry.npmjs.org/json-schema-traverse/-/json-schema-traverse-1.0.0.tgz. Extracting by manifest.
990 silly tarball no local data for lru-cache@https://registry.npmjs.org/lru-cache/-/lru-cache-6.0.0.tgz. Extracting by manifest.
991 silly tarball no local data for ajv-keywords@https://registry.npmjs.org/ajv-keywords/-/ajv-keywords-5.1.0.tgz. Extracting by manifest.
992 silly tarball no local data for ajv@https://registry.npmjs.org/ajv/-/ajv-8.11.0.tgz. Extracting by manifest.
993 silly tarball no local data for glob@https://registry.npmjs.org/glob/-/glob-7.2.3.tgz. Extracting by manifest.
994 silly tarball no local data for lowercase-keys@https://registry.npmjs.org/lowercase-keys/-/lowercase-keys-2.0.0.tgz. Extracting by manifest.
995 silly tarball no local data for json-parse-even-better-errors@https://registry.npmjs.org/json-parse-even-better-errors/-/json-parse-even-better-errors-3.0.1.tgz. Extracting by manifest.
996 silly tarball no local data for strip-json-comments@https://registry.npmjs.org/strip-json-comments/-/strip-json-comments-2.0.1.tgz. Extracting by manifest.
997 silly tarball no local data for json-parse-even-better-errors@https://registry.npmjs.org/json-parse-even-better-errors/-/json-parse-even-better-errors-3.0.1.tgz. Extracting by manifest.
998 silly tarball no local data for ini@https://registry.npmjs.org/ini/-/ini-1.3.8.tgz. Extracting by manifest.
999 silly tarball no local data for kleur@https://registry.npmjs.org/kleur/-/kleur-4.1.5.tgz. Extracting by manifest.
1000 silly tarball no local data for ansi-styles@https://registry.npmjs.org/ansi-styles/-/ansi-styles-5.2.0.tgz. Extracting by manifest.
1001 silly tarball no local data for path-exists@https://registry.npmjs.org/path-exists/-/path-exists-3.0.0.tgz. Extracting by manifest.
1002 silly tarball no local data for p-locate@https://registry.npmjs.org/p-locate/-/p-locate-3.0.0.tgz. Extracting by manifest.
1003 silly tarball no local data for p-limit@https://registry.npmjs.org/p-limit/-/p-limit-2.3.0.tgz. Extracting by manifest.
1004 silly tarball no local data for locate-path@https://registry.npmjs.org/locate-path/-/locate-path-3.0.0.tgz. Extracting by manifest.
1005 silly tarball no local data for find-up@https://registry.npmjs.org/find-up/-/find-up-3.0.0.tgz. Extracting by manifest.
1006 silly tarball no local data for p-locate@https://registry.npmjs.org/p-locate/-/p-locate-4.1.0.tgz. Extracting by manifest.
1007 silly tarball no local data for p-limit@https://registry.npmjs.org/p-limit/-/p-limit-2.3.0.tgz. Extracting by manifest.
1008 silly tarball no local data for locate-path@https://registry.npmjs.org/locate-path/-/locate-path-5.0.0.tgz. Extracting by manifest.
1009 silly tarball no local data for find-up@https://registry.npmjs.org/find-up/-/find-up-4.1.0.tgz. Extracting by manifest.
1010 silly tarball no local data for readable-stream@https://registry.npmjs.org/readable-stream/-/readable-stream-4.5.2.tgz. Extracting by manifest.
1011 silly tarball no local data for buffer@https://registry.npmjs.org/buffer/-/buffer-6.0.3.tgz. Extracting by manifest.
1012 silly tarball no local data for help-me@https://registry.npmjs.org/help-me/-/help-me-5.0.0.tgz. Extracting by manifest.
1013 silly tarball no local data for split2@https://registry.npmjs.org/split2/-/split2-4.2.0.tgz. Extracting by manifest.
1014 silly tarball no local data for buffer@https://registry.npmjs.org/buffer/-/buffer-6.0.3.tgz. Extracting by manifest.
1015 silly tarball no local data for split2@https://registry.npmjs.org/split2/-/split2-4.2.0.tgz. Extracting by manifest.
1016 silly tarball no local data for readable-stream@https://registry.npmjs.org/readable-stream/-/readable-stream-4.5.2.tgz. Extracting by manifest.
1017 silly tarball no local data for pg-connection-string@https://registry.npmjs.org/pg-connection-string/-/pg-connection-string-2.6.4.tgz. Extracting by manifest.
1018 silly tarball no local data for lru-cache@https://registry.npmjs.org/lru-cache/-/lru-cache-10.2.0.tgz. Extracting by manifest.
1019 silly tarball no local data for minipass@https://registry.npmjs.org/minipass/-/minipass-7.0.4.tgz. Extracting by manifest.
1020 silly tarball no local data for minipass@https://registry.npmjs.org/minipass/-/minipass-5.0.0.tgz. Extracting by manifest.
1021 silly tarball no local data for fs-minipass@https://registry.npmjs.org/fs-minipass/-/fs-minipass-3.0.3.tgz. Extracting by manifest.
1022 silly tarball no local data for ajv@https://registry.npmjs.org/ajv/-/ajv-8.12.0.tgz. Extracting by manifest.
1023 silly tarball no local data for minipass@https://registry.npmjs.org/minipass/-/minipass-5.0.0.tgz. Extracting by manifest.
1024 silly tarball no local data for json-schema-traverse@https://registry.npmjs.org/json-schema-traverse/-/json-schema-traverse-1.0.0.tgz. Extracting by manifest.
1025 silly tarball no local data for minipass@https://registry.npmjs.org/minipass/-/minipass-7.0.4.tgz. Extracting by manifest.
1026 silly tarball no local data for hosted-git-info@https://registry.npmjs.org/hosted-git-info/-/hosted-git-info-6.1.1.tgz. Extracting by manifest.
1027 silly tarball no local data for lru-cache@https://registry.npmjs.org/lru-cache/-/lru-cache-7.18.3.tgz. Extracting by manifest.
1028 silly tarball no local data for strip-json-comments@https://registry.npmjs.org/strip-json-comments/-/strip-json-comments-5.0.1.tgz. Extracting by manifest.
1029 silly tarball no local data for source-map-support@https://registry.npmjs.org/source-map-support/-/source-map-support-0.5.21.tgz. Extracting by manifest.
1030 silly tarball no local data for strip-ansi@https://registry.npmjs.org/strip-ansi/-/strip-ansi-7.1.0.tgz. Extracting by manifest.
1031 silly tarball no local data for rimraf@https://registry.npmjs.org/rimraf/-/rimraf-5.0.5.tgz. Extracting by manifest.
1032 silly tarball no local data for minimatch@https://registry.npmjs.org/minimatch/-/minimatch-9.0.4.tgz. Extracting by manifest.
1033 silly tarball no local data for chalk@https://registry.npmjs.org/chalk/-/chalk-5.3.0.tgz. Extracting by manifest.
1034 silly tarball no local data for ini@https://registry.npmjs.org/ini/-/ini-4.1.2.tgz. Extracting by manifest.
1035 silly tarball no local data for brace-expansion@https://registry.npmjs.org/brace-expansion/-/brace-expansion-2.0.1.tgz. Extracting by manifest.
1036 silly tarball no local data for lru-cache@https://registry.npmjs.org/lru-cache/-/lru-cache-7.18.3.tgz. Extracting by manifest.
1037 silly tarball no local data for ansi-regex@https://registry.npmjs.org/ansi-regex/-/ansi-regex-6.0.1.tgz. Extracting by manifest.
1038 silly tarball no local data for unique-slug@https://registry.npmjs.org/unique-slug/-/unique-slug-3.0.0.tgz. Extracting by manifest.
1039 silly tarball no local data for hosted-git-info@https://registry.npmjs.org/hosted-git-info/-/hosted-git-info-6.1.1.tgz. Extracting by manifest.
1040 silly tarball no local data for unique-filename@https://registry.npmjs.org/unique-filename/-/unique-filename-2.0.1.tgz. Extracting by manifest.
1041 silly tarball no local data for ssri@https://registry.npmjs.org/ssri/-/ssri-9.0.1.tgz. Extracting by manifest.
1042 silly tarball no local data for nopt@https://registry.npmjs.org/nopt/-/nopt-6.0.0.tgz. Extracting by manifest.
1043 silly tarball no local data for make-fetch-happen@https://registry.npmjs.org/make-fetch-happen/-/make-fetch-happen-10.2.1.tgz. Extracting by manifest.
1044 silly tarball no local data for minipass-fetch@https://registry.npmjs.org/minipass-fetch/-/minipass-fetch-2.1.2.tgz. Extracting by manifest.
1045 silly tarball no local data for glob@https://registry.npmjs.org/glob/-/glob-7.2.3.tgz. Extracting by manifest.
1046 silly tarball no local data for cacache@https://registry.npmjs.org/cacache/-/cacache-16.1.3.tgz. Extracting by manifest.
1047 silly tarball no local data for lru-cache@https://registry.npmjs.org/lru-cache/-/lru-cache-7.18.3.tgz. Extracting by manifest.
1048 silly tarball no local data for brace-expansion@https://registry.npmjs.org/brace-expansion/-/brace-expansion-2.0.1.tgz. Extracting by manifest.
1049 silly tarball no local data for glob@https://registry.npmjs.org/glob/-/glob-8.1.0.tgz. Extracting by manifest.
1050 silly tarball no local data for minimatch@https://registry.npmjs.org/minimatch/-/minimatch-5.1.6.tgz. Extracting by manifest.
1051 silly tarball no local data for @npmcli/fs@https://registry.npmjs.org/@npmcli/fs/-/fs-2.1.2.tgz. Extracting by manifest.
1052 silly tarball no local data for minipass@https://registry.npmjs.org/minipass/-/minipass-7.0.4.tgz. Extracting by manifest.
1053 silly tarball no local data for lru-cache@https://registry.npmjs.org/lru-cache/-/lru-cache-7.18.3.tgz. Extracting by manifest.
1054 silly tarball no local data for minipass@https://registry.npmjs.org/minipass/-/minipass-5.0.0.tgz. Extracting by manifest.
1055 silly tarball no local data for yallist@https://registry.npmjs.org/yallist/-/yallist-3.1.1.tgz. Extracting by manifest.
1056 silly tarball no local data for nopt@https://registry.npmjs.org/nopt/-/nopt-7.2.0.tgz. Extracting by manifest.
1057 silly tarball no local data for abbrev@https://registry.npmjs.org/abbrev/-/abbrev-2.0.0.tgz. Extracting by manifest.
1058 silly tarball no local data for supports-color@https://registry.npmjs.org/supports-color/-/supports-color-8.1.1.tgz. Extracting by manifest.
1059 silly tarball no local data for glob@https://registry.npmjs.org/glob/-/glob-7.2.3.tgz. Extracting by manifest.
1060 silly tarball no local data for camelcase@https://registry.npmjs.org/camelcase/-/camelcase-6.3.0.tgz. Extracting by manifest.
1061 silly tarball no local data for acorn@https://registry.npmjs.org/acorn/-/acorn-7.4.1.tgz. Extracting by manifest.
1062 silly tarball no local data for resolve-from@https://registry.npmjs.org/resolve-from/-/resolve-from-4.0.0.tgz. Extracting by manifest.
1063 silly tarball no local data for brace-expansion@https://registry.npmjs.org/brace-expansion/-/brace-expansion-2.0.1.tgz. Extracting by manifest.
1064 silly tarball no local data for minimatch@https://registry.npmjs.org/minimatch/-/minimatch-9.0.4.tgz. Extracting by manifest.
1065 silly tarball no local data for lru-cache@https://registry.npmjs.org/lru-cache/-/lru-cache-7.18.3.tgz. Extracting by manifest.
1066 silly tarball no local data for glob@https://registry.npmjs.org/glob/-/glob-7.2.3.tgz. Extracting by manifest.
1067 silly tarball no local data for minimatch@https://registry.npmjs.org/minimatch/-/minimatch-5.1.6.tgz. Extracting by manifest.
1068 silly tarball no local data for glob@https://registry.npmjs.org/glob/-/glob-8.1.0.tgz. Extracting by manifest.
1069 silly tarball no local data for brace-expansion@https://registry.npmjs.org/brace-expansion/-/brace-expansion-2.0.1.tgz. Extracting by manifest.
1070 silly tarball no local data for minipass@https://registry.npmjs.org/minipass/-/minipass-7.0.4.tgz. Extracting by manifest.
1071 silly tarball no local data for minimatch@https://registry.npmjs.org/minimatch/-/minimatch-9.0.4.tgz. Extracting by manifest.
1072 silly tarball no local data for brace-expansion@https://registry.npmjs.org/brace-expansion/-/brace-expansion-2.0.1.tgz. Extracting by manifest.
1073 silly tarball no local data for signal-exit@https://registry.npmjs.org/signal-exit/-/signal-exit-4.1.0.tgz. Extracting by manifest.
1074 silly tarball no local data for knex@https://registry.npmjs.org/knex/-/knex-2.5.1.tgz. Extracting by manifest.
1075 silly tarball no local data for pg-connection-string@https://registry.npmjs.org/pg-connection-string/-/pg-connection-string-2.6.1.tgz. Extracting by manifest.
1076 silly tarball no local data for fastify-plugin@https://registry.npmjs.org/fastify-plugin/-/fastify-plugin-4.5.1.tgz. Extracting by manifest.
1077 silly tarball no local data for fastify-plugin@https://registry.npmjs.org/fastify-plugin/-/fastify-plugin-2.3.4.tgz. Extracting by manifest.
1078 silly tarball no local data for fastify-plugin@https://registry.npmjs.org/fastify-plugin/-/fastify-plugin-4.5.1.tgz. Extracting by manifest.
1079 silly tarball no local data for readable-stream@https://registry.npmjs.org/readable-stream/-/readable-stream-4.5.2.tgz. Extracting by manifest.
1080 silly tarball no local data for pino-pretty@https://registry.npmjs.org/pino-pretty/-/pino-pretty-10.3.1.tgz. Extracting by manifest.
1081 silly tarball no local data for fastify-plugin@https://registry.npmjs.org/fastify-plugin/-/fastify-plugin-4.5.1.tgz. Extracting by manifest.
1082 silly tarball no local data for help-me@https://registry.npmjs.org/help-me/-/help-me-5.0.0.tgz. Extracting by manifest.
1083 silly tarball no local data for buffer@https://registry.npmjs.org/buffer/-/buffer-6.0.3.tgz. Extracting by manifest.
1084 silly tarball no local data for ajv@https://registry.npmjs.org/ajv/-/ajv-8.12.0.tgz. Extracting by manifest.
1085 silly tarball no local data for ajv-formats@https://registry.npmjs.org/ajv-formats/-/ajv-formats-3.0.1.tgz. Extracting by manifest.
1086 silly tarball no local data for json-schema-traverse@https://registry.npmjs.org/json-schema-traverse/-/json-schema-traverse-1.0.0.tgz. Extracting by manifest.
1087 silly tarball no local data for eslint-visitor-keys@https://registry.npmjs.org/eslint-visitor-keys/-/eslint-visitor-keys-4.0.0.tgz. Extracting by manifest.
1088 silly tarball no local data for semver@https://registry.npmjs.org/semver/-/semver-6.3.1.tgz. Extracting by manifest.
1089 silly tarball no local data for glob-parent@https://registry.npmjs.org/glob-parent/-/glob-parent-5.1.2.tgz. Extracting by manifest.
1090 silly tarball no local data for doctrine@https://registry.npmjs.org/doctrine/-/doctrine-2.1.0.tgz. Extracting by manifest.
1091 silly tarball no local data for debug@https://registry.npmjs.org/debug/-/debug-3.2.7.tgz. Extracting by manifest.
1092 silly tarball no local data for debug@https://registry.npmjs.org/debug/-/debug-3.2.7.tgz. Extracting by manifest.
1093 silly tarball no local data for debug@https://registry.npmjs.org/debug/-/debug-3.2.7.tgz. Extracting by manifest.
1094 silly tarball no local data for semver@https://registry.npmjs.org/semver/-/semver-6.3.1.tgz. Extracting by manifest.
1095 silly tarball no local data for globals@https://registry.npmjs.org/globals/-/globals-13.24.0.tgz. Extracting by manifest.
1096 silly tarball no local data for espree@https://registry.npmjs.org/espree/-/espree-9.6.1.tgz. Extracting by manifest.
1097 silly tarball no local data for @eslint/js@https://registry.npmjs.org/@eslint/js/-/js-8.57.0.tgz. Extracting by manifest.
1098 silly tarball no local data for escape-string-regexp@https://registry.npmjs.org/escape-string-regexp/-/escape-string-regexp-4.0.0.tgz. Extracting by manifest.
1099 silly tarball no local data for @eslint/eslintrc@https://registry.npmjs.org/@eslint/eslintrc/-/eslintrc-2.1.4.tgz. Extracting by manifest.
1100 silly tarball no local data for brace-expansion@https://registry.npmjs.org/brace-expansion/-/brace-expansion-2.0.1.tgz. Extracting by manifest.
1101 silly tarball no local data for mimic-response@https://registry.npmjs.org/mimic-response/-/mimic-response-3.1.0.tgz. Extracting by manifest.
1102 silly tarball no local data for ms@https://registry.npmjs.org/ms/-/ms-2.1.2.tgz. Extracting by manifest.
1103 silly tarball no local data for type-fest@https://registry.npmjs.org/type-fest/-/type-fest-1.4.0.tgz. Extracting by manifest.
1104 silly tarball no local data for minimatch@https://registry.npmjs.org/minimatch/-/minimatch-9.0.1.tgz. Extracting by manifest.
1105 silly tarball no local data for supports-color@https://registry.npmjs.org/supports-color/-/supports-color-8.1.1.tgz. Extracting by manifest.
1106 silly tarball no local data for write-file-atomic@https://registry.npmjs.org/write-file-atomic/-/write-file-atomic-3.0.3.tgz. Extracting by manifest.
1107 silly tarball no local data for ini@https://registry.npmjs.org/ini/-/ini-1.3.8.tgz. Extracting by manifest.
1108 silly tarball no local data for glob-parent@https://registry.npmjs.org/glob-parent/-/glob-parent-5.1.2.tgz. Extracting by manifest.
1109 silly tarball no local data for wrap-ansi@https://registry.npmjs.org/wrap-ansi/-/wrap-ansi-7.0.0.tgz. Extracting by manifest.
1110 silly tarball no local data for lowercase-keys@https://registry.npmjs.org/lowercase-keys/-/lowercase-keys-2.0.0.tgz. Extracting by manifest.
1111 silly tarball no local data for get-stream@https://registry.npmjs.org/get-stream/-/get-stream-5.2.0.tgz. Extracting by manifest.
1112 silly tarball no local data for unique-slug@https://registry.npmjs.org/unique-slug/-/unique-slug-4.0.0.tgz. Extracting by manifest.
1113 silly tarball no local data for unique-filename@https://registry.npmjs.org/unique-filename/-/unique-filename-3.0.0.tgz. Extracting by manifest.
1114 silly tarball no local data for minipass@https://registry.npmjs.org/minipass/-/minipass-7.0.4.tgz. Extracting by manifest.
1115 silly tarball no local data for fs-minipass@https://registry.npmjs.org/fs-minipass/-/fs-minipass-3.0.3.tgz. Extracting by manifest.
1116 silly tarball no local data for lru-cache@https://registry.npmjs.org/lru-cache/-/lru-cache-7.18.3.tgz. Extracting by manifest.
1117 silly tarball no local data for type-fest@https://registry.npmjs.org/type-fest/-/type-fest-2.19.0.tgz. Extracting by manifest.
1118 silly tarball no local data for string-width@https://registry.npmjs.org/string-width/-/string-width-5.1.2.tgz. Extracting by manifest.
1119 silly tarball no local data for strip-ansi@https://registry.npmjs.org/strip-ansi/-/strip-ansi-7.0.1.tgz. Extracting by manifest.
1120 silly tarball no local data for chalk@https://registry.npmjs.org/chalk/-/chalk-5.0.1.tgz. Extracting by manifest.
1121 silly tarball no local data for emoji-regex@https://registry.npmjs.org/emoji-regex/-/emoji-regex-9.2.2.tgz. Extracting by manifest.
1122 silly tarball no local data for camelcase@https://registry.npmjs.org/camelcase/-/camelcase-7.0.0.tgz. Extracting by manifest.
1123 silly tarball no local data for ansi-regex@https://registry.npmjs.org/ansi-regex/-/ansi-regex-6.0.1.tgz. Extracting by manifest.
1124 silly tarball no local data for semver@https://registry.npmjs.org/semver/-/semver-6.3.1.tgz. Extracting by manifest.
1125 silly tarball no local data for istanbul-lib-instrument@https://registry.npmjs.org/istanbul-lib-instrument/-/istanbul-lib-instrument-5.2.1.tgz. Extracting by manifest.
1126 silly tarball no local data for type-fest@https://registry.npmjs.org/type-fest/-/type-fest-0.21.3.tgz. Extracting by manifest.
1127 silly tarball no local data for json-schema-traverse@https://registry.npmjs.org/json-schema-traverse/-/json-schema-traverse-1.0.0.tgz. Extracting by manifest.
1128 silly tarball no local data for minimatch@https://registry.npmjs.org/minimatch/-/minimatch-9.0.4.tgz. Extracting by manifest.
1129 silly tarball no local data for ajv@https://registry.npmjs.org/ajv/-/ajv-8.11.0.tgz. Extracting by manifest.
1130 silly tarball no local data for depd@https://registry.npmjs.org/depd/-/depd-1.1.2.tgz. Extracting by manifest.
1131 silly tarball no local data for which@https://registry.npmjs.org/which/-/which-3.0.1.tgz. Extracting by manifest.
1132 silly tarball no local data for brace-expansion@https://registry.npmjs.org/brace-expansion/-/brace-expansion-2.0.1.tgz. Extracting by manifest.
1133 silly tarball no local data for which@https://registry.npmjs.org/which/-/which-3.0.1.tgz. Extracting by manifest.
1134 silly tarball no local data for which@https://registry.npmjs.org/which/-/which-3.0.1.tgz. Extracting by manifest.
1135 silly tarball no local data for lru-cache@https://registry.npmjs.org/lru-cache/-/lru-cache-7.18.3.tgz. Extracting by manifest.
1136 silly tarball no local data for glob@https://registry.npmjs.org/glob/-/glob-7.2.3.tgz. Extracting by manifest.
1137 silly tarball no local data for p-limit@https://registry.npmjs.org/p-limit/-/p-limit-2.3.0.tgz. Extracting by manifest.
1138 silly tarball no local data for p-locate@https://registry.npmjs.org/p-locate/-/p-locate-4.1.0.tgz. Extracting by manifest.
1139 silly tarball no local data for locate-path@https://registry.npmjs.org/locate-path/-/locate-path-5.0.0.tgz. Extracting by manifest.
1140 silly tarball no local data for js-yaml@https://registry.npmjs.org/js-yaml/-/js-yaml-3.14.1.tgz. Extracting by manifest.
1141 silly tarball no local data for find-up@https://registry.npmjs.org/find-up/-/find-up-4.1.0.tgz. Extracting by manifest.
1142 silly tarball no local data for strip-ansi@https://registry.npmjs.org/strip-ansi/-/strip-ansi-7.1.0.tgz. Extracting by manifest.
1143 silly tarball no local data for argparse@https://registry.npmjs.org/argparse/-/argparse-1.0.10.tgz. Extracting by manifest.
1144 silly tarball no local data for string-width@https://registry.npmjs.org/string-width/-/string-width-5.1.2.tgz. Extracting by manifest.
1145 silly tarball no local data for emoji-regex@https://registry.npmjs.org/emoji-regex/-/emoji-regex-9.2.2.tgz. Extracting by manifest.
1146 silly tarball no local data for ansi-regex@https://registry.npmjs.org/ansi-regex/-/ansi-regex-6.0.1.tgz. Extracting by manifest.
1147 silly tarball no local data for fastify-plugin@https://registry.npmjs.org/fastify-plugin/-/fastify-plugin-4.2.0.tgz. Extracting by manifest.
1148 silly tarball no local data for fastify-plugin@https://registry.npmjs.org/fastify-plugin/-/fastify-plugin-4.5.1.tgz. Extracting by manifest.
1149 silly tarball no local data for fastify-plugin@https://registry.npmjs.org/fastify-plugin/-/fastify-plugin-4.2.0.tgz. Extracting by manifest.
1150 silly tarball no local data for fastify-plugin@https://registry.npmjs.org/fastify-plugin/-/fastify-plugin-4.5.1.tgz. Extracting by manifest.
1151 silly tarball no local data for fastify-plugin@https://registry.npmjs.org/fastify-plugin/-/fastify-plugin-4.5.1.tgz. Extracting by manifest.
1152 silly tarball no local data for fastify-plugin@https://registry.npmjs.org/fastify-plugin/-/fastify-plugin-4.5.1.tgz. Extracting by manifest.
1153 silly tarball no local data for fastify-plugin@https://registry.npmjs.org/fastify-plugin/-/fastify-plugin-4.5.1.tgz. Extracting by manifest.
1154 silly tarball no local data for ajv@https://registry.npmjs.org/ajv/-/ajv-8.12.0.tgz. Extracting by manifest.
1155 silly tarball no local data for json-schema-traverse@https://registry.npmjs.org/json-schema-traverse/-/json-schema-traverse-1.0.0.tgz. Extracting by manifest.
1156 silly tarball no local data for globals@https://registry.npmjs.org/globals/-/globals-14.0.0.tgz. Extracting by manifest.
1157 silly tarball no local data for supports-color@https://registry.npmjs.org/supports-color/-/supports-color-5.5.0.tgz. Extracting by manifest.
1158 silly tarball no local data for globals@https://registry.npmjs.org/globals/-/globals-11.12.0.tgz. Extracting by manifest.
1159 silly tarball no local data for color-name@https://registry.npmjs.org/color-name/-/color-name-1.1.3.tgz. Extracting by manifest.
1160 silly tarball no local data for has-flag@https://registry.npmjs.org/has-flag/-/has-flag-3.0.0.tgz. Extracting by manifest.
1161 silly tarball no local data for ansi-styles@https://registry.npmjs.org/ansi-styles/-/ansi-styles-3.2.1.tgz. Extracting by manifest.
1162 silly tarball no local data for color-convert@https://registry.npmjs.org/color-convert/-/color-convert-1.9.3.tgz. Extracting by manifest.
1163 silly tarball no local data for chalk@https://registry.npmjs.org/chalk/-/chalk-2.4.2.tgz. Extracting by manifest.
1164 silly tarball no local data for semver@https://registry.npmjs.org/semver/-/semver-6.3.1.tgz. Extracting by manifest.
1165 silly tarball no local data for semver@https://registry.npmjs.org/semver/-/semver-6.3.1.tgz. Extracting by manifest.
1166 http fetch POST 200 https://registry.npmjs.org/-/npm/v1/security/advisories/bulk 2698ms
1167 timing auditReport:getReport Completed in 2707ms
1168 silly audit report {
1168 silly audit report   '@babel/helpers': [
1168 silly audit report     {
1168 silly audit report       id: 1104001,
1168 silly audit report       url: 'https://github.com/advisories/GHSA-968p-4wvh-cqc8',
1168 silly audit report       title: 'Babel has inefficient RegExp complexity in generated code with .replace when transpiling named capturing groups',
1168 silly audit report       severity: 'moderate',
1168 silly audit report       vulnerable_versions: '<7.26.10',
1168 silly audit report       cwe: [Array],
1168 silly audit report       cvss: [Object]
1168 silly audit report     }
1168 silly audit report   ],
1168 silly audit report   '@babel/runtime': [
1168 silly audit report     {
1168 silly audit report       id: 1104000,
1168 silly audit report       url: 'https://github.com/advisories/GHSA-968p-4wvh-cqc8',
1168 silly audit report       title: 'Babel has inefficient RegExp complexity in generated code with .replace when transpiling named capturing groups',
1168 silly audit report       severity: 'moderate',
1168 silly audit report       vulnerable_versions: '<7.26.10',
1168 silly audit report       cwe: [Array],
1168 silly audit report       cvss: [Object]
1168 silly audit report     }
1168 silly audit report   ],
1168 silly audit report   ajv: [
1168 silly audit report     {
1168 silly audit report       id: 1113714,
1168 silly audit report       url: 'https://github.com/advisories/GHSA-2g4f-4pwh-qvx6',
1168 silly audit report       title: 'ajv has ReDoS when using `$data` option',
1168 silly audit report       severity: 'moderate',
1168 silly audit report       vulnerable_versions: '<6.14.0',
1168 silly audit report       cwe: [Array],
1168 silly audit report       cvss: [Object]
1168 silly audit report     },
1168 silly audit report     {
1168 silly audit report       id: 1113715,
1168 silly audit report       url: 'https://github.com/advisories/GHSA-2g4f-4pwh-qvx6',
1168 silly audit report       title: 'ajv has ReDoS when using `$data` option',
1168 silly audit report       severity: 'moderate',
1168 silly audit report       vulnerable_versions: '>=7.0.0-alpha.0 <8.18.0',
1168 silly audit report       cwe: [Array],
1168 silly audit report       cvss: [Object]
1168 silly audit report     }
1168 silly audit report   ],
1168 silly audit report   'js-yaml': [
1168 silly audit report     {
1168 silly audit report       id: 1112714,
1168 silly audit report       url: 'https://github.com/advisories/GHSA-mh29-5h37-fv8m',
1168 silly audit report       title: 'js-yaml has prototype pollution in merge (<<)',
1168 silly audit report       severity: 'moderate',
1168 silly audit report       vulnerable_versions: '<3.14.2',
1168 silly audit report       cwe: [Array],
1168 silly audit report       cvss: [Object]
1168 silly audit report     },
1168 silly audit report     {
1168 silly audit report       id: 1112715,
1168 silly audit report       url: 'https://github.com/advisories/GHSA-mh29-5h37-fv8m',
1168 silly audit report       title: 'js-yaml has prototype pollution in merge (<<)',
1168 silly audit report       severity: 'moderate',
1168 silly audit report       vulnerable_versions: '>=4.0.0 <4.1.1',
1168 silly audit report       cwe: [Array],
1168 silly audit report       cvss: [Object]
1168 silly audit report     }
1168 silly audit report   ],
1168 silly audit report   glob: [
1168 silly audit report     {
1168 silly audit report       id: 1109842,
1168 silly audit report       url: 'https://github.com/advisories/GHSA-5j98-mcp5-4vw2',
1168 silly audit report       title: 'glob CLI: Command injection via -c/--cmd executes matches with shell:true',
1168 silly audit report       severity: 'high',
1168 silly audit report       vulnerable_versions: '>=10.2.0 <10.5.0',
1168 silly audit report       cwe: [Array],
1168 silly audit report       cvss: [Object]
1168 silly audit report     }
1168 silly audit report   ],
1168 silly audit report   '@tootallnate/once': [
1168 silly audit report     {
1168 silly audit report       id: 1113977,
1168 silly audit report       url: 'https://github.com/advisories/GHSA-vpq2-c234-7xj6',
1168 silly audit report       title: '@tootallnate/once vulnerable to Incorrect Control Flow Scoping',
1168 silly audit report       severity: 'low',
1168 silly audit report       vulnerable_versions: '<3.0.1',
1168 silly audit report       cwe: [Array],
1168 silly audit report       cvss: [Object]
1168 silly audit report     }
1168 silly audit report   ],
1168 silly audit report   'brace-expansion': [
1168 silly audit report     {
1168 silly audit report       id: 1105443,
1168 silly audit report       url: 'https://github.com/advisories/GHSA-v6h2-p8h4-qcjw',
1168 silly audit report       title: 'brace-expansion Regular Expression Denial of Service vulnerability',
1168 silly audit report       severity: 'low',
1168 silly audit report       vulnerable_versions: '>=1.0.0 <=1.1.11',
1168 silly audit report       cwe: [Array],
1168 silly audit report       cvss: [Object]
1168 silly audit report     },
1168 silly audit report     {
1168 silly audit report       id: 1105444,
1168 silly audit report       url: 'https://github.com/advisories/GHSA-v6h2-p8h4-qcjw',
1168 silly audit report       title: 'brace-expansion Regular Expression Denial of Service vulnerability',
1168 silly audit report       severity: 'low',
1168 silly audit report       vulnerable_versions: '>=2.0.0 <=2.0.1',
1168 silly audit report       cwe: [Array],
1168 silly audit report       cvss: [Object]
1168 silly audit report     },
1168 silly audit report     {
1168 silly audit report       id: 1115540,
1168 silly audit report       url: 'https://github.com/advisories/GHSA-f886-m6hf-6m8v',
1168 silly audit report       title: 'brace-expansion: Zero-step sequence causes process hang and memory exhaustion',
1168 silly audit report       severity: 'moderate',
1168 silly audit report       vulnerable_versions: '<1.1.13',
1168 silly audit report       cwe: [Array],
1168 silly audit report       cvss: [Object]
1168 silly audit report     },
1168 silly audit report     {
1168 silly audit report       id: 1115541,
1168 silly audit report       url: 'https://github.com/advisories/GHSA-f886-m6hf-6m8v',
1168 silly audit report       title: 'brace-expansion: Zero-step sequence causes process hang and memory exhaustion',
1168 silly audit report       severity: 'moderate',
1168 silly audit report       vulnerable_versions: '>=2.0.0 <2.0.3',
1168 silly audit report       cwe: [Array],
1168 silly audit report       cvss: [Object]
1168 silly audit report     }
1168 silly audit report   ],
1168 silly audit report   minimatch: [
1168 silly audit report     {
1168 silly audit report       id: 1113459,
1168 silly audit report       url: 'https://github.com/advisories/GHSA-3ppc-4f35-3m26',
1168 silly audit report       title: 'minimatch has a ReDoS via repeated wildcards with non-matching literal in pattern',
1168 silly audit report       severity: 'high',
1168 silly audit report       vulnerable_versions: '<3.1.3',
1168 silly audit report       cwe: [Array],
1168 silly audit report       cvss: [Object]
1168 silly audit report     },
1168 silly audit report     {
1168 silly audit report       id: 1113461,
1168 silly audit report       url: 'https://github.com/advisories/GHSA-3ppc-4f35-3m26',
1168 silly audit report       title: 'minimatch has a ReDoS via repeated wildcards with non-matching literal in pattern',
1168 silly audit report       severity: 'high',
1168 silly audit report       vulnerable_versions: '>=5.0.0 <5.1.7',
1168 silly audit report       cwe: [Array],
1168 silly audit report       cvss: [Object]
1168 silly audit report     },
1168 silly audit report     {
1168 silly audit report       id: 1113465,
1168 silly audit report       url: 'https://github.com/advisories/GHSA-3ppc-4f35-3m26',
1168 silly audit report       title: 'minimatch has a ReDoS via repeated wildcards with non-matching literal in pattern',
1168 silly audit report       severity: 'high',
1168 silly audit report       vulnerable_versions: '>=9.0.0 <9.0.6',
1168 silly audit report       cwe: [Array],
1168 silly audit report       cvss: [Object]
1168 silly audit report     },
1168 silly audit report     {
1168 silly audit report       id: 1113538,
1168 silly audit report       url: 'https://github.com/advisories/GHSA-7r86-cg39-jmmj',
1168 silly audit report       title: 'minimatch has ReDoS: matchOne() combinatorial backtracking via multiple non-adjacent GLOBSTAR segments',
1168 silly audit report       severity: 'high',
1168 silly audit report       vulnerable_versions: '<3.1.3',
1168 silly audit report       cwe: [Array],
1168 silly audit report       cvss: [Object]
1168 silly audit report     },
1168 silly audit report     {
1168 silly audit report       id: 1113540,
1168 silly audit report       url: 'https://github.com/advisories/GHSA-7r86-cg39-jmmj',
1168 silly audit report       title: 'minimatch has ReDoS: matchOne() combinatorial backtracking via multiple non-adjacent GLOBSTAR segments',
1168 silly audit report       severity: 'high',
1168 silly audit report       vulnerable_versions: '>=5.0.0 <5.1.8',
1168 silly audit report       cwe: [Array],
1168 silly audit report       cvss: [Object]
1168 silly audit report     },
1168 silly audit report     {
1168 silly audit report       id: 1113544,
1168 silly audit report       url: 'https://github.com/advisories/GHSA-7r86-cg39-jmmj',
1168 silly audit report       title: 'minimatch has ReDoS: matchOne() combinatorial backtracking via multiple non-adjacent GLOBSTAR segments',
1168 silly audit report       severity: 'high',
1168 silly audit report       vulnerable_versions: '>=9.0.0 <9.0.7',
1168 silly audit report       cwe: [Array],
1168 silly audit report       cvss: [Object]
1168 silly audit report     },
1168 silly audit report     {
1168 silly audit report       id: 1113546,
1168 silly audit report       url: 'https://github.com/advisories/GHSA-23c5-xmqv-rm74',
1168 silly audit report       title: 'minimatch ReDoS: nested *() extglobs generate catastrophically backtracking regular expressions',
1168 silly audit report       severity: 'high',
1168 silly audit report       vulnerable_versions: '<3.1.4',
1168 silly audit report       cwe: [Array],
1168 silly audit report       cvss: [Object]
1168 silly audit report     },
1168 silly audit report     {
1168 silly audit report       id: 1113548,
1168 silly audit report       url: 'https://github.com/advisories/GHSA-23c5-xmqv-rm74',
1168 silly audit report       title: 'minimatch ReDoS: nested *() extglobs generate catastrophically backtracking regular expressions',
1168 silly audit report       severity: 'high',
1168 silly audit report       vulnerable_versions: '>=5.0.0 <5.1.8',
1168 silly audit report       cwe: [Array],
1168 silly audit report       cvss: [Object]
1168 silly audit report     },
1168 silly audit report     {
1168 silly audit report       id: 1113552,
1168 silly audit report       url: 'https://github.com/advisories/GHSA-23c5-xmqv-rm74',
1168 silly audit report       title: 'minimatch ReDoS: nested *() extglobs generate catastrophically backtracking regular expressions',
1168 silly audit report       severity: 'high',
1168 silly audit report       vulnerable_versions: '>=9.0.0 <9.0.7',
1168 silly audit report       cwe: [Array],
1168 silly audit report       cvss: [Object]
1168 silly audit report     }
1168 silly audit report   ],
1168 silly audit report   braces: [
1168 silly audit report     {
1168 silly audit report       id: 1098094,
1168 silly audit report       url: 'https://github.com/advisories/GHSA-grv7-fg5c-xmjg',
1168 silly audit report       title: 'Uncontrolled resource consumption in braces',
1168 silly audit report       severity: 'high',
1168 silly audit report       vulnerable_versions: '<3.0.3',
1168 silly audit report       cwe: [Array],
1168 silly audit report       cvss: [Object]
1168 silly audit report     }
1168 silly audit report   ],
1168 silly audit report   cookie: [
1168 silly audit report     {
1168 silly audit report       id: 1103907,
1168 silly audit report       url: 'https://github.com/advisories/GHSA-pxg6-pf52-xh8x',
1168 silly audit report       title: 'cookie accepts cookie name, path, and domain with out of bounds characters',
1168 silly audit report       severity: 'low',
1168 silly audit report       vulnerable_versions: '<0.7.0',
1168 silly audit report       cwe: [Array],
1168 silly audit report       cvss: [Object]
1168 silly audit report     }
1168 silly audit report   ],
1168 silly audit report   'cross-spawn': [
1168 silly audit report     {
1168 silly audit report       id: 1104664,
1168 silly audit report       url: 'https://github.com/advisories/GHSA-3xgq-45jj-v275',
1168 silly audit report       title: 'Regular Expression Denial of Service (ReDoS) in cross-spawn',
1168 silly audit report       severity: 'high',
1168 silly audit report       vulnerable_versions: '>=7.0.0 <7.0.5',
1168 silly audit report       cwe: [Array],
1168 silly audit report       cvss: [Object]
1168 silly audit report     }
1168 silly audit report   ],
1168 silly audit report   dottie: [
1168 silly audit report     {
1168 silly audit report       id: 1113536,
1168 silly audit report       url: 'https://github.com/advisories/GHSA-r5mx-6wc6-7h9w',
1168 silly audit report       title: 'dottie is vulnerable to Prototype Pollution bypass via non-first path segments in set() and transform()',
1168 silly audit report       severity: 'moderate',
1168 silly audit report       vulnerable_versions: '>=2.0.4 <=2.0.6',
1168 silly audit report       cwe: [Array],
1168 silly audit report       cvss: [Object]
1168 silly audit report     }
1168 silly audit report   ],
1168 silly audit report   fastify: [
1168 silly audit report     {
1168 silly audit report       id: 1112876,
1168 silly audit report       url: 'https://github.com/advisories/GHSA-mrq3-vjjr-p77c',
1168 silly audit report       title: 'Fastify Vulnerable to DoS via Unbounded Memory Allocation in sendWebStream',
1168 silly audit report       severity: 'low',
1168 silly audit report       vulnerable_versions: '<=5.7.2',
1168 silly audit report       cwe: [Array],
1168 silly audit report       cvss: [Object]
1168 silly audit report     },
1168 silly audit report     {
1168 silly audit report       id: 1112877,
1168 silly audit report       url: 'https://github.com/advisories/GHSA-jx2c-rxcm-jvmq',
1168 silly audit report       title: "Fastify's Content-Type header tab character allows body validation bypass",
1168 silly audit report       severity: 'high',
1168 silly audit report       vulnerable_versions: '<5.7.2',
1168 silly audit report       cwe: [Array],
1168 silly audit report       cvss: [Object]
1168 silly audit report     },
1168 silly audit report     {
1168 silly audit report       id: 1115367,
1168 silly audit report       url: 'https://github.com/advisories/GHSA-444r-cwp2-x5xf',
1168 silly audit report       title: 'fastify: request.protocol and request.host Spoofable via X-Forwarded-Proto/Host from Untrusted Connections',
1168 silly audit report       severity: 'moderate',
1168 silly audit report       vulnerable_versions: '<=5.8.2',
1168 silly audit report       cwe: [Array],
1168 silly audit report       cvss: [Object]
1168 silly audit report     }
1168 silly audit report   ],
1168 silly audit report   'find-my-way': [
1168 silly audit report     {
1168 silly audit report       id: 1099853,
1168 silly audit report       url: 'https://github.com/advisories/GHSA-rrr8-f88r-h8q6',
1168 silly audit report       title: 'find-my-way has a ReDoS vulnerability in multiparametric routes',
1168 silly audit report       severity: 'high',
1168 silly audit report       vulnerable_versions: '>=5.5.0 <8.2.2',
1168 silly audit report       cwe: [Array],
1168 silly audit report       cvss: [Object]
1168 silly audit report     }
1168 silly audit report   ],
1168 silly audit report   flatted: [
1168 silly audit report     {
1168 silly audit report       id: 1114526,
1168 silly audit report       url: 'https://github.com/advisories/GHSA-25h7-pfq9-p65f',
1168 silly audit report       title: 'flatted vulnerable to unbounded recursion DoS in parse() revive phase',
1168 silly audit report       severity: 'high',
1168 silly audit report       vulnerable_versions: '<3.4.0',
1168 silly audit report       cwe: [Array],
1168 silly audit report       cvss: [Object]
1168 silly audit report     },
1168 silly audit report     {
1168 silly audit report       id: 1115357,
1168 silly audit report       url: 'https://github.com/advisories/GHSA-rf6f-7fwh-wjgh',
1168 silly audit report       title: 'Prototype Pollution via parse() in NodeJS flatted',
1168 silly audit report       severity: 'high',
1168 silly audit report       vulnerable_versions: '<=3.4.1',
1168 silly audit report       cwe: [Array],
1168 silly audit report       cvss: [Object]
1168 silly audit report     }
1168 silly audit report   ],
1168 silly audit report   ip: [
1168 silly audit report     {
1168 silly audit report       id: 1101851,
1168 silly audit report       url: 'https://github.com/advisories/GHSA-2p57-rm9w-gvfp',
1168 silly audit report       title: 'ip SSRF improper categorization in isPublic',
1168 silly audit report       severity: 'high',
1168 silly audit report       vulnerable_versions: '<=2.0.1',
1168 silly audit report       cwe: [Array],
1168 silly audit report       cvss: [Object]
1168 silly audit report     },
1168 silly audit report     {
1168 silly audit report       id: 1114832,
1168 silly audit report       url: 'https://github.com/advisories/GHSA-78xj-cgh5-2h22',
1168 silly audit report       title: 'NPM IP package incorrectly identifies some private IP addresses as public',
1168 silly audit report       severity: 'low',
1168 silly audit report       vulnerable_versions: '=2.0.0',
1168 silly audit report       cwe: [Array],
1168 silly audit report       cvss: [Object]
1168 silly audit report     }
1168 silly audit report   ],
1168 silly audit report   lodash: [
1168 silly audit report     {
1168 silly audit report       id: 1112455,
1168 silly audit report       url: 'https://github.com/advisories/GHSA-xxjr-mmjv-4gpg',
1168 silly audit report       title: 'Lodash has Prototype Pollution Vulnerability in `_.unset` and `_.omit` functions',
1168 silly audit report       severity: 'moderate',
1168 silly audit report       vulnerable_versions: '>=4.0.0 <=4.17.22',
1168 silly audit report       cwe: [Array],
1168 silly audit report       cvss: [Object]
1168 silly audit report     }
1168 silly audit report   ],
1168 silly audit report   'markdown-it': [
1168 silly audit report     {
1168 silly audit report       id: 1113190,
1168 silly audit report       url: 'https://github.com/advisories/GHSA-38c4-r59v-3vqw',
1168 silly audit report       title: 'markdown-it is has a Regular Expression Denial of Service (ReDoS)',
1168 silly audit report       severity: 'moderate',
1168 silly audit report       vulnerable_versions: '>=13.0.0 <14.1.1',
1168 silly audit report       cwe: [Array],
1168 silly audit report       cvss: [Object]
1168 silly audit report     }
1168 silly audit report   ],
1168 silly audit report   micromatch: [
1168 silly audit report     {
1168 silly audit report       id: 1098681,
1168 silly audit report       url: 'https://github.com/advisories/GHSA-952p-6rrq-rcjv',
1168 silly audit report       title: 'Regular Expression Denial of Service (ReDoS) in micromatch',
1168 silly audit report       severity: 'moderate',
1168 silly audit report       vulnerable_versions: '<4.0.8',
1168 silly audit report       cwe: [Array],
1168 silly audit report       cvss: [Object]
1168 silly audit report     }
1168 silly audit report   ],
1168 silly audit report   nanoid: [
1168 silly audit report     {
1168 silly audit report       id: 1109563,
1168 silly audit report       url: 'https://github.com/advisories/GHSA-mwcw-c2x4-8c55',
1168 silly audit report       title: 'Predictable results in nanoid generation when given non-integer values',
1168 silly audit report       severity: 'moderate',
1168 silly audit report       vulnerable_versions: '<3.3.8',
1168 silly audit report       cwe: [Array],
1168 silly audit report       cvss: [Object]
1168 silly audit report     }
1168 silly audit report   ],
1168 silly audit report   'path-to-regexp': [
1168 silly audit report     {
1168 silly audit report       id: 1101846,
1168 silly audit report       url: 'https://github.com/advisories/GHSA-9wv6-86v2-598j',
1168 silly audit report       title: 'path-to-regexp outputs backtracking regular expressions',
1168 silly audit report       severity: 'high',
1168 silly audit report       vulnerable_versions: '>=4.0.0 <6.3.0',
1168 silly audit report       cwe: [Array],
1168 silly audit report       cvss: [Object]
1168 silly audit report     }
1168 silly audit report   ],
1168 silly audit report   picomatch: [
1168 silly audit report     {
1168 silly audit report       id: 1115549,
1168 silly audit report       url: 'https://github.com/advisories/GHSA-3v7f-55p6-f55p',
1168 silly audit report       title: 'Picomatch: Method Injection in POSIX Character Classes causes incorrect Glob Matching',
1168 silly audit report       severity: 'moderate',
1168 silly audit report       vulnerable_versions: '<2.3.2',
1168 silly audit report       cwe: [Array],
1168 silly audit report       cvss: [Object]
1168 silly audit report     },
1168 silly audit report     {
1168 silly audit report       id: 1115552,
1168 silly audit report       url: 'https://github.com/advisories/GHSA-c2c7-rcm5-vvqj',
1168 silly audit report       title: 'Picomatch has a ReDoS vulnerability via extglob quantifiers',
1168 silly audit report       severity: 'high',
1168 silly audit report       vulnerable_versions: '<2.3.2',
1168 silly audit report       cwe: [Array],
1168 silly audit report       cvss: [Object]
1168 silly audit report     }
1168 silly audit report   ],
1168 silly audit report   pug: [
1168 silly audit report     {
1168 silly audit report       id: 1104111,
1168 silly audit report       url: 'https://github.com/advisories/GHSA-3965-hpx2-q597',
1168 silly audit report       title: 'Pug allows JavaScript code execution if an application accepts untrusted input',
1168 silly audit report       severity: 'moderate',
1168 silly audit report       vulnerable_versions: '<=3.0.2',
1168 silly audit report       cwe: [Array],
1168 silly audit report       cvss: [Object]
1168 silly audit report     }
1168 silly audit report   ],
1168 silly audit report   'pug-code-gen': [
1168 silly audit report     {
1168 silly audit report       id: 1104107,
1168 silly audit report       url: 'https://github.com/advisories/GHSA-3965-hpx2-q597',
1168 silly audit report       title: 'Pug allows JavaScript code execution if an application accepts untrusted input',
1168 silly audit report       severity: 'moderate',
1168 silly audit report       vulnerable_versions: '<=3.0.2',
1168 silly audit report       cwe: [Array],
1168 silly audit report       cvss: [Object]
1168 silly audit report     }
1168 silly audit report   ],
1168 silly audit report   qs: [
1168 silly audit report     {
1168 silly audit report       id: 1113161,
1168 silly audit report       url: 'https://github.com/advisories/GHSA-w7fw-mjwx-w883',
1168 silly audit report       title: "qs's arrayLimit bypass in comma parsing allows denial of service",
1168 silly audit report       severity: 'low',
1168 silly audit report       vulnerable_versions: '>=6.7.0 <=6.14.1',
1168 silly audit report       cwe: [Array],
1168 silly audit report       cvss: [Object]
1168 silly audit report     },
1168 silly audit report     {
1168 silly audit report       id: 1113719,
1168 silly audit report       url: 'https://github.com/advisories/GHSA-6rw7-vpxm-498p',
1168 silly audit report       title: "qs's arrayLimit bypass in its bracket notation allows DoS via memory exhaustion",
1168 silly audit report       severity: 'moderate',
1168 silly audit report       vulnerable_versions: '<6.14.1',
1168 silly audit report       cwe: [Array],
1168 silly audit report       cvss: [Object]
1168 silly audit report     }
1168 silly audit report   ],
1168 silly audit report   sequelize: [
1168 silly audit report     {
1168 silly audit report       id: 1114318,
1168 silly audit report       url: 'https://github.com/advisories/GHSA-6457-6jrx-69cr',
1168 silly audit report       title: 'Sequelize v6 Vulnerable to SQL Injection via JSON Column Cast Type',
1168 silly audit report       severity: 'high',
1168 silly audit report       vulnerable_versions: '>=6.0.0-beta.1 <=6.37.7',
1168 silly audit report       cwe: [Array],
1168 silly audit report       cvss: [Object]
1168 silly audit report     }
1168 silly audit report   ],
1168 silly audit report   'serialize-javascript': [
1168 silly audit report     {
1168 silly audit report       id: 1113686,
1168 silly audit report       url: 'https://github.com/advisories/GHSA-5c6j-r48x-rmvq',
1168 silly audit report       title: 'Serialize JavaScript is Vulnerable to RCE via RegExp.flags and Date.prototype.toISOString()',
1168 silly audit report       severity: 'high',
1168 silly audit report       vulnerable_versions: '<=7.0.2',
1168 silly audit report       cwe: [Array],
1168 silly audit report       cvss: [Object]
1168 silly audit report     },
1168 silly audit report     {
1168 silly audit report       id: 1115519,
1168 silly audit report       url: 'https://github.com/advisories/GHSA-qj8w-gfj5-8c6v',
1168 silly audit report       title: 'Serialize JavaScript has CPU Exhaustion Denial of Service via crafted array-like objects',
1168 silly audit report       severity: 'moderate',
1168 silly audit report       vulnerable_versions: '<7.0.5',
1168 silly audit report       cwe: [Array],
1168 silly audit report       cvss: [Object]
1168 silly audit report     }
1168 silly audit report   ],
1168 silly audit report   tar: [
1168 silly audit report     {
1168 silly audit report       id: 1112659,
1168 silly audit report       url: 'https://github.com/advisories/GHSA-34x7-hfp2-rc4v',
1168 silly audit report       title: 'node-tar Vulnerable to Arbitrary File Creation/Overwrite via Hardlink Path Traversal',
1168 silly audit report       severity: 'high',
1168 silly audit report       vulnerable_versions: '<7.5.7',
1168 silly audit report       cwe: [Array],
1168 silly audit report       cvss: [Object]
1168 silly audit report     },
1168 silly audit report     {
1168 silly audit report       id: 1113300,
1168 silly audit report       url: 'https://github.com/advisories/GHSA-8qq5-rm4j-mr97',
1168 silly audit report       title: 'node-tar is Vulnerable to Arbitrary File Overwrite and Symlink Poisoning via Insufficient Path Sanitization',
1168 silly audit report       severity: 'high',
1168 silly audit report       vulnerable_versions: '<=7.5.2',
1168 silly audit report       cwe: [Array],
1168 silly audit report       cvss: [Object]
1168 silly audit report     },
1168 silly audit report     {
1168 silly audit report       id: 1113375,
1168 silly audit report       url: 'https://github.com/advisories/GHSA-83g3-92jg-28cx',
1168 silly audit report       title: 'Arbitrary File Read/Write via Hardlink Target Escape Through Symlink Chain in node-tar Extraction',
1168 silly audit report       severity: 'high',
1168 silly audit report       vulnerable_versions: '<7.5.8',
1168 silly audit report       cwe: [Array],
1168 silly audit report       cvss: [Object]
1168 silly audit report     },
1168 silly audit report     {
1168 silly audit report       id: 1114200,
1168 silly audit report       url: 'https://github.com/advisories/GHSA-qffp-2rhf-9h96',
1168 silly audit report       title: 'tar has Hardlink Path Traversal via Drive-Relative Linkpath',
1168 silly audit report       severity: 'high',
1168 silly audit report       vulnerable_versions: '<=7.5.9',
1168 silly audit report       cwe: [Array],
1168 silly audit report       cvss: [Object]
1168 silly audit report     },
1168 silly audit report     {
1168 silly audit report       id: 1114302,
1168 silly audit report       url: 'https://github.com/advisories/GHSA-9ppj-qmqm-q256',
1168 silly audit report       title: 'node-tar Symlink Path Traversal via Drive-Relative Linkpath',
1168 silly audit report       severity: 'high',
1168 silly audit report       vulnerable_versions: '<=7.5.10',
1168 silly audit report       cwe: [Array],
1168 silly audit report       cvss: [Object]
1168 silly audit report     },
1168 silly audit report     {
1168 silly audit report       id: 1114680,
1168 silly audit report       url: 'https://github.com/advisories/GHSA-r6q2-hw4h-h46w',
1168 silly audit report       title: 'Race Condition in node-tar Path Reservations via Unicode Ligature Collisions on macOS APFS',
1168 silly audit report       severity: 'high',
1168 silly audit report       vulnerable_versions: '<=7.5.3',
1168 silly audit report       cwe: [Array],
1168 silly audit report       cvss: [Object]
1168 silly audit report     },
1168 silly audit report     {
1168 silly audit report       id: 1097493,
1168 silly audit report       url: 'https://github.com/advisories/GHSA-f5x3-32g6-xq36',
1168 silly audit report       title: 'Denial of service while parsing a tar file due to lack of folders count validation',
1168 silly audit report       severity: 'moderate',
1168 silly audit report       vulnerable_versions: '<6.2.1',
1168 silly audit report       cwe: [Array],
1168 silly audit report       cvss: [Object]
1168 silly audit report     }
1168 silly audit report   ],
1168 silly audit report   'tar-fs': [
1168 silly audit report     {
1168 silly audit report       id: 1109532,
1168 silly audit report       url: 'https://github.com/advisories/GHSA-vj76-c3g6-qr5v',
1168 silly audit report       title: 'tar-fs has a symlink validation bypass if destination directory is predictable with a specific tarball',
1168 silly audit report       severity: 'high',
1168 silly audit report       vulnerable_versions: '>=2.0.0 <2.1.4',
1168 silly audit report       cwe: [Array],
1168 silly audit report       cvss: [Object]
1168 silly audit report     },
1168 silly audit report     {
1168 silly audit report       id: 1109543,
1168 silly audit report       url: 'https://github.com/advisories/GHSA-8cj5-5rvv-wf4v',
1168 silly audit report       title: 'tar-fs can extract outside the specified dir with a specific tarball',
1168 silly audit report       severity: 'high',
1168 silly audit report       vulnerable_versions: '>=2.0.0 <2.1.3',
1168 silly audit report       cwe: [Array],
1168 silly audit report       cvss: [Object]
1168 silly audit report     },
1168 silly audit report     {
1168 silly audit report       id: 1109552,
1168 silly audit report       url: 'https://github.com/advisories/GHSA-pq67-2wwv-3xjx',
1168 silly audit report       title: 'tar-fs Vulnerable to Link Following and Path Traversal via Extracting a Crafted tar File',
1168 silly audit report       severity: 'high',
1168 silly audit report       vulnerable_versions: '>=2.0.0 <2.1.2',
1168 silly audit report       cwe: [Array],
1168 silly audit report       cvss: [Object]
1168 silly audit report     }
1168 silly audit report   ],
1168 silly audit report   validator: [
1168 silly audit report     {
1168 silly audit report       id: 1109241,
1168 silly audit report       url: 'https://github.com/advisories/GHSA-9965-vmph-33xx',
1168 silly audit report       title: 'validator.js has a URL validation bypass vulnerability in its isURL function',
1168 silly audit report       severity: 'moderate',
1168 silly audit report       vulnerable_versions: '<13.15.20',
1168 silly audit report       cwe: [Array],
1168 silly audit report       cvss: [Object]
1168 silly audit report     },
1168 silly audit report     {
1168 silly audit report       id: 1112713,
1168 silly audit report       url: 'https://github.com/advisories/GHSA-vghf-hv5q-vc2g',
1168 silly audit report       title: 'Validator is Vulnerable to Incomplete Filtering of One or More Instances of Special Elements',
1168 silly audit report       severity: 'high',
1168 silly audit report       vulnerable_versions: '<13.15.22',
1168 silly audit report       cwe: [Array],
1168 silly audit report       cvss: [Object]
1168 silly audit report     }
1168 silly audit report   ],
1168 silly audit report   webpack: [
1168 silly audit report     {
1168 silly audit report       id: 1113041,
1168 silly audit report       url: 'https://github.com/advisories/GHSA-8fgc-7cc6-rx7x',
1168 silly audit report       title: 'webpack buildHttp: allowedUris allow-list bypass via URL userinfo (@) leading to build-time SSRF behavior',
1168 silly audit report       severity: 'low',
1168 silly audit report       vulnerable_versions: '>=5.49.0 <=5.104.0',
1168 silly audit report       cwe: [Array],
1168 silly audit report       cvss: [Object]
1168 silly audit report     },
1168 silly audit report     {
1168 silly audit report       id: 1113042,
1168 silly audit report       url: 'https://github.com/advisories/GHSA-38r7-794h-5758',
1168 silly audit report       title: 'webpack buildHttp HttpUriPlugin allowedUris bypass via HTTP redirects → SSRF + cache persistence',
1168 silly audit report       severity: 'low',
1168 silly audit report       vulnerable_versions: '>=5.49.0 <5.104.0',
1168 silly audit report       cwe: [Array],
1168 silly audit report       cvss: [Object]
1168 silly audit report     },
1168 silly audit report     {
1168 silly audit report       id: 1099351,
1168 silly audit report       url: 'https://github.com/advisories/GHSA-4vvj-4cpr-p986',
1168 silly audit report       title: "Webpack's AutoPublicPathRuntimeModule has a DOM Clobbering Gadget that leads to XSS",
1168 silly audit report       severity: 'moderate',
1168 silly audit report       vulnerable_versions: '>=5.0.0-alpha.0 <5.94.0',
1168 silly audit report       cwe: [Array],
1168 silly audit report       cvss: [Object]
1168 silly audit report     }
1168 silly audit report   ]
1168 silly audit report }
1169 timing metavuln:cache:get:security-advisory:@babel/helpers:+NsF1flAI8VENgJn0XVIWaC4lCe3b89AZgBOx219qXn/BdXH1EWl/yD49aHbhQimIG4kna8zgkunsmpiAVwNPQ== Completed in 503ms
1170 timing metavuln:cache:get:security-advisory:@babel/runtime:xDaNmlS3J8LRk7IfDb7e9Gp3gcy/xDr1QZXCKC997SMkqKVemm2guY9vQpRI6omD11L5cfCI+STpoAdxUgnVsA== Completed in 502ms
1171 timing metavuln:cache:get:security-advisory:ajv:u4HOZ0QFYFTDLqnZ5TPSC8VEvP+HMuGcZACJuTqG8bm/gunrgkQwsiiH2pbF9tNIl45RK0sW2ccPzEojb1k0xQ== Completed in 501ms
1172 timing metavuln:cache:get:security-advisory:ajv:URErmxoyazZWR5lFcXpgTkGsbkrUBDlzD8W6txjBw2wZoOC7oHjHFfCrRr/VnGeJvbyUY9E2jxrL8p2XbwfP8g== Completed in 501ms
1173 timing metavuln:cache:get:security-advisory:js-yaml:MQ5RokLIvrWmT8/NQU0dD+jQ+6pFslHlaXx1Z5q7mESITohR8AwLT525ddIc2KvKZYbB1p5yclW3kV4xeRYXEg== Completed in 501ms
1174 timing metavuln:cache:get:security-advisory:js-yaml:621IdjBdZEeVoUcjWGl1jXN0jFDGaf7dIQMeaPVKf5MxqYprJztiOC0OHOUPVoayh7Cq/fTC8L5CqEb98qlE7w== Completed in 500ms
1175 timing metavuln:cache:get:security-advisory:glob:NTB2XjbDOgk4lkd8PZ3tUAm1F3E/ohGF6rl9/3LEO7Z0FDzSR5nWwzd3nUENA3NCNdyeR+35DOC12wPml2IV+g== Completed in 500ms
1176 timing metavuln:cache:get:security-advisory:@tootallnate/once:Bij+qufwr7God+MYI0JIFJYEDFT3IlGllIhDaMb6DB6UZOYpGBBfXc1Jq59Wdg/M2NdGRUO2+zYnIEZHW42YDw== Completed in 500ms
1177 timing metavuln:cache:get:security-advisory:brace-expansion:7IQMvcVTr+svbh5KCx4Kl6FQKJ1GciM03BnJAve/5WYJjUeRzKAIrStVpfachbl3T6a7o8nYlQEVG6Ih0TNXRg== Completed in 499ms
1178 timing metavuln:cache:get:security-advisory:brace-expansion:mClmYqWawCNXseeTBHWiIwZH/2CmFUqPCmosJIeOhAgD9z1v3SayhHAwaWVo8wmeKU/JN9VP4zDBeXaqy3Ay2A== Completed in 499ms
1179 timing metavuln:cache:get:security-advisory:brace-expansion:kIHgu1L8zIy7pY0wp6wYzUm7tst3xTM2tiSYrstcGK/XsO7o4p6zyuUSjq93oH1dvU2tbEvlSW+gaNbGIbeudw== Completed in 499ms
1180 timing metavuln:cache:get:security-advisory:brace-expansion:ZHzAtnciS42HIMtUGajCifTIrkCUkWb93u/V1lJEt9HzdJ+ypMofn/dKgSOaziPQj+WGAcGS7t7WdPUHJBz0LA== Completed in 499ms
1181 timing metavuln:cache:get:security-advisory:minimatch:V/3cIcyAQcG1bwuH0e0PI9Qt5WRtbvb/WOz2mBxAfNzXf+Dvs9G1X05eHjnPq2b0TJY4zXXpqhCAkRAipgk3iQ== Completed in 499ms
1182 timing metavuln:cache:get:security-advisory:minimatch:/utMkAt3a6jSPsaWIJ1J7tAb7G+ccGxNsymbhFTVWOMIyhRZOJ9QR0zn1SNtejrdUO5fsO4RDJKDMI6C5/bkuw== Completed in 499ms
1183 timing metavuln:cache:get:security-advisory:minimatch:B00WbbnnDNaFGA7l9BgrTioYpRMzU4+U8SUF8cn65LwArJAK0O380QwyP/UyxPr7i9XUjX9/AADC41/edu9OrA== Completed in 499ms
1184 timing metavuln:cache:get:security-advisory:minimatch:kx7kRjUmjSYmgQBpfsU82Na4xORZqvqpRRSlOyPLadasPBl0YfFJCjIETC00BG7Gd2omQLizgz8/GnnE/hk+Jw== Completed in 499ms
1185 timing metavuln:cache:get:security-advisory:minimatch:txOieOIAfgHfBPiN09+pYAjPLRzgUOz3D3illtf9vTzeqs41QJZjfj5jVXCi/3ICpBX0YlJi/ghdWSjCJwNtwA== Completed in 499ms
1186 timing metavuln:cache:get:security-advisory:minimatch:tJ9Z2VGWqiQfLaVKxc9K/6Rz1g70Mpl3An4UK+K1lyHdz27vYPzhMIkC4jRGAN2wpssY+8l13Ql259B6zkaX/Q== Completed in 498ms
1187 timing metavuln:cache:get:security-advisory:minimatch:tdaAHfWGUw/nl/W8ALWVH+LvG2E3gvo3P2FI/fVPxm3aZteLxWMOEuk/9iDk5O0/cZN/GRXnabt/mW/bfUoL/g== Completed in 498ms
1188 timing metavuln:cache:get:security-advisory:minimatch:d1vHbFmApmPZ8D7tU5wibuYDk+ODEPdqBqmhQYykwFs/yMixetMkwY01zYVdWNOsg0NvkvSTlNgJ2ddzclruSA== Completed in 498ms
1189 timing metavuln:cache:get:security-advisory:minimatch:IBqefxF0lKwSFXzwGHp5L8khqSaPYY99x0GHtXNH4YxtdIexeL4FFPzrnnBvkhgmGDEWHo3XAgpPYGyM1jidQQ== Completed in 498ms
1190 timing metavuln:cache:get:security-advisory:braces:JiXBFkEDkUnBQLw3PO6emUmmm2JXqgEbh+FhB3SNDS8k6Z0wM20irrfaOjjxYuMxZaKaDudvR037mtEoeqZzXw== Completed in 498ms
1191 timing metavuln:cache:get:security-advisory:cookie:EFt7h/FZLeopARa06+F2CBY5ItUm007mP/cHgZjTJZX1MeIwg3JD7toSioRoDeE8wm5VdkimqlS+CnuPhZqbIg== Completed in 498ms
1192 timing metavuln:cache:get:security-advisory:cross-spawn:PBcc/5P1UEO/1Ba/jUNR65wOzs1wU0Y+m+OOSfB57dG5EajzjbqRMRm0l7MWqcJgHDYM5GoZ36Hm7qAYFlIH3A== Completed in 498ms
1193 timing metavuln:cache:get:security-advisory:dottie:0ACVlgh2XixrZ76V6Aw4AGmXe/vScI8AGIUQKFGZaYZxp4MyNabKSDBfLcT9XlERSFeHYQ9hiMRtZaHo1b3mTw== Completed in 497ms
1194 timing metavuln:cache:get:security-advisory:fastify:5OdrwYv5Xzq+rI3bchsuaHIz85Yyo5gTdhOrQGf2Em7pRhXXR2ur0R7W7qQ6UpWsSxuRBW8Fdp57dyqUhR5/yw== Completed in 496ms
1195 timing metavuln:cache:get:security-advisory:fastify:Mu3bbsgGIQMzQU+JUqKbxbOdmJ9sahc+8jmwkzzm3/7BqYYzReNvhjLjZ9XT5ElUjr+2gUCz/6X6tV16iM+obQ== Completed in 496ms
1196 timing metavuln:cache:get:security-advisory:fastify:vrddC5kD1iC6bjQC2yMAnNLy1/+VmRDX3Vr+8eGmbbd/ikD6VgNiIpwTn2TMS3TAzr8ZR+5OeLpu/4I5U8QBKA== Completed in 496ms
1197 timing metavuln:cache:get:security-advisory:find-my-way:ncPGiupWBmuLy3osYbi6NeA3zAkV0H2ETbz204QySGfjGMvhOUrckXpvAqjVyzsYU9NNJZrPHuMSulTPi+/bfw== Completed in 496ms
1198 timing metavuln:cache:get:security-advisory:flatted:oa7V2KnuHnLCPcrXFvcQLRAa1NASGJm9yZ+B92xpfwxan7PZyVrZjYAHt6LB51PFfA2mM8KGE+VHR+U5X/2uZw== Completed in 495ms
1199 timing metavuln:cache:get:security-advisory:flatted:uMG/3R828PE31LVzr7SnM2pFAXessH3XoRtonZYiGJtZfR5a//VWhmdMxy/RepstCydCDFxkci7fqEuzEvhnAA== Completed in 494ms
1200 timing metavuln:cache:get:security-advisory:ip:FcMhhitnipE8n5zCPiVRq2NLRNmu7UZkoO9lrM5CRC/emGwY5wSoa1+q1Q1Z8SPpfXO9tzox/MNRv7luhyJvqg== Completed in 494ms
1201 timing metavuln:cache:get:security-advisory:ip:kueZWtHx2OlOfcgg7jCuzsMg1G+hSWSz46I4qS9A9YkI1yyLIkm6qmb9EAp6afwx9qKW96Z5AKmkLgtElUvJrg== Completed in 494ms
1202 timing metavuln:cache:get:security-advisory:lodash:OGNA5lR8rR8aeucWHqvJLBV5oaroI/lF2JfG9J2l63dx9uiGUyHuI4ymC6nv+dqWwxtqCIMcqBukiWYEiF5/RQ== Completed in 494ms
1203 timing metavuln:cache:get:security-advisory:markdown-it:745Vt4mrHCdT8gFHVh7oHROmP4aH4fErXXhbpeVBhtIHmsxTVI7P3rJSdfXZ1iZTBS6GEnTERL4OWUfc4Co9jQ== Completed in 493ms
1204 timing metavuln:cache:get:security-advisory:micromatch:TlYHmS8BZBwkbsPHbTfH2/e91KJnOnqfC63ZoKdiRy+yt6biPd8BwjBdyfPUht1+ZO675I3Gg00RQPYaWiOm8Q== Completed in 493ms
1205 timing metavuln:cache:get:security-advisory:nanoid:SvMVdtEUVO5ESues2DL9aEFMy6oMG+saOn/tNitKJcx7q7CvMfC5ZcstpC8dbnZl5KL/q/3pYBvQrAPBFsC+nQ== Completed in 493ms
1206 timing metavuln:cache:get:security-advisory:path-to-regexp:TmkHz1g6xKc2pnDD1h6+ZDKMikxz0M1BBY/wyR9ER8446AKOUk6gXjoSR2douZ5enAllzNSKaynTW1H+LBi1CA== Completed in 492ms
1207 timing metavuln:cache:get:security-advisory:picomatch:GSQ5ghUF1JWDKMssoydWDVRebjlPePRwktLhrdWzXCq5xeBXdo4Cm9HGHnH2b6P1Nq93YjwPmimVjAx6kge32A== Completed in 491ms
1208 timing metavuln:cache:get:security-advisory:picomatch:H8EHkZXRRUdil3DyUl8tc8lCQUliQzjc5H5D4llqFojH152sBqO1suz3XiNiRQT++wJdWkgXe/zFc/Bbrrz6ng== Completed in 491ms
1209 timing metavuln:cache:get:security-advisory:pug:q1QCNIb5doZm6I3eRGcu7TI0K8fyc7dAf2McLW9B8u9n+aVFF2mdYrDZecswkGEqvp/OYAJdtseKaRANUQq8pQ== Completed in 491ms
1210 timing metavuln:cache:get:security-advisory:pug-code-gen:jYtA+ua4XfswkuObBtnwWn2fYvQUK4ca+Iv1+bqgs4mXRLiX4zUdwwNSawL0T4CvKtEq8q6TFgvFydQ8OKg+/Q== Completed in 490ms
1211 timing metavuln:cache:get:security-advisory:qs:vVSN+MRVpdux32gCUfPGidHUGmS/0G5Ziwtmb1YXw3NARw1r47LtySeR7yFf/LZ4sKzi41443WWDDZzPHuCh9g== Completed in 490ms
1212 timing metavuln:cache:get:security-advisory:qs:iChjlXxtVMTpyXsUse674XoeCayLW4gF6rE7sQcXvHRFegwpM44fUr9Eqlmsmu+S9udu9w9eZmpzcAcyiUJMIQ== Completed in 490ms
1213 timing metavuln:cache:get:security-advisory:sequelize:wjhMoLZiiqIacD4+V2lI9921Z2ZeJryL/EpzUzvbYcIegwFDJzNWjjO/YQBa50uUmoyjfCuJxHX0z9qwD769Dg== Completed in 490ms
1214 timing metavuln:cache:get:security-advisory:serialize-javascript:VNhzhjSQJJPSfVWQUXMpEy6hsW23faurQllLlGbSJ7QrUHjncb9PKDTQYw8APRVBzMug+7YJc5EWXV6SYvPIiw== Completed in 489ms
1215 timing metavuln:cache:get:security-advisory:serialize-javascript:YrpAzJikcaEK6U7y11zmmRITGnSTqoXdMRbxLiMf/nPn9B5sJrSY0SS0JQJpCtWZWBD1YeLrOPjFv5fBwOa8Rw== Completed in 490ms
1216 timing metavuln:cache:get:security-advisory:tar:qPQeYPFDBIedTWfYK3sbnScF6Ha7ouTs+wgndnz4PT5P+/K+GBD4epoPcYpXlu6AC7gSJlCJTJeuKbYAFoK9PA== Completed in 490ms
1217 timing metavuln:cache:get:security-advisory:tar:cbwMpzkxWE086TmEbj2aUk80Z6hlvP0jzlWS+XiX15JwqEtFzUgHyHj3QX4I6EZYk8tgcYPuNr3hYFVCQY6e3Q== Completed in 490ms
1218 timing metavuln:cache:get:security-advisory:tar:Bbf0Br7FJ1lJBIJDoLLFwjsDrbaYgLVqfrwr0ATzSQWEKW7Xp073S+5zxU9imRf4OqRJHo2MsCDeyKR0KRVsdA== Completed in 490ms
1219 timing metavuln:cache:get:security-advisory:tar:eeMx7uxRjV2T2ub1XcSZGVUMDQllh5SgBOjApRXoDwccZb2xPyoJEKCNDkl/ZQGHcurw9K/Nf+wQF6u7SWH6CQ== Completed in 490ms
1220 timing metavuln:cache:get:security-advisory:tar:UWW3Y4BpqE/fE3Qp2/QBaix5a7TZZoP7gM6asxPYL9ED9MweoK3ryao+Bp0Y6Y8Xds/rmjAafpG21YRYkP3N4g== Completed in 489ms
1221 timing metavuln:cache:get:security-advisory:tar:vbDW3SJe6e2hhLv65iuyXehzCzEAirdu2MloZluu8ApJ5S0mpjZNCz+7tMRaz8WDOzMKfYQKi/M/IfcFNOa3Cw== Completed in 489ms
1222 timing metavuln:cache:get:security-advisory:tar:xsfciMtNhQn+Vb692L8h5HEYBYUJ5Lhjy3bF//LOsKSn8tp0f1hbuDX26k9UtKJNPZjM5uuq2Cxlz3KwL19oJg== Completed in 489ms
1223 timing metavuln:cache:get:security-advisory:tar-fs:cvuUIK3mvYU/u7TShVqDjuuoWy7Jgl2iyysqZzndeGLLwvbCDiePQ/rot9wwSNqpYc8yRaszF/7dU1Uelp1dUw== Completed in 489ms
1224 timing metavuln:cache:get:security-advisory:tar-fs:Ix/Js08sk80rCM814qr/o6ab9zjh7+H8VVJui+xRbBltVjhzX21eodMzpIt77aC2gIFcrK8EEBkOSiDgsanD1w== Completed in 489ms
1225 timing metavuln:cache:get:security-advisory:tar-fs:1dRVXY1/KAgNRzluJejkcnnY74RNVCtUBdSLW4DLR6KPpPmll6CDT96fyxIYOX7Nsq4AChUF8ivPlQmppqQqYw== Completed in 489ms
1226 timing metavuln:cache:get:security-advisory:validator:IkyJOqfhkev0E9tRX4zbgkqtsxJX67cd4upO2f1EheDpncnx522qyf9oLyXwjDcWGeZOQHSqJUAh/kUyYH60qQ== Completed in 489ms
1227 timing metavuln:cache:get:security-advisory:validator:K8tnmsGw+QkTexUmTWxKwuHjWuT7Hea3z5nNI9JdW3F0rI0+n7L2rpU8PIPJJVMbPs2Qmf97TEHw10QorOnMzQ== Completed in 489ms
1228 timing metavuln:cache:get:security-advisory:webpack:IzHFkMfHDC+SV3IL23ZHngntgLDUgyESA9Ge8Mh5rKNVcDpaWLuTZIcoUJg4/bAH+BQlnDzJ4nLfJCy6fOIM0A== Completed in 489ms
1229 timing metavuln:cache:get:security-advisory:webpack:s8eUYzfoKCRSDroeyV91F0huXvDaY4W8tlhzcL2BszFV9dolZHIAn/UZ/7LVU12F35esXqY1PqnhYKHfHcDozQ== Completed in 488ms
1230 timing metavuln:cache:get:security-advisory:webpack:7Pl1j4sHKhCQAEccTmt3XZIEEazRzvyC0TOx07N0G7o5OIhhZ0j0Ji3KSCbTwfmCR/2OHJ3Mx5ZmedDQEQeBbg== Completed in 488ms
1231 http fetch GET 200 https://registry.npmjs.org/resolve-cwd/-/resolve-cwd-3.0.0.tgz 11789ms (cache miss)
1232 timing reifyNode:node_modules/resolve-cwd Completed in 12180ms
1233 http fetch GET 200 https://registry.npmjs.org/string-length/-/string-length-4.0.2.tgz 11828ms (cache miss)
1234 timing reifyNode:node_modules/string-length Completed in 12187ms
1235 http fetch GET 200 https://registry.npmjs.org/shebang-regex/-/shebang-regex-3.0.0.tgz 11812ms (cache miss)
1236 timing reifyNode:node_modules/shebang-regex Completed in 12187ms
1237 http fetch GET 200 https://registry.npmjs.org/path-type/-/path-type-4.0.0.tgz 11799ms (cache miss)
1238 timing reifyNode:node_modules/path-type Completed in 12229ms
1239 http fetch GET 200 https://registry.npmjs.org/mimic-response/-/mimic-response-1.0.1.tgz 11753ms (cache miss)
1240 timing reifyNode:node_modules/mimic-response Completed in 12228ms
1241 http fetch GET 200 https://registry.npmjs.org/mime-types/-/mime-types-2.1.35.tgz 11753ms (cache miss)
1242 timing reifyNode:node_modules/mime-types Completed in 12228ms
1243 http fetch GET 200 https://registry.npmjs.org/pug-parser/-/pug-parser-6.0.0.tgz 11740ms (cache miss)
1244 timing reifyNode:node_modules/pug-parser Completed in 12242ms
1245 http fetch GET 200 https://registry.npmjs.org/jest-get-type/-/jest-get-type-29.6.3.tgz 11721ms (cache miss)
1246 timing reifyNode:node_modules/jest-get-type Completed in 12230ms
1247 http fetch GET 200 https://registry.npmjs.org/isarray/-/isarray-2.0.5.tgz 11712ms (cache miss)
1248 timing reifyNode:node_modules/isarray Completed in 12230ms
1249 http fetch GET 200 https://registry.npmjs.org/is-docker/-/is-docker-2.2.1.tgz 11702ms (cache miss)
1250 timing reifyNode:node_modules/is-docker Completed in 12230ms
1251 http fetch GET 200 https://registry.npmjs.org/is-expression/-/is-expression-4.0.0.tgz 11704ms (cache miss)
1252 timing reifyNode:node_modules/is-expression Completed in 12230ms
1253 http fetch GET 200 https://registry.npmjs.org/is-fullwidth-code-point/-/is-fullwidth-code-point-3.0.0.tgz 11704ms (cache miss)
1254 timing reifyNode:node_modules/is-fullwidth-code-point Completed in 12230ms
1255 http fetch GET 200 https://registry.npmjs.org/is-ci/-/is-ci-3.0.1.tgz 11703ms (cache miss)
1256 timing reifyNode:node_modules/is-ci Completed in 12231ms
1257 http fetch GET 200 https://registry.npmjs.org/ini/-/ini-2.0.0.tgz 11699ms (cache miss)
1258 timing reifyNode:node_modules/ini Completed in 12230ms
1259 http fetch GET 200 https://registry.npmjs.org/yocto-queue/-/yocto-queue-0.1.0.tgz 11950ms (cache miss)
1260 timing reifyNode:node_modules/yocto-queue Completed in 12273ms
1261 http fetch GET 200 https://registry.npmjs.org/write-file-atomic/-/write-file-atomic-4.0.2.tgz 11945ms (cache miss)
1262 timing reifyNode:node_modules/write-file-atomic Completed in 12273ms
1263 http fetch GET 200 https://registry.npmjs.org/xdg-basedir/-/xdg-basedir-5.1.0.tgz 11948ms (cache miss)
1264 timing reifyNode:node_modules/xdg-basedir Completed in 12273ms
1265 http fetch GET 200 https://registry.npmjs.org/wrappy/-/wrappy-1.0.2.tgz 11948ms (cache miss)
1266 timing reifyNode:node_modules/wrappy Completed in 12274ms
1267 http fetch GET 200 https://registry.npmjs.org/xtend/-/xtend-4.0.2.tgz 11949ms (cache miss)
1268 timing reifyNode:node_modules/xtend Completed in 12276ms
1269 http fetch GET 200 https://registry.npmjs.org/void-elements/-/void-elements-3.1.0.tgz 11943ms (cache miss)
1270 timing reifyNode:node_modules/void-elements Completed in 12273ms
1271 http fetch GET 200 https://registry.npmjs.org/typedarray-to-buffer/-/typedarray-to-buffer-3.1.5.tgz 11932ms (cache miss)
1272 timing reifyNode:node_modules/typedarray-to-buffer Completed in 12273ms
1273 http fetch GET 200 https://registry.npmjs.org/walker/-/walker-1.0.8.tgz 11945ms (cache miss)
1274 timing reifyNode:node_modules/walker Completed in 12277ms
1275 http fetch GET 200 https://registry.npmjs.org/validate-npm-package-name/-/validate-npm-package-name-5.0.0.tgz 11945ms (cache miss)
1276 timing reifyNode:node_modules/validate-npm-package-name Completed in 12278ms
1277 http fetch GET 200 https://registry.npmjs.org/util-deprecate/-/util-deprecate-1.0.2.tgz 11944ms (cache miss)
1278 timing reifyNode:node_modules/util-deprecate Completed in 12278ms
1279 http fetch GET 200 https://registry.npmjs.org/json-parse-even-better-errors/-/json-parse-even-better-errors-3.0.1.tgz 11444ms (cache miss)
1280 timing reifyNode:node_modules/read-package-json-fast/node_modules/json-parse-even-better-errors Completed in 12265ms
1281 http fetch GET 200 https://registry.npmjs.org/path-exists/-/path-exists-3.0.0.tgz 11439ms (cache miss)
1282 timing reifyNode:node_modules/pkg-up/node_modules/path-exists Completed in 12264ms
1283 http fetch GET 200 https://registry.npmjs.org/locate-path/-/locate-path-3.0.0.tgz 11439ms (cache miss)
1284 timing reifyNode:node_modules/pkg-up/node_modules/locate-path Completed in 12264ms
1285 http fetch GET 200 https://registry.npmjs.org/fs-minipass/-/fs-minipass-3.0.3.tgz 11433ms (cache miss)
1286 timing reifyNode:node_modules/pacote/node_modules/fs-minipass Completed in 12261ms
1287 http fetch GET 200 https://registry.npmjs.org/brace-expansion/-/brace-expansion-2.0.1.tgz 11424ms (cache miss)
1288 timing reifyNode:node_modules/npm-check-updates/node_modules/brace-expansion Completed in 12258ms
1289 http fetch GET 200 https://registry.npmjs.org/unique-slug/-/unique-slug-3.0.0.tgz 11422ms (cache miss)
1290 timing reifyNode:node_modules/node-gyp/node_modules/unique-slug Completed in 12258ms
1291 http fetch GET 200 https://registry.npmjs.org/unique-filename/-/unique-filename-2.0.1.tgz 11423ms (cache miss)
1292 timing reifyNode:node_modules/node-gyp/node_modules/unique-filename Completed in 12258ms
1293 http fetch GET 200 https://registry.npmjs.org/escape-string-regexp/-/escape-string-regexp-4.0.0.tgz 11392ms (cache miss)
1294 timing reifyNode:node_modules/eslint/node_modules/escape-string-regexp Completed in 12241ms
1295 http fetch GET 200 https://registry.npmjs.org/strip-ansi/-/strip-ansi-7.0.1.tgz 11383ms (cache miss)
1296 timing reifyNode:node_modules/boxen/node_modules/strip-ansi Completed in 12235ms
1297 http fetch GET 200 https://registry.npmjs.org/has-flag/-/has-flag-3.0.0.tgz 10983ms (cache miss)
1298 timing reifyNode:node_modules/@babel/highlight/node_modules/has-flag Completed in 12224ms
1299 http fetch GET 200 https://registry.npmjs.org/lodash.compact/-/lodash.compact-3.0.1.tgz 11782ms (cache miss)
1300 timing reifyNode:node_modules/lodash.compact Completed in 12264ms
1301 http fetch GET 200 https://registry.npmjs.org/tildify/-/tildify-2.0.0.tgz 11939ms (cache miss)
1302 timing reifyNode:node_modules/tildify Completed in 12293ms
1303 http fetch GET 200 https://registry.npmjs.org/strip-ansi/-/strip-ansi-6.0.1.tgz 11932ms (cache miss)
1304 timing reifyNode:node_modules/strip-ansi-cjs Completed in 12289ms
1305 http fetch GET 200 https://registry.npmjs.org/@eslint/js/-/js-8.57.0.tgz 11402ms (cache miss)
1306 http fetch GET 200 https://registry.npmjs.org/strip-bom/-/strip-bom-4.0.0.tgz 11935ms (cache miss)
1307 timing reifyNode:node_modules/strip-bom Completed in 12291ms
1308 http fetch GET 200 https://registry.npmjs.org/resolve-alpn/-/resolve-alpn-1.2.1.tgz 11896ms (cache miss)
1309 timing reifyNode:node_modules/resolve-alpn Completed in 12286ms
1310 http fetch GET 200 https://registry.npmjs.org/spawn-command/-/spawn-command-0.0.2.tgz 11922ms (cache miss)
1311 timing reifyNode:node_modules/spawn-command Completed in 12290ms
1312 http fetch GET 200 https://registry.npmjs.org/global-dirs/-/global-dirs-3.0.0.tgz 11711ms (cache miss)
1313 timing reifyNode:node_modules/global-dirs Completed in 12262ms
1314 http fetch GET 200 https://registry.npmjs.org/pug-error/-/pug-error-2.0.0.tgz 11879ms (cache miss)
1315 timing reifyNode:node_modules/pug-error Completed in 12287ms
1316 http fetch GET 200 https://registry.npmjs.org/has-flag/-/has-flag-4.0.0.tgz 11718ms (cache miss)
1317 timing reifyNode:node_modules/has-flag Completed in 12264ms
1318 http fetch GET 200 https://registry.npmjs.org/expand-template/-/expand-template-2.0.3.tgz 11698ms (cache miss)
1319 timing reifyNode:node_modules/expand-template Completed in 12270ms
1320 http fetch GET 200 https://registry.npmjs.org/pump/-/pump-3.0.0.tgz 11899ms (cache miss)
1321 timing reifyNode:node_modules/pump Completed in 12301ms
1322 http fetch GET 200 https://registry.npmjs.org/token-stream/-/token-stream-1.0.0.tgz 11967ms (cache miss)
1323 timing reifyNode:node_modules/token-stream Completed in 12315ms
1324 http fetch GET 200 https://registry.npmjs.org/sisteransi/-/sisteransi-1.0.5.tgz 11935ms (cache miss)
1325 timing reifyNode:node_modules/sisteransi Completed in 12308ms
1326 http fetch GET 200 https://registry.npmjs.org/confusing-browser-globals/-/confusing-browser-globals-1.0.11.tgz 11663ms (cache miss)
1327 timing reifyNode:node_modules/confusing-browser-globals Completed in 12275ms
1328 http fetch GET 200 https://registry.npmjs.org/postgres-interval/-/postgres-interval-1.2.0.tgz 11925ms (cache miss)
1329 timing reifyNode:node_modules/postgres-interval Completed in 12340ms
1330 http fetch GET 200 https://registry.npmjs.org/postcss-modules-local-by-default/-/postcss-modules-local-by-default-4.0.5.tgz 11924ms (cache miss)
1331 timing reifyNode:node_modules/postcss-modules-local-by-default Completed in 12340ms
1332 http fetch GET 200 https://registry.npmjs.org/indent-string/-/indent-string-4.0.0.tgz 11786ms (cache miss)
1333 timing reifyNode:node_modules/indent-string Completed in 12320ms
1334 http fetch GET 200 https://registry.npmjs.org/path-parse/-/path-parse-1.0.7.tgz 11909ms (cache miss)
1335 timing reifyNode:node_modules/path-parse Completed in 12337ms
1336 http fetch GET 200 https://registry.npmjs.org/postcss-modules-extract-imports/-/postcss-modules-extract-imports-3.1.0.tgz 11926ms (cache miss)
1337 timing reifyNode:node_modules/postcss-modules-extract-imports Completed in 12342ms
1338 http fetch GET 200 https://registry.npmjs.org/pgpass/-/pgpass-1.0.5.tgz 11914ms (cache miss)
1339 timing reifyNode:node_modules/pgpass Completed in 12340ms
1340 http fetch GET 200 https://registry.npmjs.org/possible-typed-array-names/-/possible-typed-array-names-1.0.0.tgz 11919ms (cache miss)
1341 timing reifyNode:node_modules/possible-typed-array-names Completed in 12343ms
1342 http fetch GET 200 https://registry.npmjs.org/p-cancelable/-/p-cancelable-3.0.0.tgz 11900ms (cache miss)
1343 timing reifyNode:node_modules/p-cancelable Completed in 12339ms
1344 http fetch GET 200 https://registry.npmjs.org/npm-pick-manifest/-/npm-pick-manifest-8.0.2.tgz 11893ms (cache miss)
1345 timing reifyNode:node_modules/npm-pick-manifest Completed in 12338ms
1346 http fetch GET 200 https://registry.npmjs.org/normalize-url/-/normalize-url-6.1.0.tgz 11891ms (cache miss)
1347 timing reifyNode:node_modules/normalize-url Completed in 12338ms
1348 http fetch GET 200 https://registry.npmjs.org/normalize-path/-/normalize-path-3.0.0.tgz 11884ms (cache miss)
1349 timing reifyNode:node_modules/normalize-path Completed in 12340ms
1350 http fetch GET 200 https://registry.npmjs.org/npm-bundled/-/npm-bundled-3.0.0.tgz 11894ms (cache miss)
1351 timing reifyNode:node_modules/npm-bundled Completed in 12340ms
1352 http fetch GET 200 https://registry.npmjs.org/node-abi/-/node-abi-3.60.0.tgz 11879ms (cache miss)
1353 timing reifyNode:node_modules/node-abi Completed in 12339ms
1354 http fetch GET 200 https://registry.npmjs.org/minipass-flush/-/minipass-flush-1.0.5.tgz 11865ms (cache miss)
1355 timing reifyNode:node_modules/minipass-flush Completed in 12339ms
1356 http fetch GET 200 https://registry.npmjs.org/media-typer/-/media-typer-0.3.0.tgz 11862ms (cache miss)
1357 timing reifyNode:node_modules/media-typer Completed in 12340ms
1358 http fetch GET 200 https://registry.npmjs.org/lodash.castarray/-/lodash.castarray-4.4.0.tgz 11857ms (cache miss)
1359 timing reifyNode:node_modules/lodash.castarray Completed in 12339ms
1360 http fetch GET 200 https://registry.npmjs.org/linkify-it/-/linkify-it-4.0.1.tgz 11856ms (cache miss)
1361 timing reifyNode:node_modules/linkify-it Completed in 12340ms
1362 http fetch GET 200 https://registry.npmjs.org/kleur/-/kleur-3.0.3.tgz 11851ms (cache miss)
1363 timing reifyNode:node_modules/kleur Completed in 12340ms
1364 http fetch GET 200 https://registry.npmjs.org/make-dir/-/make-dir-4.0.0.tgz 11863ms (cache miss)
1365 timing reifyNode:node_modules/make-dir Completed in 12342ms
1366 http fetch GET 200 https://registry.npmjs.org/jstransformer/-/jstransformer-1.0.0.tgz 11850ms (cache miss)
1367 timing reifyNode:node_modules/jstransformer Completed in 12341ms
1368 http fetch GET 200 https://registry.npmjs.org/json-stable-stringify-without-jsonify/-/json-stable-stringify-without-jsonify-1.0.1.tgz 11849ms (cache miss)
1369 http fetch GET 200 https://registry.npmjs.org/json-parse-even-better-errors/-/json-parse-even-better-errors-2.3.1.tgz 11848ms (cache miss)
1370 timing reifyNode:node_modules/json-parse-even-better-errors Completed in 12343ms
1371 http fetch GET 200 https://registry.npmjs.org/jest-matcher-utils/-/jest-matcher-utils-29.7.0.tgz 11836ms (cache miss)
1372 timing reifyNode:node_modules/jest-matcher-utils Completed in 12342ms
1373 http fetch GET 200 https://registry.npmjs.org/joycon/-/joycon-3.1.1.tgz 11841ms (cache miss)
1374 timing reifyNode:node_modules/joycon Completed in 12343ms
1375 http fetch GET 200 https://registry.npmjs.org/jest-leak-detector/-/jest-leak-detector-29.7.0.tgz 11835ms (cache miss)
1376 timing reifyNode:node_modules/jest-leak-detector Completed in 12342ms
1377 http fetch GET 200 https://registry.npmjs.org/jest-docblock/-/jest-docblock-29.7.0.tgz 11833ms (cache miss)
1378 timing reifyNode:node_modules/jest-docblock Completed in 12341ms
1379 http fetch GET 200 https://registry.npmjs.org/is-yarn-global/-/is-yarn-global-0.4.0.tgz 11824ms (cache miss)
1380 timing reifyNode:node_modules/is-yarn-global Completed in 12340ms
1381 http fetch GET 200 https://registry.npmjs.org/jest-changed-files/-/jest-changed-files-29.7.0.tgz 11833ms (cache miss)
1382 timing reifyNode:node_modules/jest-changed-files Completed in 12341ms
1383 http fetch GET 200 https://registry.npmjs.org/is-number/-/is-number-7.0.0.tgz 11821ms (cache miss)
1384 timing reifyNode:node_modules/is-number Completed in 12341ms
1385 http fetch GET 200 https://registry.npmjs.org/is-binary-path/-/is-binary-path-2.1.0.tgz 11811ms (cache miss)
1386 timing reifyNode:node_modules/is-binary-path Completed in 12340ms
1387 http fetch GET 200 https://registry.npmjs.org/isbinaryfile/-/isbinaryfile-4.0.10.tgz 11827ms (cache miss)
1388 timing reifyNode:node_modules/isbinaryfile Completed in 12343ms
1389 http fetch GET 200 https://registry.npmjs.org/inflight/-/inflight-1.0.6.tgz 11808ms (cache miss)
1390 timing reifyNode:node_modules/inflight Completed in 12340ms
1391 http fetch GET 200 https://registry.npmjs.org/is-arrayish/-/is-arrayish-0.2.1.tgz 11812ms (cache miss)
1392 timing reifyNode:node_modules/is-arrayish Completed in 12342ms
1393 http fetch GET 200 https://registry.npmjs.org/ip/-/ip-2.0.0.tgz 11811ms (cache miss)
1394 timing reifyNode:node_modules/ip Completed in 12343ms
1395 http fetch GET 200 https://registry.npmjs.org/wrap-ansi/-/wrap-ansi-8.1.0.tgz 12056ms (cache miss)
1396 timing reifyNode:node_modules/wrap-ansi Completed in 12383ms
1397 http fetch GET 200 https://registry.npmjs.org/wrap-ansi/-/wrap-ansi-7.0.0.tgz 12058ms (cache miss)
1398 timing reifyNode:node_modules/wrap-ansi-cjs Completed in 12384ms
1399 http fetch GET 200 https://registry.npmjs.org/which/-/which-2.0.2.tgz 12056ms (cache miss)
1400 timing reifyNode:node_modules/which Completed in 12384ms
1401 http fetch GET 200 https://registry.npmjs.org/validate-npm-package-license/-/validate-npm-package-license-3.0.4.tgz 12051ms (cache miss)
1402 timing reifyNode:node_modules/validate-npm-package-license Completed in 12384ms
1403 http fetch GET 200 https://registry.npmjs.org/untildify/-/untildify-4.0.0.tgz 12043ms (cache miss)
1404 timing reifyNode:node_modules/untildify Completed in 12383ms
1405 http fetch GET 200 https://registry.npmjs.org/update-browserslist-db/-/update-browserslist-db-1.0.13.tgz 12051ms (cache miss)
1406 timing reifyNode:node_modules/update-browserslist-db Completed in 12385ms
1407 http fetch GET 200 https://registry.npmjs.org/lru-cache/-/lru-cache-6.0.0.tgz 11558ms (cache miss)
1408 timing reifyNode:node_modules/sqlite3/node_modules/lru-cache Completed in 12377ms
1409 http fetch GET 200 https://registry.npmjs.org/http-proxy-agent/-/http-proxy-agent-4.0.1.tgz 11560ms (cache miss)
1410 timing reifyNode:node_modules/sqlite3/node_modules/http-proxy-agent Completed in 12378ms
1411 http fetch GET 200 https://registry.npmjs.org/strip-json-comments/-/strip-json-comments-2.0.1.tgz 11552ms (cache miss)
1412 timing reifyNode:node_modules/rc/node_modules/strip-json-comments Completed in 12372ms
1413 http fetch GET 200 https://registry.npmjs.org/kleur/-/kleur-4.1.5.tgz 11546ms (cache miss)
1414 timing reifyNode:node_modules/prompts-ncu/node_modules/kleur Completed in 12371ms
1415 http fetch GET 200 https://registry.npmjs.org/ansi-styles/-/ansi-styles-5.2.0.tgz 11545ms (cache miss)
1416 timing reifyNode:node_modules/pretty-format/node_modules/ansi-styles Completed in 12371ms
1417 http fetch GET 200 https://registry.npmjs.org/locate-path/-/locate-path-5.0.0.tgz 11547ms (cache miss)
1418 timing reifyNode:node_modules/pkg-dir/node_modules/locate-path Completed in 12373ms
1419 http fetch GET 200 https://registry.npmjs.org/yallist/-/yallist-3.1.1.tgz 11525ms (cache miss)
1420 timing reifyNode:node_modules/lru-cache/node_modules/yallist Completed in 12364ms
1421 http fetch GET 200 https://registry.npmjs.org/ansi-regex/-/ansi-regex-6.0.1.tgz 11533ms (cache miss)
1422 timing reifyNode:node_modules/npm-check-updates/node_modules/ansi-regex Completed in 12368ms
1423 http fetch GET 200 https://registry.npmjs.org/abbrev/-/abbrev-2.0.0.tgz 11526ms (cache miss)
1424 timing reifyNode:node_modules/js-beautify/node_modules/abbrev Completed in 12362ms
1425 http fetch GET 200 https://registry.npmjs.org/eslint-visitor-keys/-/eslint-visitor-keys-4.0.0.tgz 11512ms (cache miss)
1426 http fetch GET 200 https://registry.npmjs.org/get-stream/-/get-stream-5.2.0.tgz 11494ms (cache miss)
1427 timing reifyNode:node_modules/cacheable-request/node_modules/get-stream Completed in 12344ms
1428 http fetch GET 200 https://registry.npmjs.org/unique-filename/-/unique-filename-3.0.0.tgz 11494ms (cache miss)
1429 timing reifyNode:node_modules/cacache/node_modules/unique-filename Completed in 12344ms
1430 http fetch GET 200 https://registry.npmjs.org/unique-slug/-/unique-slug-4.0.0.tgz 11496ms (cache miss)
1431 timing reifyNode:node_modules/cacache/node_modules/unique-slug Completed in 12345ms
1432 http fetch GET 200 https://registry.npmjs.org/string-width/-/string-width-5.1.2.tgz 11494ms (cache miss)
1433 timing reifyNode:node_modules/boxen/node_modules/string-width Completed in 12346ms
1434 http fetch GET 200 https://registry.npmjs.org/camelcase/-/camelcase-7.0.0.tgz 11486ms (cache miss)
1435 timing reifyNode:node_modules/boxen/node_modules/camelcase Completed in 12347ms
1436 http fetch GET 200 https://registry.npmjs.org/which/-/which-3.0.1.tgz 11483ms (cache miss)
1437 timing reifyNode:node_modules/@npmcli/run-script/node_modules/which Completed in 12340ms
1438 http fetch GET 200 https://registry.npmjs.org/strip-ansi/-/strip-ansi-7.1.0.tgz 11108ms (cache miss)
1439 timing reifyNode:node_modules/@isaacs/cliui/node_modules/strip-ansi Completed in 12338ms
1440 http fetch GET 200 https://registry.npmjs.org/find-up/-/find-up-3.0.0.tgz 11559ms (cache miss)
1441 timing reifyNode:node_modules/pkg-up/node_modules/find-up Completed in 12385ms
1442 http fetch GET 200 https://registry.npmjs.org/resolve-from/-/resolve-from-4.0.0.tgz 11530ms (cache miss)
1443 timing reifyNode:node_modules/import-fresh/node_modules/resolve-from Completed in 12365ms
1444 http fetch GET 200 https://registry.npmjs.org/toidentifier/-/toidentifier-1.0.1.tgz 12053ms (cache miss)
1445 timing reifyNode:node_modules/toidentifier Completed in 12403ms
1446 http fetch GET 200 https://registry.npmjs.org/@tootallnate/once/-/once-1.1.2.tgz 11575ms (cache miss)
1447 timing reifyNode:node_modules/sqlite3/node_modules/@tootallnate/once Completed in 12396ms
1448 http fetch GET 200 https://registry.npmjs.org/stack-utils/-/stack-utils-2.0.6.tgz 12038ms (cache miss)
1449 timing reifyNode:node_modules/stack-utils Completed in 12398ms
1450 http fetch GET 200 https://registry.npmjs.org/strip-json-comments/-/strip-json-comments-3.1.1.tgz 12044ms (cache miss)
1451 timing reifyNode:node_modules/strip-json-comments Completed in 12399ms
1452 timing reifyNode:node_modules/eslint/node_modules/@eslint/js Completed in 12360ms
1453 http fetch GET 200 https://registry.npmjs.org/tmpl/-/tmpl-1.0.5.tgz 12056ms (cache miss)
1454 timing reifyNode:node_modules/tmpl Completed in 12406ms
1455 http fetch GET 200 https://registry.npmjs.org/strip-final-newline/-/strip-final-newline-2.0.0.tgz 12046ms (cache miss)
1456 timing reifyNode:node_modules/strip-final-newline Completed in 12402ms
1457 http fetch GET 200 https://registry.npmjs.org/promise-retry/-/promise-retry-2.0.1.tgz 11983ms (cache miss)
1458 timing reifyNode:node_modules/promise-retry Completed in 12393ms
1459 http fetch GET 200 https://registry.npmjs.org/setprototypeof/-/setprototypeof-1.2.0.tgz 12024ms (cache miss)
1460 timing reifyNode:node_modules/setprototypeof Completed in 12400ms
1461 http fetch GET 200 https://registry.npmjs.org/humanize-ms/-/humanize-ms-1.2.1.tgz 11836ms (cache miss)
1462 timing reifyNode:node_modules/humanize-ms Completed in 12372ms
1463 http fetch GET 200 https://registry.npmjs.org/slash/-/slash-3.0.0.tgz 12030ms (cache miss)
1464 timing reifyNode:node_modules/slash Completed in 12402ms
1465 http fetch GET 200 https://registry.npmjs.org/get-stream/-/get-stream-6.0.1.tgz 11819ms (cache miss)
1466 timing reifyNode:node_modules/get-stream Completed in 12372ms
1467 http fetch GET 200 https://registry.npmjs.org/fast-decode-uri-component/-/fast-decode-uri-component-1.0.1.tgz 11801ms (cache miss)
1468 timing reifyNode:node_modules/fast-decode-uri-component Completed in 12370ms
1469 http fetch GET 200 https://registry.npmjs.org/fs-constants/-/fs-constants-1.0.0.tgz 11817ms (cache miss)
1470 timing reifyNode:node_modules/fs-constants Completed in 12374ms
1471 http fetch GET 200 https://registry.npmjs.org/promise-inflight/-/promise-inflight-1.0.1.tgz 11990ms (cache miss)
1472 timing reifyNode:node_modules/promise-inflight Completed in 12400ms
1473 http fetch GET 200 https://registry.npmjs.org/rechoir/-/rechoir-0.8.0.tgz 12008ms (cache miss)
1474 timing reifyNode:node_modules/rechoir Completed in 12405ms
1475 http fetch GET 200 https://registry.npmjs.org/remote-git-tags/-/remote-git-tags-3.0.0.tgz 12010ms (cache miss)
1476 timing reifyNode:node_modules/remote-git-tags Completed in 12405ms
1477 http fetch GET 200 https://registry.npmjs.org/spdx-exceptions/-/spdx-exceptions-2.5.0.tgz 12043ms (cache miss)
1478 timing reifyNode:node_modules/spdx-exceptions Completed in 12410ms
1479 http fetch GET 200 https://registry.npmjs.org/simple-concat/-/simple-concat-1.0.1.tgz 12037ms (cache miss)
1480 timing reifyNode:node_modules/simple-concat Completed in 12410ms
1481 http fetch GET 200 https://registry.npmjs.org/shebang-command/-/shebang-command-2.0.0.tgz 12036ms (cache miss)
1482 timing reifyNode:node_modules/shebang-command Completed in 12410ms
1483 http fetch GET 200 https://registry.npmjs.org/registry-url/-/registry-url-6.0.1.tgz 12011ms (cache miss)
1484 timing reifyNode:node_modules/registry-url Completed in 12407ms
1485 http fetch GET 200 https://registry.npmjs.org/proto-list/-/proto-list-1.2.4.tgz 11996ms (cache miss)
1486 timing reifyNode:node_modules/proto-list Completed in 12406ms
1487 http fetch GET 200 https://registry.npmjs.org/env-paths/-/env-paths-2.2.1.tgz 11788ms (cache miss)
1488 timing reifyNode:node_modules/env-paths Completed in 12375ms
1489 http fetch GET 200 https://registry.npmjs.org/end-of-stream/-/end-of-stream-1.4.4.tgz 11787ms (cache miss)
1490 timing reifyNode:node_modules/end-of-stream Completed in 12376ms
1491 http fetch GET 200 https://registry.npmjs.org/encoding/-/encoding-0.1.13.tgz 11787ms (cache miss)
1492 timing reifyNode:node_modules/encoding Completed in 12376ms
1493 http fetch GET 200 https://registry.npmjs.org/decompress-response/-/decompress-response-6.0.0.tgz 11778ms (cache miss)
1494 timing reifyNode:node_modules/decompress-response Completed in 12377ms
1495 http fetch GET 200 https://registry.npmjs.org/console-control-strings/-/console-control-strings-1.1.0.tgz 11773ms (cache miss)
1496 timing reifyNode:node_modules/console-control-strings Completed in 12379ms
1497 http fetch GET 200 https://registry.npmjs.org/concat-map/-/concat-map-0.0.1.tgz 11773ms (cache miss)
1498 timing reifyNode:node_modules/concat-map Completed in 12378ms
1499 http fetch GET 200 https://registry.npmjs.org/clone-response/-/clone-response-1.0.3.tgz 11766ms (cache miss)
1500 timing reifyNode:node_modules/clone-response Completed in 12379ms
1501 http fetch GET 200 https://registry.npmjs.org/chownr/-/chownr-2.0.0.tgz 11763ms (cache miss)
1502 timing reifyNode:node_modules/chownr Completed in 12379ms
1503 http fetch GET 200 https://registry.npmjs.org/get-stdin/-/get-stdin-8.0.0.tgz 11839ms (cache miss)
1504 timing reifyNode:node_modules/get-stdin Completed in 12393ms
1505 http fetch GET 200 https://registry.npmjs.org/eslint-import-resolver-node/-/eslint-import-resolver-node-0.3.9.tgz 11809ms (cache miss)
1506 timing reifyNode:node_modules/eslint-import-resolver-node Completed in 12388ms
1507 http fetch GET 200 https://registry.npmjs.org/forwarded/-/forwarded-0.2.0.tgz 11837ms (cache miss)
1508 timing reifyNode:node_modules/forwarded Completed in 12394ms
1509 http fetch GET 200 https://registry.npmjs.org/assert-never/-/assert-never-1.2.1.tgz 11753ms (cache miss)
1510 timing reifyNode:node_modules/assert-never Completed in 12386ms
1511 http fetch GET 200 https://registry.npmjs.org/at-least-node/-/at-least-node-1.0.0.tgz 11755ms (cache miss)
1512 timing reifyNode:node_modules/at-least-node Completed in 12386ms
1513 http fetch GET 200 https://registry.npmjs.org/process/-/process-0.11.10.tgz 12042ms (cache miss)
1514 timing reifyNode:node_modules/process Completed in 12455ms
1515 http fetch GET 200 https://registry.npmjs.org/postgres-date/-/postgres-date-1.0.7.tgz 12042ms (cache miss)
1516 timing reifyNode:node_modules/postgres-date Completed in 12456ms
1517 http fetch GET 200 https://registry.npmjs.org/postgres-array/-/postgres-array-2.0.0.tgz 12041ms (cache miss)
1518 timing reifyNode:node_modules/postgres-array Completed in 12455ms
1519 http fetch GET 200 https://registry.npmjs.org/postcss-modules-values/-/postcss-modules-values-4.0.0.tgz 12041ms (cache miss)
1520 timing reifyNode:node_modules/postcss-modules-values Completed in 12456ms
1521 http fetch GET 200 https://registry.npmjs.org/pkg-up/-/pkg-up-3.1.0.tgz 12034ms (cache miss)
1522 timing reifyNode:node_modules/pkg-up Completed in 12457ms
1523 http fetch GET 200 https://registry.npmjs.org/pkg-dir/-/pkg-dir-4.2.0.tgz 12033ms (cache miss)
1524 timing reifyNode:node_modules/pkg-dir Completed in 12458ms
1525 http fetch GET 200 https://registry.npmjs.org/pirates/-/pirates-4.0.6.tgz 12033ms (cache miss)
1526 timing reifyNode:node_modules/pirates Completed in 12457ms
1527 http fetch GET 200 https://registry.npmjs.org/pg-connection-string/-/pg-connection-string-2.6.2.tgz 12029ms (cache miss)
1528 timing reifyNode:node_modules/pg-connection-string Completed in 12456ms
1529 http fetch GET 200 https://registry.npmjs.org/package-json/-/package-json-8.1.0.tgz 12024ms (cache miss)
1530 timing reifyNode:node_modules/package-json Completed in 12455ms
1531 http fetch GET 200 https://registry.npmjs.org/path-exists/-/path-exists-4.0.0.tgz 12026ms (cache miss)
1532 timing reifyNode:node_modules/path-exists Completed in 12456ms
1533 http fetch GET 200 https://registry.npmjs.org/parent-module/-/parent-module-1.0.1.tgz 12026ms (cache miss)
1534 timing reifyNode:node_modules/parent-module Completed in 12457ms
1535 http fetch GET 200 https://registry.npmjs.org/npm-packlist/-/npm-packlist-7.0.4.tgz 12010ms (cache miss)
1536 timing reifyNode:node_modules/npm-packlist Completed in 12455ms
1537 http fetch GET 200 https://registry.npmjs.org/once/-/once-1.4.0.tgz 12016ms (cache miss)
1538 timing reifyNode:node_modules/once Completed in 12457ms
1539 http fetch GET 200 https://registry.npmjs.org/npmlog/-/npmlog-6.0.2.tgz 12012ms (cache miss)
1540 timing reifyNode:node_modules/npmlog Completed in 12456ms
1541 http fetch GET 200 https://registry.npmjs.org/node-int64/-/node-int64-0.4.0.tgz 11998ms (cache miss)
1542 timing reifyNode:node_modules/node-int64 Completed in 12456ms
1543 http fetch GET 200 https://registry.npmjs.org/minizlib/-/minizlib-2.1.2.tgz 11985ms (cache miss)
1544 timing reifyNode:node_modules/minizlib Completed in 12456ms
1545 http fetch GET 200 https://registry.npmjs.org/mimic-fn/-/mimic-fn-2.1.0.tgz 11982ms (cache miss)
1546 timing reifyNode:node_modules/mimic-fn Completed in 12456ms
1547 http fetch GET 200 https://registry.npmjs.org/lru-cache/-/lru-cache-5.1.1.tgz 11975ms (cache miss)
1548 timing reifyNode:node_modules/lru-cache Completed in 12456ms
1549 http fetch GET 200 https://registry.npmjs.org/lodash.isempty/-/lodash.isempty-4.4.0.tgz 11975ms (cache miss)
1550 timing reifyNode:node_modules/lodash.isempty Completed in 12456ms
1551 http fetch GET 200 https://registry.npmjs.org/lowercase-keys/-/lowercase-keys-3.0.0.tgz 11976ms (cache miss)
1552 timing reifyNode:node_modules/lowercase-keys Completed in 12456ms
1553 http fetch GET 200 https://registry.npmjs.org/json-schema-traverse/-/json-schema-traverse-0.4.1.tgz 11964ms (cache miss)
1554 timing reifyNode:node_modules/json-schema-traverse Completed in 12457ms
1555 http fetch GET 200 https://registry.npmjs.org/js-tokens/-/js-tokens-4.0.0.tgz 11957ms (cache miss)
1556 timing reifyNode:node_modules/js-tokens Completed in 12457ms
1557 http fetch GET 200 https://registry.npmjs.org/jest-regex-util/-/jest-regex-util-29.6.3.tgz 11952ms (cache miss)
1558 timing reifyNode:node_modules/jest-regex-util Completed in 12457ms
1559 http fetch GET 200 https://registry.npmjs.org/isexe/-/isexe-2.0.0.tgz 11939ms (cache miss)
1560 timing reifyNode:node_modules/isexe Completed in 12456ms
1561 http fetch GET 200 https://registry.npmjs.org/is-promise/-/is-promise-2.2.2.tgz 11936ms (cache miss)
1562 timing reifyNode:node_modules/is-promise Completed in 12456ms
1563 http fetch GET 200 https://registry.npmjs.org/is-npm/-/is-npm-6.0.0.tgz 11935ms (cache miss)
1564 timing reifyNode:node_modules/is-npm Completed in 12456ms
1565 http fetch GET 200 https://registry.npmjs.org/is-installed-globally/-/is-installed-globally-0.4.0.tgz 11935ms (cache miss)
1566 timing reifyNode:node_modules/is-installed-globally Completed in 12457ms
1567 http fetch GET 200 https://registry.npmjs.org/infer-owner/-/infer-owner-1.0.4.tgz 11922ms (cache miss)
1568 timing reifyNode:node_modules/infer-owner Completed in 12455ms
1569 http fetch GET 200 https://registry.npmjs.org/yallist/-/yallist-4.0.0.tgz 12174ms (cache miss)
1570 timing reifyNode:node_modules/yallist Completed in 12499ms
1571 http fetch GET 200 https://registry.npmjs.org/wide-align/-/wide-align-1.1.5.tgz 12168ms (cache miss)
1572 timing reifyNode:node_modules/wide-align Completed in 12497ms
1573 http fetch GET 200 https://registry.npmjs.org/vary/-/vary-1.1.2.tgz 12166ms (cache miss)
1574 timing reifyNode:node_modules/vary Completed in 12497ms
1575 http fetch GET 200 https://registry.npmjs.org/universalify/-/universalify-2.0.1.tgz 12157ms (cache miss)
1576 timing reifyNode:node_modules/universalify Completed in 12496ms
1577 http fetch GET 200 https://registry.npmjs.org/unique-string/-/unique-string-3.0.0.tgz 12158ms (cache miss)
1578 timing reifyNode:node_modules/unique-string Completed in 12497ms
1579 http fetch GET 200 https://registry.npmjs.org/json-parse-even-better-errors/-/json-parse-even-better-errors-3.0.1.tgz 11662ms (cache miss)
1580 timing reifyNode:node_modules/read-package-json/node_modules/json-parse-even-better-errors Completed in 12484ms
1581 http fetch GET 200 https://registry.npmjs.org/type-is/-/type-is-1.6.18.tgz 12152ms (cache miss)
1582 timing reifyNode:node_modules/type-is Completed in 12498ms
1583 http fetch GET 200 https://registry.npmjs.org/@npmcli/move-file/-/move-file-1.1.2.tgz 11670ms (cache miss)
1584 timing reifyNode:node_modules/sqlite3/node_modules/@npmcli/move-file Completed in 12490ms
1585 http fetch GET 200 https://registry.npmjs.org/cliui/-/cliui-7.0.4.tgz 11667ms (cache miss)
1586 timing reifyNode:node_modules/sequelize-cli/node_modules/cliui Completed in 12488ms
1587 http fetch GET 200 https://registry.npmjs.org/lowercase-keys/-/lowercase-keys-2.0.0.tgz 11598ms (cache miss)
1588 timing reifyNode:node_modules/cacheable-request/node_modules/lowercase-keys Completed in 12448ms
1589 http fetch GET 200 https://registry.npmjs.org/p-limit/-/p-limit-2.3.0.tgz 11659ms (cache miss)
1590 timing reifyNode:node_modules/pkg-up/node_modules/p-limit Completed in 12485ms
1591 http fetch GET 200 https://registry.npmjs.org/brace-expansion/-/brace-expansion-2.0.1.tgz 11629ms (cache miss)
1592 timing reifyNode:node_modules/ignore-walk/node_modules/brace-expansion Completed in 12466ms
1593 http fetch GET 200 https://registry.npmjs.org/brace-expansion/-/brace-expansion-2.0.1.tgz 11626ms (cache miss)
1594 timing reifyNode:node_modules/glob/node_modules/brace-expansion Completed in 12463ms
1595 http fetch GET 200 https://registry.npmjs.org/brace-expansion/-/brace-expansion-2.0.1.tgz 11607ms (cache miss)
1596 timing reifyNode:node_modules/editorconfig/node_modules/brace-expansion Completed in 12455ms
1597 http fetch GET 200 https://registry.npmjs.org/brace-expansion/-/brace-expansion-2.0.1.tgz 11641ms (cache miss)
1598 timing reifyNode:node_modules/node-gyp/node_modules/brace-expansion Completed in 12479ms
1599 http fetch GET 200 https://registry.npmjs.org/brace-expansion/-/brace-expansion-2.0.1.tgz 11585ms (cache miss)
1600 timing reifyNode:node_modules/@tufjs/models/node_modules/brace-expansion Completed in 12444ms
1601 http fetch GET 200 https://registry.npmjs.org/brace-expansion/-/brace-expansion-2.0.1.tgz 11630ms (cache miss)
1602 timing reifyNode:node_modules/help-me/node_modules/brace-expansion Completed in 12467ms
1603 http fetch GET 200 https://registry.npmjs.org/p-locate/-/p-locate-4.1.0.tgz 11662ms (cache miss)
1604 timing reifyNode:node_modules/pkg-dir/node_modules/p-locate Completed in 12487ms
1605 http fetch GET 200 https://registry.npmjs.org/find-up/-/find-up-4.1.0.tgz 11661ms (cache miss)
1606 timing reifyNode:node_modules/pkg-dir/node_modules/find-up Completed in 12488ms
1607 http fetch GET 200 https://registry.npmjs.org/split2/-/split2-4.2.0.tgz 11660ms (cache miss)
1608 timing reifyNode:node_modules/pgpass/node_modules/split2 Completed in 12487ms
1609 http fetch GET 200 https://registry.npmjs.org/strip-json-comments/-/strip-json-comments-5.0.1.tgz 11655ms (cache miss)
1610 timing reifyNode:node_modules/npm-check-updates/node_modules/strip-json-comments Completed in 12482ms
1611 http fetch GET 200 https://registry.npmjs.org/supports-color/-/supports-color-8.1.1.tgz 11641ms (cache miss)
1612 timing reifyNode:node_modules/jest-worker/node_modules/supports-color Completed in 12479ms
1613 http fetch GET 200 https://registry.npmjs.org/camelcase/-/camelcase-6.3.0.tgz 11641ms (cache miss)
1614 timing reifyNode:node_modules/jest-validate/node_modules/camelcase Completed in 12479ms
1615 http fetch GET 200 https://registry.npmjs.org/mimic-response/-/mimic-response-3.1.0.tgz 11615ms (cache miss)
1616 timing reifyNode:node_modules/decompress-response/node_modules/mimic-response Completed in 12463ms
1617 http fetch GET 200 https://registry.npmjs.org/supports-color/-/supports-color-5.5.0.tgz 11210ms (cache miss)
1618 timing reifyNode:node_modules/@babel/highlight/node_modules/supports-color Completed in 12450ms
1619 http fetch GET 200 https://registry.npmjs.org/to-fast-properties/-/to-fast-properties-2.0.0.tgz 12167ms (cache miss)
1620 timing reifyNode:node_modules/to-fast-properties Completed in 12517ms
1621 http fetch GET 200 https://registry.npmjs.org/supports-color/-/supports-color-7.2.0.tgz 12157ms (cache miss)
1622 timing reifyNode:node_modules/supports-color Completed in 12513ms
1623 http fetch GET 200 https://registry.npmjs.org/set-blocking/-/set-blocking-2.0.0.tgz 12129ms (cache miss)
1624 timing reifyNode:node_modules/set-blocking Completed in 12510ms
1625 http fetch GET 200 https://registry.npmjs.org/spdx-license-ids/-/spdx-license-ids-3.0.17.tgz 12145ms (cache miss)
1626 timing reifyNode:node_modules/spdx-license-ids Completed in 12513ms
1627 http fetch GET 200 https://registry.npmjs.org/signal-exit/-/signal-exit-3.0.7.tgz 12139ms (cache miss)
1628 timing reifyNode:node_modules/signal-exit Completed in 12511ms
1629 http fetch GET 200 https://registry.npmjs.org/stack-trace/-/stack-trace-0.0.10.tgz 12154ms (cache miss)
1630 timing reifyNode:node_modules/stack-trace Completed in 12514ms
1631 http fetch GET 200 https://registry.npmjs.org/spdx-expression-parse/-/spdx-expression-parse-3.0.1.tgz 12147ms (cache miss)
1632 timing reifyNode:node_modules/spdx-expression-parse Completed in 12514ms
1633 http fetch GET 200 https://registry.npmjs.org/reusify/-/reusify-1.0.4.tgz 12123ms (cache miss)
1634 timing reifyNode:node_modules/reusify Completed in 12510ms
1635 http fetch GET 200 https://registry.npmjs.org/progress/-/progress-2.0.3.tgz 12096ms (cache miss)
1636 timing reifyNode:node_modules/progress Completed in 12507ms
1637 http fetch GET 200 https://registry.npmjs.org/import-local/-/import-local-3.1.0.tgz 11946ms (cache miss)
1638 timing reifyNode:node_modules/import-local Completed in 12487ms
1639 http fetch GET 200 https://registry.npmjs.org/get-caller-file/-/get-caller-file-2.0.5.tgz 11932ms (cache miss)
1640 timing reifyNode:node_modules/get-caller-file Completed in 12486ms
1641 http fetch GET 200 https://registry.npmjs.org/import-lazy/-/import-lazy-4.0.0.tgz 11942ms (cache miss)
1642 timing reifyNode:node_modules/import-lazy Completed in 12490ms
1643 http fetch GET 200 https://registry.npmjs.org/require-from-string/-/require-from-string-2.0.2.tgz 12121ms (cache miss)
1644 timing reifyNode:node_modules/require-from-string Completed in 12516ms
1645 http fetch GET 200 https://registry.npmjs.org/registry-auth-token/-/registry-auth-token-5.0.1.tgz 12120ms (cache miss)
1646 timing reifyNode:node_modules/registry-auth-token Completed in 12517ms
1647 http fetch GET 200 https://registry.npmjs.org/pug-load/-/pug-load-3.0.0.tgz 12108ms (cache miss)
1648 timing reifyNode:node_modules/pug-load Completed in 12515ms
1649 http fetch GET 200 https://registry.npmjs.org/fast-levenshtein/-/fast-levenshtein-2.0.6.tgz 11920ms (cache miss)
1650 timing reifyNode:node_modules/fast-levenshtein Completed in 12488ms
1651 http fetch GET 200 https://registry.npmjs.org/escape-goat/-/escape-goat-4.0.0.tgz 11905ms (cache miss)
1652 timing reifyNode:node_modules/escape-goat Completed in 12486ms
1653 http fetch GET 200 https://registry.npmjs.org/responselike/-/responselike-2.0.1.tgz 12132ms (cache miss)
1654 timing reifyNode:node_modules/responselike Completed in 12522ms
1655 http fetch GET 200 https://registry.npmjs.org/simple-get/-/simple-get-4.0.1.tgz 12154ms (cache miss)
1656 http fetch GET 200 https://registry.npmjs.org/safe-regex2/-/safe-regex2-2.0.0.tgz 12139ms (cache miss)
1657 timing reifyNode:node_modules/safe-regex2 Completed in 12524ms
1658 http fetch GET 200 https://registry.npmjs.org/resolve-from/-/resolve-from-5.0.0.tgz 12135ms (cache miss)
1659 timing reifyNode:node_modules/resolve-from Completed in 12524ms
1660 http fetch GET 200 https://registry.npmjs.org/pug-strip-comments/-/pug-strip-comments-2.0.0.tgz 12119ms (cache miss)
1661 timing reifyNode:node_modules/pug-strip-comments Completed in 12523ms
1662 http fetch GET 200 https://registry.npmjs.org/quick-lru/-/quick-lru-5.1.1.tgz 12125ms (cache miss)
1663 timing reifyNode:node_modules/quick-lru Completed in 12525ms
1664 http fetch GET 200 https://registry.npmjs.org/doctypes/-/doctypes-1.1.0.tgz 11900ms (cache miss)
1665 timing reifyNode:node_modules/doctypes Completed in 12492ms
1666 http fetch GET 200 https://registry.npmjs.org/detect-newline/-/detect-newline-3.1.0.tgz 11900ms (cache miss)
1667 timing reifyNode:node_modules/detect-newline Completed in 12492ms
1668 http fetch GET 200 https://registry.npmjs.org/deep-extend/-/deep-extend-0.6.0.tgz 11894ms (cache miss)
1669 timing reifyNode:node_modules/deep-extend Completed in 12492ms
1670 http fetch GET 200 https://registry.npmjs.org/crypto-random-string/-/crypto-random-string-4.0.0.tgz 11890ms (cache miss)
1671 timing reifyNode:node_modules/crypto-random-string Completed in 12492ms
1672 http fetch GET 200 https://registry.npmjs.org/commist/-/commist-3.0.0.tgz 11887ms (cache miss)
1673 http fetch GET 200 https://registry.npmjs.org/color-support/-/color-support-1.1.3.tgz 11883ms (cache miss)
1674 timing reifyNode:node_modules/color-support Completed in 12493ms
1675 http fetch GET 200 https://registry.npmjs.org/builtins/-/builtins-5.1.0.tgz 11870ms (cache miss)
1676 timing reifyNode:node_modules/builtins Completed in 12493ms
1677 http fetch GET 200 https://registry.npmjs.org/has-yarn/-/has-yarn-3.0.0.tgz 11964ms (cache miss)
1678 timing reifyNode:node_modules/has-yarn Completed in 12508ms
1679 http fetch GET 200 https://registry.npmjs.org/file-uri-to-path/-/file-uri-to-path-1.0.0.tgz 11946ms (cache miss)
1680 http fetch GET 200 https://registry.npmjs.org/find-up/-/find-up-5.0.0.tgz 11948ms (cache miss)
1681 timing reifyNode:node_modules/find-up Completed in 12507ms
1682 http fetch GET 200 https://registry.npmjs.org/github-from-package/-/github-from-package-0.0.0.tgz 11957ms (cache miss)
1683 timing reifyNode:node_modules/file-uri-to-path Completed in 12508ms
1684 http fetch GET 200 https://registry.npmjs.org/escalade/-/escalade-3.1.1.tgz 11923ms (cache miss)
1685 http fetch GET 200 https://registry.npmjs.org/camelcase/-/camelcase-5.3.1.tgz 11882ms (cache miss)
1686 timing reifyNode:node_modules/camelcase Completed in 12500ms
1687 http fetch GET 200 https://registry.npmjs.org/buffer-from/-/buffer-from-1.1.2.tgz 11876ms (cache miss)
1688 timing reifyNode:node_modules/buffer-from Completed in 12500ms
1689 http fetch GET 200 https://registry.npmjs.org/ansi-align/-/ansi-align-3.0.1.tgz 11856ms (cache miss)
1690 timing reifyNode:node_modules/ansi-align Completed in 12500ms
1691 http fetch GET 200 https://registry.npmjs.org/@types/json5/-/json5-0.0.29.tgz 11832ms (cache miss)
1692 timing reifyNode:node_modules/@types/json5 Completed in 12499ms
1693 http fetch GET 200 https://registry.npmjs.org/@webpack-cli/configtest/-/configtest-2.1.1.tgz 11850ms (cache miss)
1694 timing reifyNode:node_modules/@webpack-cli/configtest Completed in 12500ms
1695 http fetch GET 200 https://registry.npmjs.org/postgres-bytea/-/postgres-bytea-1.0.0.tgz 12146ms (cache miss)
1696 timing reifyNode:node_modules/postgres-bytea Completed in 12559ms
1697 http fetch GET 200 https://registry.npmjs.org/postcss-modules-scope/-/postcss-modules-scope-3.2.0.tgz 12146ms (cache miss)
1698 timing reifyNode:node_modules/postcss-modules-scope Completed in 12561ms
1699 http fetch GET 200 https://registry.npmjs.org/picocolors/-/picocolors-1.0.0.tgz 12134ms (cache miss)
1700 timing reifyNode:node_modules/picocolors Completed in 12560ms
1701 http fetch GET 200 https://registry.npmjs.org/pg-cloudflare/-/pg-cloudflare-1.1.1.tgz 12132ms (cache miss)
1702 http fetch GET 200 https://registry.npmjs.org/p-try/-/p-try-2.2.0.tgz 12120ms (cache miss)
1703 timing reifyNode:node_modules/p-try Completed in 12559ms
1704 http fetch GET 200 https://registry.npmjs.org/path-is-absolute/-/path-is-absolute-1.0.1.tgz 12130ms (cache miss)
1705 timing reifyNode:node_modules/path-is-absolute Completed in 12559ms
1706 http fetch GET 200 https://registry.npmjs.org/parse-github-url/-/parse-github-url-1.0.2.tgz 12129ms (cache miss)
1707 timing reifyNode:node_modules/parse-github-url Completed in 12560ms
1708 timing reifyNode:node_modules/pg-cloudflare Completed in 12561ms
1709 http fetch GET 200 https://registry.npmjs.org/p-limit/-/p-limit-3.1.0.tgz 12122ms (cache miss)
1710 timing reifyNode:node_modules/p-limit Completed in 12560ms
1711 http fetch GET 200 https://registry.npmjs.org/onetime/-/onetime-5.1.2.tgz 12120ms (cache miss)
1712 timing reifyNode:node_modules/onetime Completed in 12560ms
1713 http fetch GET 200 https://registry.npmjs.org/npm-install-checks/-/npm-install-checks-6.3.0.tgz 12113ms (cache miss)
1714 timing reifyNode:node_modules/npm-install-checks Completed in 12560ms
1715 http fetch GET 200 https://registry.npmjs.org/node-releases/-/node-releases-2.0.14.tgz 12102ms (cache miss)
1716 timing reifyNode:node_modules/node-releases Completed in 12560ms
1717 http fetch GET 200 https://registry.npmjs.org/npm-package-arg/-/npm-package-arg-10.1.0.tgz 12115ms (cache miss)
1718 timing reifyNode:node_modules/npm-package-arg Completed in 12561ms
1719 http fetch GET 200 https://registry.npmjs.org/node-gyp-build/-/node-gyp-build-4.8.0.tgz 12101ms (cache miss)
1720 timing reifyNode:node_modules/node-gyp-build Completed in 12559ms
1721 http fetch GET 200 https://registry.npmjs.org/napi-build-utils/-/napi-build-utils-1.0.2.tgz 12091ms (cache miss)
1722 timing reifyNode:node_modules/napi-build-utils Completed in 12559ms
1723 http fetch GET 200 https://registry.npmjs.org/next-tick/-/next-tick-1.1.0.tgz 12099ms (cache miss)
1724 timing reifyNode:node_modules/next-tick Completed in 12560ms
1725 http fetch GET 200 https://registry.npmjs.org/natural-compare/-/natural-compare-1.4.0.tgz 12093ms (cache miss)
1726 timing reifyNode:node_modules/natural-compare Completed in 12559ms
1727 http fetch GET 200 https://registry.npmjs.org/npm-normalize-package-bin/-/npm-normalize-package-bin-3.0.1.tgz 12116ms (cache miss)
1728 timing reifyNode:node_modules/npm-normalize-package-bin Completed in 12562ms
1729 http fetch GET 200 https://registry.npmjs.org/ms/-/ms-2.1.3.tgz 12090ms (cache miss)
1730 timing reifyNode:node_modules/ms Completed in 12560ms
1731 http fetch GET 200 https://registry.npmjs.org/minipass-json-stream/-/minipass-json-stream-1.0.1.tgz 12088ms (cache miss)
1732 timing reifyNode:node_modules/minipass-json-stream Completed in 12561ms
1733 http fetch GET 200 https://registry.npmjs.org/minimatch/-/minimatch-3.1.2.tgz 12087ms (cache miss)
1734 timing reifyNode:node_modules/minimatch Completed in 12560ms
1735 http fetch GET 200 https://registry.npmjs.org/mkdirp-classic/-/mkdirp-classic-0.5.3.tgz 12091ms (cache miss)
1736 timing reifyNode:node_modules/mkdirp-classic Completed in 12562ms
1737 http fetch GET 200 https://registry.npmjs.org/merge-stream/-/merge-stream-2.0.0.tgz 12084ms (cache miss)
1738 timing reifyNode:node_modules/merge-stream Completed in 12561ms
1739 http fetch GET 200 https://registry.npmjs.org/make-promises-safe/-/make-promises-safe-5.1.0.tgz 12082ms (cache miss)
1740 timing reifyNode:node_modules/make-promises-safe Completed in 12561ms
1741 http fetch GET 200 https://registry.npmjs.org/makeerror/-/makeerror-1.0.12.tgz 12082ms (cache miss)
1742 timing reifyNode:node_modules/makeerror Completed in 12562ms
1743 http fetch GET 200 https://registry.npmjs.org/loader-runner/-/loader-runner-4.3.0.tgz 12078ms (cache miss)
1744 timing reifyNode:node_modules/loader-runner Completed in 12561ms
1745 http fetch GET 200 https://registry.npmjs.org/kind-of/-/kind-of-6.0.3.tgz 12070ms (cache miss)
1746 timing reifyNode:node_modules/kind-of Completed in 12560ms
1747 http fetch GET 200 https://registry.npmjs.org/leven/-/leven-3.1.0.tgz 12076ms (cache miss)
1748 timing reifyNode:node_modules/leven Completed in 12560ms
1749 timing reifyNode:node_modules/json-stable-stringify-without-jsonify Completed in 12561ms
1750 http fetch GET 200 https://registry.npmjs.org/minipass-collect/-/minipass-collect-1.0.2.tgz 12091ms (cache miss)
1751 timing reifyNode:node_modules/minipass-collect Completed in 12564ms
1752 http fetch GET 200 https://registry.npmjs.org/jstransformer-markdown-it/-/jstransformer-markdown-it-3.0.0.tgz 12071ms (cache miss)
1753 timing reifyNode:node_modules/jstransformer-markdown-it Completed in 12561ms
1754 http fetch GET 200 https://registry.npmjs.org/jsonfile/-/jsonfile-6.1.0.tgz 12069ms (cache miss)
1755 timing reifyNode:node_modules/jsonfile Completed in 12561ms
1756 http fetch GET 200 https://registry.npmjs.org/latest-version/-/latest-version-7.0.0.tgz 12077ms (cache miss)
1757 timing reifyNode:node_modules/latest-version Completed in 12562ms
1758 http fetch GET 200 https://registry.npmjs.org/js-stringify/-/js-stringify-1.0.2.tgz 12061ms (cache miss)
1759 timing reifyNode:node_modules/js-stringify Completed in 12561ms
1760 http fetch GET 200 https://registry.npmjs.org/keyv/-/keyv-4.5.4.tgz 12072ms (cache miss)
1761 timing reifyNode:node_modules/keyv Completed in 12563ms
1762 http fetch GET 200 https://registry.npmjs.org/jsesc/-/jsesc-2.5.2.tgz 12064ms (cache miss)
1763 timing reifyNode:node_modules/jsesc Completed in 12563ms
1764 http fetch GET 200 https://registry.npmjs.org/jest-message-util/-/jest-message-util-29.7.0.tgz 12056ms (cache miss)
1765 timing reifyNode:node_modules/jest-message-util Completed in 12562ms
1766 http fetch GET 200 https://registry.npmjs.org/jest-pnp-resolver/-/jest-pnp-resolver-1.2.3.tgz 12058ms (cache miss)
1767 timing reifyNode:node_modules/jest-pnp-resolver Completed in 12563ms
1768 http fetch GET 200 https://registry.npmjs.org/is-typedarray/-/is-typedarray-1.0.0.tgz 12043ms (cache miss)
1769 timing reifyNode:node_modules/is-typedarray Completed in 12560ms
1770 http fetch GET 200 https://registry.npmjs.org/isobject/-/isobject-3.0.1.tgz 12046ms (cache miss)
1771 timing reifyNode:node_modules/isobject Completed in 12561ms
1772 http fetch GET 200 https://registry.npmjs.org/is-stream/-/is-stream-2.0.1.tgz 12043ms (cache miss)
1773 timing reifyNode:node_modules/is-stream Completed in 12561ms
1774 http fetch GET 200 https://registry.npmjs.org/is-path-inside/-/is-path-inside-3.0.3.tgz 12042ms (cache miss)
1775 timing reifyNode:node_modules/is-path-inside Completed in 12562ms
1776 http fetch GET 200 https://registry.npmjs.org/is-data-view/-/is-data-view-1.0.1.tgz 12034ms (cache miss)
1777 timing reifyNode:node_modules/is-data-view Completed in 12561ms
1778 http fetch GET 200 https://registry.npmjs.org/is-glob/-/is-glob-4.0.3.tgz 12036ms (cache miss)
1779 timing reifyNode:node_modules/is-glob Completed in 12562ms
1780 http fetch GET 200 https://registry.npmjs.org/is-lambda/-/is-lambda-1.0.1.tgz 12041ms (cache miss)
1781 timing reifyNode:node_modules/is-lambda Completed in 12563ms
1782 http fetch GET 200 https://registry.npmjs.org/interpret/-/interpret-2.2.0.tgz 12030ms (cache miss)
1783 timing reifyNode:node_modules/interpret Completed in 12562ms
1784 http fetch GET 200 https://registry.npmjs.org/is-bigint/-/is-bigint-1.0.4.tgz 12032ms (cache miss)
1785 timing reifyNode:node_modules/is-bigint Completed in 12562ms
1786 http fetch GET 200 https://registry.npmjs.org/inherits/-/inherits-2.0.4.tgz 12029ms (cache miss)
1787 timing reifyNode:node_modules/inherits Completed in 12562ms
1788 http fetch GET 200 https://registry.npmjs.org/wrap-ansi/-/wrap-ansi-7.0.0.tgz 11769ms (cache miss)
1789 timing reifyNode:node_modules/sequelize-cli/node_modules/wrap-ansi Completed in 12589ms
1790 http fetch GET 200 https://registry.npmjs.org/y18n/-/y18n-5.0.8.tgz 12278ms (cache miss)
1791 timing reifyNode:node_modules/y18n Completed in 12604ms
1792 http fetch GET 200 https://registry.npmjs.org/wrap-ansi/-/wrap-ansi-7.0.0.tgz 11698ms (cache miss)
1793 timing reifyNode:node_modules/cliui/node_modules/wrap-ansi Completed in 12548ms
1794 http fetch GET 200 https://registry.npmjs.org/widest-line/-/widest-line-4.0.1.tgz 12276ms (cache miss)
1795 timing reifyNode:node_modules/widest-line Completed in 12605ms
1796 http fetch GET 200 https://registry.npmjs.org/type-detect/-/type-detect-4.0.8.tgz 12256ms (cache miss)
1797 timing reifyNode:node_modules/type-detect Completed in 12601ms
1798 http fetch GET 200 https://registry.npmjs.org/tunnel-agent/-/tunnel-agent-0.6.0.tgz 12255ms (cache miss)
1799 timing reifyNode:node_modules/tunnel-agent Completed in 12601ms
1800 http fetch GET 200 https://registry.npmjs.org/type-check/-/type-check-0.4.0.tgz 12256ms (cache miss)
1801 timing reifyNode:node_modules/type-check Completed in 12602ms
1802 http fetch GET 200 https://registry.npmjs.org/lru-cache/-/lru-cache-6.0.0.tgz 11770ms (cache miss)
1803 timing reifyNode:node_modules/semver/node_modules/lru-cache Completed in 12591ms
1804 http fetch GET 200 https://registry.npmjs.org/unique-slug/-/unique-slug-2.0.2.tgz 12269ms (cache miss)
1805 timing reifyNode:node_modules/unique-slug Completed in 12610ms
1806 http fetch GET 200 https://registry.npmjs.org/socks-proxy-agent/-/socks-proxy-agent-6.2.1.tgz 11785ms (cache miss)
1807 timing reifyNode:node_modules/sqlite3/node_modules/socks-proxy-agent Completed in 12602ms
1808 http fetch GET 200 https://registry.npmjs.org/lowercase-keys/-/lowercase-keys-2.0.0.tgz 11777ms (cache miss)
1809 timing reifyNode:node_modules/responselike/node_modules/lowercase-keys Completed in 12599ms
1810 http fetch GET 200 https://registry.npmjs.org/locate-path/-/locate-path-5.0.0.tgz 11320ms (cache miss)
1811 timing reifyNode:node_modules/@istanbuljs/load-nyc-config/node_modules/locate-path Completed in 12548ms
1812 http fetch GET 200 https://registry.npmjs.org/ini/-/ini-1.3.8.tgz 11777ms (cache miss)
1813 timing reifyNode:node_modules/rc/node_modules/ini Completed in 12598ms
1814 http fetch GET 200 https://registry.npmjs.org/p-locate/-/p-locate-3.0.0.tgz 11770ms (cache miss)
1815 timing reifyNode:node_modules/pkg-up/node_modules/p-locate Completed in 12596ms
1816 http fetch GET 200 https://registry.npmjs.org/hosted-git-info/-/hosted-git-info-6.1.1.tgz 11764ms (cache miss)
1817 timing reifyNode:node_modules/npm-package-arg/node_modules/hosted-git-info Completed in 12591ms
1818 http fetch GET 200 https://registry.npmjs.org/ansi-regex/-/ansi-regex-6.0.1.tgz 11700ms (cache miss)
1819 timing reifyNode:node_modules/boxen/node_modules/ansi-regex Completed in 12561ms
1820 http fetch GET 200 https://registry.npmjs.org/ansi-regex/-/ansi-regex-6.0.1.tgz 11320ms (cache miss)
1821 timing reifyNode:node_modules/@isaacs/cliui/node_modules/ansi-regex Completed in 12551ms
1822 http fetch GET 200 https://registry.npmjs.org/pg-connection-string/-/pg-connection-string-2.6.4.tgz 11768ms (cache miss)
1823 timing reifyNode:node_modules/pg/node_modules/pg-connection-string Completed in 12595ms
1824 http fetch GET 200 https://registry.npmjs.org/pg-connection-string/-/pg-connection-string-2.6.1.tgz 11739ms (cache miss)
1825 timing reifyNode:node_modules/fastify-objectionjs/node_modules/pg-connection-string Completed in 12575ms
1826 timing reifyNode:node_modules/espree/node_modules/eslint-visitor-keys Completed in 12573ms
1827 http fetch GET 200 https://registry.npmjs.org/glob-parent/-/glob-parent-5.1.2.tgz 11736ms (cache miss)
1828 timing reifyNode:node_modules/fast-glob/node_modules/glob-parent Completed in 12576ms
1829 http fetch GET 200 https://registry.npmjs.org/ms/-/ms-2.1.2.tgz 11723ms (cache miss)
1830 timing reifyNode:node_modules/debug/node_modules/ms Completed in 12571ms
1831 http fetch GET 200 https://registry.npmjs.org/write-file-atomic/-/write-file-atomic-3.0.3.tgz 11721ms (cache miss)
1832 timing reifyNode:node_modules/configstore/node_modules/write-file-atomic Completed in 12571ms
1833 http fetch GET 200 https://registry.npmjs.org/string-width/-/string-width-5.1.2.tgz 11327ms (cache miss)
1834 timing reifyNode:node_modules/@isaacs/cliui/node_modules/string-width Completed in 12557ms
1835 http fetch GET 200 https://registry.npmjs.org/which/-/which-3.0.1.tgz 11333ms (cache miss)
1836 timing reifyNode:node_modules/@npmcli/promise-spawn/node_modules/which Completed in 12560ms
1837 http fetch GET 200 https://registry.npmjs.org/which/-/which-3.0.1.tgz 11703ms (cache miss)
1838 timing reifyNode:node_modules/@npmcli/git/node_modules/which Completed in 12560ms
1839 http fetch GET 200 https://registry.npmjs.org/strip-ansi/-/strip-ansi-7.1.0.tgz 11766ms (cache miss)
1840 timing reifyNode:node_modules/npm-check-updates/node_modules/strip-ansi Completed in 12598ms
1841 http fetch GET 200 https://registry.npmjs.org/globals/-/globals-11.12.0.tgz 11316ms (cache miss)
1842 timing reifyNode:node_modules/@babel/traverse/node_modules/globals Completed in 12558ms
1843 http fetch GET 200 https://registry.npmjs.org/ansi-styles/-/ansi-styles-3.2.1.tgz 11316ms (cache miss)
1844 timing reifyNode:node_modules/@babel/highlight/node_modules/ansi-styles Completed in 12557ms
1845 http fetch GET 200 https://registry.npmjs.org/color-name/-/color-name-1.1.3.tgz 11317ms (cache miss)
1846 timing reifyNode:node_modules/@babel/highlight/node_modules/color-name Completed in 12557ms
1847 http fetch GET 200 https://registry.npmjs.org/tree-kill/-/tree-kill-1.2.2.tgz 12280ms (cache miss)
1848 timing reifyNode:node_modules/tree-kill Completed in 12627ms
1849 http fetch GET 200 https://registry.npmjs.org/string-width/-/string-width-4.2.3.tgz 12265ms (cache miss)
1850 timing reifyNode:node_modules/string-width Completed in 12623ms
1851 http fetch GET 200 https://registry.npmjs.org/to-regex-range/-/to-regex-range-5.0.1.tgz 12280ms (cache miss)
1852 timing reifyNode:node_modules/to-regex-range Completed in 12629ms
1853 http fetch GET 200 https://registry.npmjs.org/serialize-javascript/-/serialize-javascript-6.0.2.tgz 12239ms (cache miss)
1854 timing reifyNode:node_modules/serialize-javascript Completed in 12621ms
1855 http fetch GET 200 https://registry.npmjs.org/semver-diff/-/semver-diff-4.0.0.tgz 12237ms (cache miss)
1856 timing reifyNode:node_modules/semver-diff Completed in 12621ms
1857 http fetch GET 200 https://registry.npmjs.org/supports-preserve-symlinks-flag/-/supports-preserve-symlinks-flag-1.0.0.tgz 12272ms (cache miss)
1858 http fetch GET 200 https://registry.npmjs.org/safe-stable-stringify/-/safe-stable-stringify-2.4.3.tgz 12236ms (cache miss)
1859 timing reifyNode:node_modules/safe-stable-stringify Completed in 12622ms
1860 http fetch GET 200 https://registry.npmjs.org/punycode/-/punycode-2.1.1.tgz 12217ms (cache miss)
1861 timing reifyNode:node_modules/punycode Completed in 12619ms
1862 http fetch GET 200 https://registry.npmjs.org/hashlru/-/hashlru-2.3.0.tgz 12053ms (cache miss)
1863 timing reifyNode:node_modules/hashlru Completed in 12596ms
1864 http fetch GET 200 https://registry.npmjs.org/randombytes/-/randombytes-2.1.0.tgz 12220ms (cache miss)
1865 timing reifyNode:node_modules/randombytes Completed in 12620ms
1866 http fetch GET 200 https://registry.npmjs.org/pug-linker/-/pug-linker-4.0.0.tgz 12217ms (cache miss)
1867 timing reifyNode:node_modules/pug-linker Completed in 12620ms
1868 http fetch GET 200 https://registry.npmjs.org/shallow-clone/-/shallow-clone-3.0.1.tgz 12251ms (cache miss)
1869 timing reifyNode:node_modules/shallow-clone Completed in 12626ms
1870 http fetch GET 200 https://registry.npmjs.org/fs.realpath/-/fs.realpath-1.0.0.tgz 12040ms (cache miss)
1871 timing reifyNode:node_modules/fs.realpath Completed in 12595ms
1872 http fetch GET 200 https://registry.npmjs.org/rimraf/-/rimraf-3.0.2.tgz 12238ms (cache miss)
1873 timing reifyNode:node_modules/rimraf Completed in 12625ms
1874 http fetch GET 200 https://registry.npmjs.org/has-bigints/-/has-bigints-1.0.2.tgz 12053ms (cache miss)
1875 timing reifyNode:node_modules/has-bigints Completed in 12599ms
1876 http fetch GET 200 https://registry.npmjs.org/fast-deep-equal/-/fast-deep-equal-3.1.3.tgz 12025ms (cache miss)
1877 timing reifyNode:node_modules/fast-deep-equal Completed in 12595ms
1878 http fetch GET 200 https://registry.npmjs.org/escape-string-regexp/-/escape-string-regexp-1.0.5.tgz 12013ms (cache miss)
1879 timing reifyNode:node_modules/escape-string-regexp Completed in 12592ms
1880 http fetch GET 200 https://registry.npmjs.org/es-shim-unscopables/-/es-shim-unscopables-1.0.2.tgz 12012ms (cache miss)
1881 timing reifyNode:node_modules/es-shim-unscopables Completed in 12595ms
1882 http fetch GET 200 https://registry.npmjs.org/string_decoder/-/string_decoder-1.3.0.tgz 12276ms (cache miss)
1883 timing reifyNode:node_modules/string_decoder Completed in 12636ms
1884 http fetch GET 200 https://registry.npmjs.org/split2/-/split2-3.2.2.tgz 12267ms (cache miss)
1885 timing reifyNode:node_modules/split2 Completed in 12635ms
1886 http fetch GET 200 https://registry.npmjs.org/spdx-correct/-/spdx-correct-3.2.0.tgz 12267ms (cache miss)
1887 timing reifyNode:node_modules/spdx-correct Completed in 12635ms
1888 http fetch GET 200 https://registry.npmjs.org/read-package-json/-/read-package-json-6.0.4.tgz 12232ms (cache miss)
1889 timing reifyNode:node_modules/read-package-json Completed in 12631ms
1890 http fetch GET 200 https://registry.npmjs.org/pug-code-gen/-/pug-code-gen-3.0.2.tgz 12222ms (cache miss)
1891 timing reifyNode:node_modules/pug-code-gen Completed in 12630ms
1892 http fetch GET 200 https://registry.npmjs.org/require-directory/-/require-directory-2.1.1.tgz 12237ms (cache miss)
1893 timing reifyNode:node_modules/require-directory Completed in 12632ms
1894 http fetch GET 200 https://registry.npmjs.org/pug-walk/-/pug-walk-2.0.0.tgz 12229ms (cache miss)
1895 timing reifyNode:node_modules/pug-walk Completed in 12632ms
1896 http fetch GET 200 https://registry.npmjs.org/pug-attrs/-/pug-attrs-3.0.0.tgz 12222ms (cache miss)
1897 timing reifyNode:node_modules/pug-attrs Completed in 12631ms
1898 http fetch GET 200 https://registry.npmjs.org/err-code/-/err-code-2.0.3.tgz 12014ms (cache miss)
1899 timing reifyNode:node_modules/err-code Completed in 12602ms
1900 timing reifyNode:node_modules/simple-get Completed in 12640ms
1901 http fetch GET 200 https://registry.npmjs.org/eastasianwidth/-/eastasianwidth-0.2.0.tgz 12010ms (cache miss)
1902 timing reifyNode:node_modules/eastasianwidth Completed in 12601ms
1903 http fetch GET 200 https://registry.npmjs.org/dot-prop/-/dot-prop-6.0.1.tgz 12010ms (cache miss)
1904 timing reifyNode:node_modules/dot-prop Completed in 12602ms
1905 http fetch GET 200 https://registry.npmjs.org/dir-glob/-/dir-glob-3.0.1.tgz 12009ms (cache miss)
1906 timing reifyNode:node_modules/dir-glob Completed in 12603ms
1907 http fetch GET 200 https://registry.npmjs.org/delegates/-/delegates-1.0.0.tgz 12008ms (cache miss)
1908 timing reifyNode:node_modules/delegates Completed in 12602ms
1909 http fetch GET 200 https://registry.npmjs.org/defer-to-connect/-/defer-to-connect-2.0.1.tgz 12004ms (cache miss)
1910 timing reifyNode:node_modules/defer-to-connect Completed in 12603ms
1911 http fetch GET 200 https://registry.npmjs.org/deep-is/-/deep-is-0.1.4.tgz 12004ms (cache miss)
1912 timing reifyNode:node_modules/deep-is Completed in 12603ms
1913 http fetch GET 200 https://registry.npmjs.org/cookie-signature/-/cookie-signature-1.2.1.tgz 11999ms (cache miss)
1914 timing reifyNode:node_modules/cookie-signature Completed in 12602ms
1915 http fetch GET 200 https://registry.npmjs.org/create-jest/-/create-jest-29.7.0.tgz 12000ms (cache miss)
1916 http fetch GET 200 https://registry.npmjs.org/configstore/-/configstore-6.0.0.tgz 11999ms (cache miss)
1917 timing reifyNode:node_modules/configstore Completed in 12604ms
1918 http fetch GET 200 https://registry.npmjs.org/clone-deep/-/clone-deep-4.0.1.tgz 11990ms (cache miss)
1919 timing reifyNode:node_modules/clone-deep Completed in 12604ms
1920 http fetch GET 200 https://registry.npmjs.org/cli-boxes/-/cli-boxes-3.0.0.tgz 11990ms (cache miss)
1921 timing reifyNode:node_modules/cli-boxes Completed in 12605ms
1922 http fetch GET 200 https://registry.npmjs.org/binary-extensions/-/binary-extensions-2.2.0.tgz 11975ms (cache miss)
1923 timing reifyNode:node_modules/binary-extensions Completed in 12602ms
1924 http fetch GET 200 https://registry.npmjs.org/fp-and-or/-/fp-and-or-0.1.4.tgz 12059ms (cache miss)
1925 timing reifyNode:node_modules/fp-and-or Completed in 12616ms
1926 http fetch GET 200 https://registry.npmjs.org/glob-parent/-/glob-parent-6.0.2.tgz 12067ms (cache miss)
1927 timing reifyNode:node_modules/glob-parent Completed in 12619ms
1928 http fetch GET 200 https://registry.npmjs.org/import-fresh/-/import-fresh-3.3.0.tgz 12088ms (cache miss)
1929 timing reifyNode:node_modules/import-fresh Completed in 12622ms
1930 timing reifyNode:node_modules/escalade Completed in 12613ms
1931 http fetch GET 200 https://registry.npmjs.org/get-package-type/-/get-package-type-0.1.0.tgz 12067ms (cache miss)
1932 timing reifyNode:node_modules/get-package-type Completed in 12621ms
1933 http fetch GET 200 https://registry.npmjs.org/brace-expansion/-/brace-expansion-1.1.11.tgz 11984ms (cache miss)
1934 timing reifyNode:node_modules/brace-expansion Completed in 12609ms
1935 http fetch GET 200 https://registry.npmjs.org/babel-jest/-/babel-jest-29.7.0.tgz 11978ms (cache miss)
1936 timing reifyNode:node_modules/babel-jest Completed in 12609ms
1937 http fetch GET 200 https://registry.npmjs.org/array-union/-/array-union-2.1.0.tgz 11968ms (cache miss)
1938 timing reifyNode:node_modules/array-union Completed in 12609ms
1939 http fetch GET 200 https://registry.npmjs.org/anymatch/-/anymatch-3.1.2.tgz 11967ms (cache miss)
1940 timing reifyNode:node_modules/anymatch Completed in 12610ms
1941 http fetch GET 200 https://registry.npmjs.org/acorn-import-assertions/-/acorn-import-assertions-1.9.0.tgz 11962ms (cache miss)
1942 timing reifyNode:node_modules/acorn-import-assertions Completed in 12608ms
1943 http fetch GET 200 https://registry.npmjs.org/abstract-logging/-/abstract-logging-2.0.1.tgz 11962ms (cache miss)
1944 timing reifyNode:node_modules/abstract-logging Completed in 12608ms
1945 http fetch GET 200 https://registry.npmjs.org/ansi-regex/-/ansi-regex-5.0.1.tgz 11968ms (cache miss)
1946 timing reifyNode:node_modules/ansi-regex Completed in 12612ms
1947 http fetch GET 200 https://registry.npmjs.org/@webassemblyjs/helper-buffer/-/helper-buffer-1.12.1.tgz 11949ms (cache miss)
1948 timing reifyNode:node_modules/@webassemblyjs/helper-buffer Completed in 12610ms
1949 http fetch GET 200 https://registry.npmjs.org/@types/stack-trace/-/stack-trace-0.0.29.tgz 11945ms (cache miss)
1950 timing reifyNode:node_modules/@types/stack-trace Completed in 12609ms
1951 http fetch GET 200 https://registry.npmjs.org/@webassemblyjs/helper-api-error/-/helper-api-error-1.11.6.tgz 11950ms (cache miss)
1952 timing reifyNode:node_modules/@webassemblyjs/helper-api-error Completed in 12610ms
1953 http fetch GET 200 https://registry.npmjs.org/@types/ms/-/ms-0.7.34.tgz 11945ms (cache miss)
1954 timing reifyNode:node_modules/@types/ms Completed in 12611ms
1955 http fetch GET 200 https://registry.npmjs.org/proc-log/-/proc-log-3.0.0.tgz 12258ms (cache miss)
1956 timing reifyNode:node_modules/proc-log Completed in 12671ms
1957 http fetch GET 200 https://registry.npmjs.org/pg-int8/-/pg-int8-1.0.1.tgz 12242ms (cache miss)
1958 timing reifyNode:node_modules/pg-int8 Completed in 12668ms
1959 http fetch GET 200 https://registry.npmjs.org/path-key/-/path-key-3.1.1.tgz 12238ms (cache miss)
1960 timing reifyNode:node_modules/path-key Completed in 12668ms
1961 http fetch GET 200 https://registry.npmjs.org/parse-json/-/parse-json-5.2.0.tgz 12238ms (cache miss)
1962 timing reifyNode:node_modules/parse-json Completed in 12668ms
1963 http fetch GET 200 https://registry.npmjs.org/p-map/-/p-map-4.0.0.tgz 12230ms (cache miss)
1964 timing reifyNode:node_modules/p-map Completed in 12668ms
1965 http fetch GET 200 https://registry.npmjs.org/p-locate/-/p-locate-5.0.0.tgz 12230ms (cache miss)
1966 timing reifyNode:node_modules/p-locate Completed in 12668ms
1967 http fetch GET 200 https://registry.npmjs.org/on-exit-leak-free/-/on-exit-leak-free-2.1.2.tgz 12227ms (cache miss)
1968 http fetch GET 200 https://registry.npmjs.org/object-assign/-/object-assign-4.1.1.tgz 12224ms (cache miss)
1969 timing reifyNode:node_modules/object-assign Completed in 12668ms
1970 http fetch GET 200 https://registry.npmjs.org/npm-run-path/-/npm-run-path-4.0.1.tgz 12224ms (cache miss)
1971 timing reifyNode:node_modules/npm-run-path Completed in 12668ms
1972 http fetch GET 200 https://registry.npmjs.org/nopt/-/nopt-5.0.0.tgz 12211ms (cache miss)
1973 timing reifyNode:node_modules/nopt Completed in 12667ms
1974 http fetch GET 200 https://registry.npmjs.org/merge2/-/merge2-1.4.1.tgz 12190ms (cache miss)
1975 timing reifyNode:node_modules/merge2 Completed in 12666ms
1976 http fetch GET 200 https://registry.npmjs.org/lodash.merge/-/lodash.merge-4.6.2.tgz 12184ms (cache miss)
1977 timing reifyNode:node_modules/lodash.merge Completed in 12665ms
1978 http fetch GET 200 https://registry.npmjs.org/locate-path/-/locate-path-6.0.0.tgz 12181ms (cache miss)
1979 timing reifyNode:node_modules/locate-path Completed in 12665ms
1980 http fetch GET 200 https://registry.npmjs.org/lines-and-columns/-/lines-and-columns-1.2.4.tgz 12181ms (cache miss)
1981 timing reifyNode:node_modules/lines-and-columns Completed in 12666ms
1982 http fetch GET 200 https://registry.npmjs.org/minipass-pipeline/-/minipass-pipeline-1.2.4.tgz 12196ms (cache miss)
1983 timing reifyNode:node_modules/minipass-pipeline Completed in 12668ms
1984 http fetch GET 200 https://registry.npmjs.org/lru-queue/-/lru-queue-0.1.0.tgz 12187ms (cache miss)
1985 timing reifyNode:node_modules/lru-queue Completed in 12666ms
1986 http fetch GET 200 https://registry.npmjs.org/jsonlines/-/jsonlines-0.1.1.tgz 12175ms (cache miss)
1987 timing reifyNode:node_modules/jsonlines Completed in 12666ms
1988 http fetch GET 200 https://registry.npmjs.org/json-parse-helpfulerror/-/json-parse-helpfulerror-1.0.3.tgz 12169ms (cache miss)
1989 timing reifyNode:node_modules/json-parse-helpfulerror Completed in 12668ms
1990 http fetch GET 200 https://registry.npmjs.org/jest/-/jest-29.7.0.tgz 12157ms (cache miss)
1991 timing reifyNode:node_modules/jest Completed in 12665ms
1992 http fetch GET 200 https://registry.npmjs.org/jest-resolve-dependencies/-/jest-resolve-dependencies-29.7.0.tgz 12164ms (cache miss)
1993 timing reifyNode:node_modules/jest-resolve-dependencies Completed in 12668ms
1994 http fetch GET 200 https://registry.npmjs.org/jest-environment-node/-/jest-environment-node-29.7.0.tgz 12160ms (cache miss)
1995 timing reifyNode:node_modules/jest-environment-node Completed in 12669ms
1996 http fetch GET 200 https://registry.npmjs.org/is-obj/-/is-obj-2.0.0.tgz 12144ms (cache miss)
1997 timing reifyNode:node_modules/is-obj Completed in 12665ms
1998 http fetch GET 200 https://registry.npmjs.org/is-plain-object/-/is-plain-object-2.0.4.tgz 12146ms (cache miss)
1999 timing reifyNode:node_modules/is-plain-object Completed in 12665ms
2000 http fetch GET 200 https://registry.npmjs.org/is-extglob/-/is-extglob-2.1.1.tgz 12139ms (cache miss)
2001 timing reifyNode:node_modules/is-extglob Completed in 12665ms
2002 http fetch GET 200 https://registry.npmjs.org/is-generator-fn/-/is-generator-fn-2.1.0.tgz 12141ms (cache miss)
2003 timing reifyNode:node_modules/is-generator-fn Completed in 12665ms
2004 http fetch GET 200 https://registry.npmjs.org/which-boxed-primitive/-/which-boxed-primitive-1.0.2.tgz 12378ms (cache miss)
2005 timing reifyNode:node_modules/which-boxed-primitive Completed in 12706ms
2006 http fetch GET 200 https://registry.npmjs.org/update-notifier/-/update-notifier-6.0.2.tgz 12367ms (cache miss)
2007 timing reifyNode:node_modules/update-notifier Completed in 12706ms
2008 http fetch GET 200 https://registry.npmjs.org/typed-array-byte-length/-/typed-array-byte-length-1.0.1.tgz 12362ms (cache miss)
2009 timing reifyNode:node_modules/typed-array-byte-length Completed in 12706ms
2010 http fetch GET 200 https://registry.npmjs.org/p-limit/-/p-limit-2.3.0.tgz 11864ms (cache miss)
2011 timing reifyNode:node_modules/pkg-dir/node_modules/p-limit Completed in 12691ms
2012 http fetch GET 200 https://registry.npmjs.org/p-limit/-/p-limit-2.3.0.tgz 11418ms (cache miss)
2013 timing reifyNode:node_modules/@istanbuljs/load-nyc-config/node_modules/p-limit Completed in 12645ms
2014 http fetch GET 200 https://registry.npmjs.org/p-locate/-/p-locate-4.1.0.tgz 11417ms (cache miss)
2015 timing reifyNode:node_modules/@istanbuljs/load-nyc-config/node_modules/p-locate Completed in 12645ms
2016 http fetch GET 200 https://registry.npmjs.org/find-up/-/find-up-4.1.0.tgz 11417ms (cache miss)
2017 timing reifyNode:node_modules/@istanbuljs/load-nyc-config/node_modules/find-up Completed in 12646ms
2018 http fetch GET 200 https://registry.npmjs.org/split2/-/split2-4.2.0.tgz 11864ms (cache miss)
2019 timing reifyNode:node_modules/pino-abstract-transport/node_modules/split2 Completed in 12692ms
2020 http fetch GET 200 https://registry.npmjs.org/fs-minipass/-/fs-minipass-3.0.3.tgz 11807ms (cache miss)
2021 timing reifyNode:node_modules/cacache/node_modules/fs-minipass Completed in 12658ms
2022 http fetch GET 200 https://registry.npmjs.org/ini/-/ini-4.1.2.tgz 11854ms (cache miss)
2023 timing reifyNode:node_modules/npm-check-updates/node_modules/ini Completed in 12688ms
2024 http fetch GET 200 https://registry.npmjs.org/supports-color/-/supports-color-8.1.1.tgz 11814ms (cache miss)
2025 timing reifyNode:node_modules/concurrently/node_modules/supports-color Completed in 12662ms
2026 http fetch GET 200 https://registry.npmjs.org/nopt/-/nopt-7.2.0.tgz 11848ms (cache miss)
2027 timing reifyNode:node_modules/js-beautify/node_modules/nopt Completed in 12684ms
2028 http fetch GET 200 https://registry.npmjs.org/glob-parent/-/glob-parent-5.1.2.tgz 11814ms (cache miss)
2029 timing reifyNode:node_modules/chokidar/node_modules/glob-parent Completed in 12663ms
2030 http fetch GET 200 https://registry.npmjs.org/strip-ansi/-/strip-ansi-6.0.1.tgz 12359ms (cache miss)
2031 timing reifyNode:node_modules/strip-ansi Completed in 12716ms
2032 http fetch GET 200 https://registry.npmjs.org/run-parallel/-/run-parallel-1.2.0.tgz 12325ms (cache miss)
2033 timing reifyNode:node_modules/run-parallel Completed in 12711ms
2034 http fetch GET 200 https://registry.npmjs.org/icss-utils/-/icss-utils-5.1.0.tgz 12154ms (cache miss)
2035 timing reifyNode:node_modules/icss-utils Completed in 12690ms
2036 http fetch GET 200 https://registry.npmjs.org/has-unicode/-/has-unicode-2.0.1.tgz 12146ms (cache miss)
2037 timing reifyNode:node_modules/has-unicode Completed in 12690ms
2038 http fetch GET 200 https://registry.npmjs.org/proxy-addr/-/proxy-addr-2.0.7.tgz 12304ms (cache miss)
2039 timing reifyNode:node_modules/proxy-addr Completed in 12714ms
2040 http fetch GET 200 https://registry.npmjs.org/quick-format-unescaped/-/quick-format-unescaped-4.0.4.tgz 12316ms (cache miss)
2041 timing reifyNode:node_modules/quick-format-unescaped Completed in 12716ms
2042 http fetch GET 200 https://registry.npmjs.org/statuses/-/statuses-2.0.1.tgz 12366ms (cache miss)
2043 timing reifyNode:node_modules/statuses Completed in 12725ms
2044 http fetch GET 200 https://registry.npmjs.org/esrecurse/-/esrecurse-4.3.0.tgz 12112ms (cache miss)
2045 timing reifyNode:node_modules/esrecurse Completed in 12689ms
2046 http fetch GET 200 https://registry.npmjs.org/queue-microtask/-/queue-microtask-1.2.3.tgz 12321ms (cache miss)
2047 timing reifyNode:node_modules/queue-microtask Completed in 12722ms
2048 http fetch GET 200 https://registry.npmjs.org/imurmurhash/-/imurmurhash-0.1.4.tgz 12164ms (cache miss)
2049 timing reifyNode:node_modules/imurmurhash Completed in 12699ms
2050 http fetch GET 200 https://registry.npmjs.org/ignore-walk/-/ignore-walk-6.0.4.tgz 12164ms (cache miss)
2051 timing reifyNode:node_modules/ignore-walk Completed in 12699ms
2052 http fetch GET 200 https://registry.npmjs.org/real-require/-/real-require-0.2.0.tgz 12327ms (cache miss)
2053 timing reifyNode:node_modules/real-require Completed in 12724ms
2054 http fetch GET 200 https://registry.npmjs.org/read-package-json-fast/-/read-package-json-fast-3.0.2.tgz 12326ms (cache miss)
2055 timing reifyNode:node_modules/read-package-json-fast Completed in 12724ms
2056 http fetch GET 200 https://registry.npmjs.org/pug-filters/-/pug-filters-4.0.0.tgz 12315ms (cache miss)
2057 timing reifyNode:node_modules/pug-filters Completed in 12723ms
2058 http fetch GET 200 https://registry.npmjs.org/pupa/-/pupa-3.1.0.tgz 12322ms (cache miss)
2059 timing reifyNode:node_modules/pupa Completed in 12724ms
2060 http fetch GET 200 https://registry.npmjs.org/error-ex/-/error-ex-1.3.2.tgz 12104ms (cache miss)
2061 timing reifyNode:node_modules/error-ex Completed in 12692ms
2062 http fetch GET 200 https://registry.npmjs.org/emoji-regex/-/emoji-regex-8.0.0.tgz 12103ms (cache miss)
2063 http fetch GET 200 https://registry.npmjs.org/dottie/-/dottie-2.0.6.tgz 12101ms (cache miss)
2064 timing reifyNode:node_modules/dottie Completed in 12692ms
2065 http fetch GET 200 https://registry.npmjs.org/detect-libc/-/detect-libc-2.0.3.tgz 12098ms (cache miss)
2066 timing reifyNode:node_modules/detect-libc Completed in 12692ms
2067 http fetch GET 200 https://registry.npmjs.org/data-view-byte-length/-/data-view-byte-length-1.0.1.tgz 12092ms (cache miss)
2068 http fetch GET 200 https://registry.npmjs.org/cssesc/-/cssesc-3.0.0.tgz 12091ms (cache miss)
2069 timing reifyNode:node_modules/cssesc Completed in 12692ms
2070 http fetch GET 200 https://registry.npmjs.org/content-disposition/-/content-disposition-0.5.4.tgz 12088ms (cache miss)
2071 timing reifyNode:node_modules/content-disposition Completed in 12693ms
2072 http fetch GET 200 https://registry.npmjs.org/config-chain/-/config-chain-1.1.13.tgz 12087ms (cache miss)
2073 timing reifyNode:node_modules/config-chain Completed in 12694ms
2074 timing reifyNode:node_modules/commist Completed in 12693ms
2075 http fetch GET 200 https://registry.npmjs.org/color-name/-/color-name-1.1.4.tgz 12082ms (cache miss)
2076 timing reifyNode:node_modules/color-name Completed in 12693ms
2077 http fetch GET 200 https://registry.npmjs.org/collect-v8-coverage/-/collect-v8-coverage-1.0.2.tgz 12081ms (cache miss)
2078 timing reifyNode:node_modules/collect-v8-coverage Completed in 12694ms
2079 http fetch GET 200 https://registry.npmjs.org/clean-stack/-/clean-stack-2.2.0.tgz 12079ms (cache miss)
2080 timing reifyNode:node_modules/clean-stack Completed in 12694ms
2081 http fetch GET 200 https://registry.npmjs.org/char-regex/-/char-regex-1.0.2.tgz 12077ms (cache miss)
2082 timing reifyNode:node_modules/char-regex Completed in 12694ms
2083 http fetch GET 200 https://registry.npmjs.org/gopd/-/gopd-1.0.1.tgz 12162ms (cache miss)
2084 timing reifyNode:node_modules/gopd Completed in 12708ms
2085 http fetch GET 200 https://registry.npmjs.org/hosted-git-info/-/hosted-git-info-5.2.1.tgz 12168ms (cache miss)
2086 timing reifyNode:node_modules/hosted-git-info Completed in 12710ms
2087 http fetch GET 200 https://registry.npmjs.org/fs-minipass/-/fs-minipass-2.1.0.tgz 12152ms (cache miss)
2088 timing reifyNode:node_modules/fs-minipass Completed in 12708ms
2089 http fetch GET 200 https://registry.npmjs.org/escape-html/-/escape-html-1.0.3.tgz 12124ms (cache miss)
2090 timing reifyNode:node_modules/escape-html Completed in 12703ms
2091 http fetch GET 200 https://registry.npmjs.org/callsites/-/callsites-3.1.0.tgz 12082ms (cache miss)
2092 timing reifyNode:node_modules/callsites Completed in 12700ms
2093 http fetch GET 200 https://registry.npmjs.org/balanced-match/-/balanced-match-1.0.2.tgz 12070ms (cache miss)
2094 timing reifyNode:node_modules/balanced-match Completed in 12699ms
2095 http fetch GET 200 https://registry.npmjs.org/babel-preset-current-node-syntax/-/babel-preset-current-node-syntax-1.0.1.tgz 12069ms (cache miss)
2096 timing reifyNode:node_modules/babel-preset-current-node-syntax Completed in 12700ms
2097 http fetch GET 200 https://registry.npmjs.org/atomic-sleep/-/atomic-sleep-1.0.0.tgz 12068ms (cache miss)
2098 timing reifyNode:node_modules/atomic-sleep Completed in 12699ms
2099 http fetch GET 200 https://registry.npmjs.org/ansi-escapes/-/ansi-escapes-4.3.2.tgz 12056ms (cache miss)
2100 timing reifyNode:node_modules/ansi-escapes Completed in 12700ms
2101 http fetch GET 200 https://registry.npmjs.org/ansi-styles/-/ansi-styles-4.3.0.tgz 12056ms (cache miss)
2102 timing reifyNode:node_modules/ansi-styles Completed in 12701ms
2103 http fetch GET 200 https://registry.npmjs.org/archy/-/archy-1.0.0.tgz 12059ms (cache miss)
2104 timing reifyNode:node_modules/archy Completed in 12701ms
2105 http fetch GET 200 https://registry.npmjs.org/@xtuc/ieee754/-/ieee754-1.2.0.tgz 12050ms (cache miss)
2106 timing reifyNode:node_modules/@xtuc/ieee754 Completed in 12698ms
2107 http fetch GET 200 https://registry.npmjs.org/@webpack-cli/info/-/info-2.0.2.tgz 12051ms (cache miss)
2108 timing reifyNode:node_modules/@webpack-cli/info Completed in 12700ms
2109 http fetch GET 200 https://registry.npmjs.org/@webassemblyjs/helper-wasm-bytecode/-/helper-wasm-bytecode-1.11.6.tgz 12039ms (cache miss)
2110 timing reifyNode:node_modules/@webassemblyjs/helper-wasm-bytecode Completed in 12700ms
2111 http fetch GET 200 https://registry.npmjs.org/@webassemblyjs/ieee754/-/ieee754-1.11.6.tgz 12042ms (cache miss)
2112 timing reifyNode:node_modules/@webassemblyjs/ieee754 Completed in 12701ms
2113 http fetch GET 200 https://registry.npmjs.org/json-buffer/-/json-buffer-3.0.1.tgz 12262ms (cache miss)
2114 timing reifyNode:node_modules/json-buffer Completed in 12758ms
2115 http fetch GET 200 https://registry.npmjs.org/levn/-/levn-0.4.1.tgz 12273ms (cache miss)
2116 timing reifyNode:node_modules/levn Completed in 12760ms
2117 http fetch GET 200 https://registry.npmjs.org/is-weakref/-/is-weakref-1.0.2.tgz 12238ms (cache miss)
2118 timing reifyNode:node_modules/is-weakref Completed in 12754ms
2119 http fetch GET 200 https://registry.npmjs.org/is-number-object/-/is-number-object-1.0.7.tgz 12234ms (cache miss)
2120 timing reifyNode:node_modules/is-number-object Completed in 12755ms
2121 http fetch GET 200 https://registry.npmjs.org/internal-slot/-/internal-slot-1.0.7.tgz 12224ms (cache miss)
2122 timing reifyNode:node_modules/internal-slot Completed in 12754ms
2123 http fetch GET 200 https://registry.npmjs.org/unbox-primitive/-/unbox-primitive-1.0.2.tgz 12451ms (cache miss)
2124 timing reifyNode:node_modules/unbox-primitive Completed in 12794ms
2125 http fetch GET 200 https://registry.npmjs.org/ini/-/ini-1.3.8.tgz 11893ms (cache miss)
2126 timing reifyNode:node_modules/config-chain/node_modules/ini Completed in 12745ms
2127 http fetch GET 200 https://registry.npmjs.org/json-schema-traverse/-/json-schema-traverse-1.0.0.tgz 11964ms (cache miss)
2128 http fetch GET 200 https://registry.npmjs.org/toposort-class/-/toposort-class-1.0.1.tgz 12456ms (cache miss)
2129 http fetch GET 200 https://registry.npmjs.org/text-table/-/text-table-0.2.0.tgz 12449ms (cache miss)
2130 http fetch GET 200 https://registry.npmjs.org/string-width/-/string-width-4.2.3.tgz 12441ms (cache miss)
2131 timing reifyNode:node_modules/string-width-cjs Completed in 12799ms
2132 timing reifyNode:node_modules/supports-preserve-symlinks-flag Completed in 12801ms
2133 http fetch GET 200 https://registry.npmjs.org/rfdc/-/rfdc-1.3.1.tgz 12410ms (cache miss)
2134 timing reifyNode:node_modules/rfdc Completed in 12797ms
2135 http fetch GET 200 https://registry.npmjs.org/http-proxy-agent/-/http-proxy-agent-5.0.0.tgz 12230ms (cache miss)
2136 timing reifyNode:node_modules/http-proxy-agent Completed in 12771ms
2137 http fetch GET 200 https://registry.npmjs.org/socks-proxy-agent/-/socks-proxy-agent-7.0.0.tgz 12431ms (cache miss)
2138 timing reifyNode:node_modules/socks-proxy-agent Completed in 12801ms
2139 http fetch GET 200 https://registry.npmjs.org/html-escaper/-/html-escaper-2.0.2.tgz 12231ms (cache miss)
2140 http fetch GET 200 https://registry.npmjs.org/fastify-method-override/-/fastify-method-override-1.5.10.tgz 12205ms (cache miss)
2141 timing reifyNode:node_modules/fastify-method-override Completed in 12770ms
2142 http fetch GET 200 https://registry.npmjs.org/http-errors/-/http-errors-2.0.0.tgz 12235ms (cache miss)
2143 timing reifyNode:node_modules/http-errors Completed in 12777ms
2144 http fetch GET 200 https://registry.npmjs.org/graceful-fs/-/graceful-fs-4.2.10.tgz 12232ms (cache miss)
2145 timing reifyNode:node_modules/graceful-fs Completed in 12779ms
2146 http fetch GET 200 https://registry.npmjs.org/glob-to-regexp/-/glob-to-regexp-0.4.1.tgz 12228ms (cache miss)
2147 timing reifyNode:node_modules/glob-to-regexp Completed in 12779ms
2148 http fetch GET 200 https://registry.npmjs.org/depd/-/depd-2.0.0.tgz 12178ms (cache miss)
2149 timing reifyNode:node_modules/depd Completed in 12771ms
2150 http fetch GET 200 https://registry.npmjs.org/convert-source-map/-/convert-source-map-2.0.0.tgz 12167ms (cache miss)
2151 timing reifyNode:node_modules/convert-source-map Completed in 12770ms
2152 http fetch GET 200 https://registry.npmjs.org/co/-/co-4.6.0.tgz 12158ms (cache miss)
2153 timing reifyNode:node_modules/co Completed in 12771ms
2154 http fetch GET 200 https://registry.npmjs.org/character-parser/-/character-parser-2.2.0.tgz 12154ms (cache miss)
2155 timing reifyNode:node_modules/character-parser Completed in 12771ms
2156 http fetch GET 200 https://registry.npmjs.org/cacheable-request/-/cacheable-request-7.0.2.tgz 12152ms (cache miss)
2157 timing reifyNode:node_modules/cacheable-request Completed in 12771ms
2158 timing reifyNode:node_modules/github-from-package Completed in 12784ms
2159 http fetch GET 200 https://registry.npmjs.org/fill-range/-/fill-range-7.0.1.tgz 12222ms (cache miss)
2160 timing reifyNode:node_modules/fill-range Completed in 12785ms
2161 http fetch GET 200 https://registry.npmjs.org/eslint-visitor-keys/-/eslint-visitor-keys-3.4.3.tgz 12203ms (cache miss)
2162 http fetch GET 200 https://registry.npmjs.org/fb-watchman/-/fb-watchman-2.0.2.tgz 12222ms (cache miss)
2163 timing reifyNode:node_modules/fb-watchman Completed in 12786ms
2164 http fetch GET 200 https://registry.npmjs.org/boxen/-/boxen-7.0.0.tgz 12148ms (cache miss)
2165 timing reifyNode:node_modules/boxen Completed in 12775ms
2166 http fetch GET 200 https://registry.npmjs.org/babel-plugin-jest-hoist/-/babel-plugin-jest-hoist-29.6.3.tgz 12145ms (cache miss)
2167 timing reifyNode:node_modules/babel-plugin-jest-hoist Completed in 12776ms
2168 http fetch GET 200 https://registry.npmjs.org/aggregate-error/-/aggregate-error-3.1.0.tgz 12129ms (cache miss)
2169 timing reifyNode:node_modules/aggregate-error Completed in 12774ms
2170 http fetch GET 200 https://registry.npmjs.org/babel-preset-jest/-/babel-preset-jest-29.6.3.tgz 12148ms (cache miss)
2171 timing reifyNode:node_modules/babel-preset-jest Completed in 12777ms
2172 http fetch GET 200 https://registry.npmjs.org/@webassemblyjs/wasm-opt/-/wasm-opt-1.12.1.tgz 12117ms (cache miss)
2173 timing reifyNode:node_modules/@webassemblyjs/wasm-opt Completed in 12774ms
2174 http fetch GET 200 https://registry.npmjs.org/abbrev/-/abbrev-1.1.1.tgz 12129ms (cache miss)
2175 timing reifyNode:node_modules/abbrev Completed in 12774ms
2176 http fetch GET 200 https://registry.npmjs.org/@webpack-cli/serve/-/serve-2.0.5.tgz 12124ms (cache miss)
2177 timing reifyNode:node_modules/@webpack-cli/serve Completed in 12775ms
2178 http fetch GET 200 https://registry.npmjs.org/@webassemblyjs/helper-numbers/-/helper-numbers-1.11.6.tgz 12115ms (cache miss)
2179 timing reifyNode:node_modules/@webassemblyjs/helper-numbers Completed in 12775ms
2180 http fetch GET 200 https://registry.npmjs.org/@types/semver-utils/-/semver-utils-1.1.3.tgz 12109ms (cache miss)
2181 timing reifyNode:node_modules/@types/semver-utils Completed in 12775ms
2182 http fetch GET 200 https://registry.npmjs.org/@webassemblyjs/utf8/-/utf8-1.11.6.tgz 12117ms (cache miss)
2183 timing reifyNode:node_modules/@webassemblyjs/utf8 Completed in 12776ms
2184 http fetch GET 200 https://registry.npmjs.org/@types/istanbul-lib-coverage/-/istanbul-lib-coverage-2.0.6.tgz 12103ms (cache miss)
2185 timing reifyNode:node_modules/@types/istanbul-lib-coverage Completed in 12774ms
2186 http fetch GET 200 https://registry.npmjs.org/@gar/promisify/-/promisify-1.1.3.tgz 12069ms (cache miss)
2187 timing reifyNode:node_modules/@gar/promisify Completed in 12770ms
2188 http fetch GET 200 https://registry.npmjs.org/@babel/plugin-syntax-class-properties/-/plugin-syntax-class-properties-7.12.13.tgz 12049ms (cache miss)
2189 timing reifyNode:node_modules/@babel/plugin-syntax-class-properties Completed in 12768ms
2190 http fetch GET 200 https://registry.npmjs.org/@babel/plugin-syntax-numeric-separator/-/plugin-syntax-numeric-separator-7.10.4.tgz 12051ms (cache miss)
2191 timing reifyNode:node_modules/@babel/plugin-syntax-numeric-separator Completed in 12768ms
2192 http fetch GET 200 https://registry.npmjs.org/@babel/plugin-syntax-logical-assignment-operators/-/plugin-syntax-logical-assignment-operators-7.10.4.tgz 12051ms (cache miss)
2193 timing reifyNode:node_modules/@babel/plugin-syntax-logical-assignment-operators Completed in 12769ms
2194 http fetch GET 200 https://registry.npmjs.org/strip-ansi/-/strip-ansi-7.0.1.tgz 12031ms (cache miss)
2195 timing reifyNode:node_modules/wrap-ansi/node_modules/strip-ansi Completed in 12840ms
2196 http fetch GET 200 https://registry.npmjs.org/strip-ansi/-/strip-ansi-7.0.1.tgz 12029ms (cache miss)
2197 timing reifyNode:node_modules/widest-line/node_modules/strip-ansi Completed in 12840ms
2198 http fetch GET 200 https://registry.npmjs.org/@babel/plugin-syntax-import-meta/-/plugin-syntax-import-meta-7.10.4.tgz 12050ms (cache miss)
2199 timing reifyNode:node_modules/@babel/plugin-syntax-import-meta Completed in 12769ms
2200 http fetch GET 200 https://registry.npmjs.org/@babel/plugin-syntax-nullish-coalescing-operator/-/plugin-syntax-nullish-coalescing-operator-7.8.3.tgz 12052ms (cache miss)
2201 timing reifyNode:node_modules/@babel/plugin-syntax-nullish-coalescing-operator Completed in 12770ms
2202 http fetch GET 200 https://registry.npmjs.org/@babel/plugin-syntax-object-rest-spread/-/plugin-syntax-object-rest-spread-7.8.3.tgz 12054ms (cache miss)
2203 timing reifyNode:node_modules/@babel/plugin-syntax-object-rest-spread Completed in 12770ms
2204 http fetch GET 200 https://registry.npmjs.org/@babel/plugin-syntax-top-level-await/-/plugin-syntax-top-level-await-7.14.5.tgz 12055ms (cache miss)
2205 timing reifyNode:node_modules/@babel/plugin-syntax-top-level-await Completed in 12770ms
2206 http fetch GET 200 https://registry.npmjs.org/@babel/plugin-syntax-optional-chaining/-/plugin-syntax-optional-chaining-7.8.3.tgz 12056ms (cache miss)
2207 timing reifyNode:node_modules/@babel/plugin-syntax-optional-chaining Completed in 12771ms
2208 http fetch GET 200 https://registry.npmjs.org/@types/stack-utils/-/stack-utils-2.0.3.tgz 12118ms (cache miss)
2209 timing reifyNode:node_modules/@types/stack-utils Completed in 12782ms
2210 http fetch GET 200 https://registry.npmjs.org/object-keys/-/object-keys-1.1.1.tgz 12392ms (cache miss)
2211 timing reifyNode:node_modules/object-keys Completed in 12834ms
2212 http fetch GET 200 https://registry.npmjs.org/mdurl/-/mdurl-1.0.1.tgz 12354ms (cache miss)
2213 timing reifyNode:node_modules/mdurl Completed in 12832ms
2214 http fetch GET 200 https://registry.npmjs.org/normalize-package-data/-/normalize-package-data-5.0.0.tgz 12381ms (cache miss)
2215 timing reifyNode:node_modules/normalize-package-data Completed in 12836ms
2216 http fetch GET 200 https://registry.npmjs.org/mkdirp/-/mkdirp-1.0.4.tgz 12364ms (cache miss)
2217 timing reifyNode:node_modules/mkdirp Completed in 12835ms
2218 http fetch GET 200 https://registry.npmjs.org/jest-watcher/-/jest-watcher-29.7.0.tgz 12329ms (cache miss)
2219 timing reifyNode:node_modules/jest-watcher Completed in 12833ms
2220 http fetch GET 200 https://registry.npmjs.org/is-typed-array/-/is-typed-array-1.1.13.tgz 12311ms (cache miss)
2221 timing reifyNode:node_modules/is-typed-array Completed in 12828ms
2222 http fetch GET 200 https://registry.npmjs.org/is-boolean-object/-/is-boolean-object-1.1.2.tgz 12298ms (cache miss)
2223 timing reifyNode:node_modules/is-boolean-object Completed in 12827ms
2224 http fetch GET 200 https://registry.npmjs.org/ipaddr.js/-/ipaddr.js-1.9.1.tgz 12297ms (cache miss)
2225 timing reifyNode:node_modules/ipaddr.js Completed in 12828ms
2226 http fetch GET 200 https://registry.npmjs.org/is-core-module/-/is-core-module-2.13.1.tgz 12300ms (cache miss)
2227 timing reifyNode:node_modules/is-core-module Completed in 12828ms
2228 http fetch GET 200 https://registry.npmjs.org/wildcard/-/wildcard-2.0.0.tgz 12541ms (cache miss)
2229 timing reifyNode:node_modules/wildcard Completed in 12869ms
2230 http fetch GET 200 https://registry.npmjs.org/minimatch/-/minimatch-5.1.6.tgz 11996ms (cache miss)
2231 timing reifyNode:node_modules/help-me/node_modules/minimatch Completed in 12834ms
2232 http fetch GET 200 https://registry.npmjs.org/nopt/-/nopt-6.0.0.tgz 12011ms (cache miss)
2233 timing reifyNode:node_modules/node-gyp/node_modules/nopt Completed in 12847ms
2234 http fetch GET 200 https://registry.npmjs.org/globals/-/globals-13.24.0.tgz 11979ms (cache miss)
2235 timing reifyNode:node_modules/eslint/node_modules/globals Completed in 12828ms
2236 http fetch GET 200 https://registry.npmjs.org/depd/-/depd-1.1.2.tgz 11958ms (cache miss)
2237 timing reifyNode:node_modules/agentkeepalive/node_modules/depd Completed in 12820ms
2238 timing reifyNode:node_modules/text-table Completed in 12877ms
2239 http fetch GET 200 https://registry.npmjs.org/spawn-please/-/spawn-please-2.0.2.tgz 12501ms (cache miss)
2240 http fetch GET 200 https://registry.npmjs.org/safe-array-concat/-/safe-array-concat-1.1.2.tgz 12481ms (cache miss)
2241 http fetch GET 200 https://registry.npmjs.org/readdirp/-/readdirp-3.6.0.tgz 12472ms (cache miss)
2242 timing reifyNode:node_modules/readdirp Completed in 12871ms
2243 http fetch GET 200 https://registry.npmjs.org/fastify-objectionjs/-/fastify-objectionjs-2.0.1.tgz 12277ms (cache miss)
2244 timing reifyNode:node_modules/fastify-objectionjs Completed in 12843ms
2245 timing reifyNode:node_modules/html-escaper Completed in 12847ms
2246 http fetch GET 200 https://registry.npmjs.org/es-object-atoms/-/es-object-atoms-1.0.0.tgz 12253ms (cache miss)
2247 http fetch GET 200 https://registry.npmjs.org/fast-memoize/-/fast-memoize-2.5.2.tgz 12276ms (cache miss)
2248 timing reifyNode:node_modules/fast-memoize Completed in 12845ms
2249 http fetch GET 200 https://registry.npmjs.org/set-function-length/-/set-function-length-1.2.2.tgz 12504ms (cache miss)
2250 timing reifyNode:node_modules/set-function-length Completed in 12879ms
2251 http fetch GET 200 https://registry.npmjs.org/ret/-/ret-0.2.2.tgz 12489ms (cache miss)
2252 timing reifyNode:node_modules/ret Completed in 12878ms
2253 timing reifyNode:node_modules/emoji-regex Completed in 12843ms
2254 http fetch GET 200 https://registry.npmjs.org/react-is/-/react-is-18.2.0.tgz 12479ms (cache miss)
2255 timing reifyNode:node_modules/react-is Completed in 12878ms
2256 timing reifyNode:node_modules/create-jest Completed in 12842ms
2257 http fetch GET 200 https://registry.npmjs.org/colorette/-/colorette-2.0.19.tgz 12232ms (cache miss)
2258 timing reifyNode:node_modules/colorette Completed in 12842ms
2259 http fetch GET 200 https://registry.npmjs.org/ci-info/-/ci-info-3.3.2.tgz 12227ms (cache miss)
2260 timing reifyNode:node_modules/ci-info Completed in 12842ms
2261 http fetch GET 200 https://registry.npmjs.org/getopts/-/getopts-2.3.0.tgz 12303ms (cache miss)
2262 timing reifyNode:node_modules/getopts Completed in 12855ms
2263 http fetch GET 200 https://registry.npmjs.org/ieee754/-/ieee754-1.2.1.tgz 12322ms (cache miss)
2264 timing reifyNode:node_modules/ieee754 Completed in 12858ms
2265 http fetch GET 200 https://registry.npmjs.org/bindings/-/bindings-1.5.0.tgz 12218ms (cache miss)
2266 timing reifyNode:node_modules/bindings Completed in 12845ms
2267 http fetch GET 200 https://registry.npmjs.org/base64-js/-/base64-js-1.5.1.tgz 12218ms (cache miss)
2268 timing reifyNode:node_modules/base64-js Completed in 12846ms
2269 http fetch GET 200 https://registry.npmjs.org/aproba/-/aproba-2.0.0.tgz 12204ms (cache miss)
2270 timing reifyNode:node_modules/aproba Completed in 12847ms
2271 http fetch GET 200 https://registry.npmjs.org/@types/yargs-parser/-/yargs-parser-21.0.3.tgz 12182ms (cache miss)
2272 timing reifyNode:node_modules/@types/yargs-parser Completed in 12844ms
2273 http fetch GET 200 https://registry.npmjs.org/@types/babel__template/-/babel__template-7.4.4.tgz 12170ms (cache miss)
2274 timing reifyNode:node_modules/@types/babel__template Completed in 12845ms
2275 http fetch GET 200 https://registry.npmjs.org/@types/istanbul-reports/-/istanbul-reports-3.0.4.tgz 12180ms (cache miss)
2276 timing reifyNode:node_modules/@types/istanbul-reports Completed in 12846ms
2277 http fetch GET 200 https://registry.npmjs.org/strip-bom/-/strip-bom-3.0.0.tgz 12094ms (cache miss)
2278 timing reifyNode:node_modules/tsconfig-paths/node_modules/strip-bom Completed in 12905ms
2279 http fetch GET 200 https://registry.npmjs.org/@babel/plugin-syntax-json-strings/-/plugin-syntax-json-strings-7.8.3.tgz 12123ms (cache miss)
2280 timing reifyNode:node_modules/@babel/plugin-syntax-json-strings Completed in 12841ms
2281 http fetch GET 200 https://registry.npmjs.org/@babel/plugin-syntax-bigint/-/plugin-syntax-bigint-7.8.3.tgz 12122ms (cache miss)
2282 timing reifyNode:node_modules/@babel/plugin-syntax-bigint Completed in 12842ms
2283 http fetch GET 200 https://registry.npmjs.org/@babel/plugin-syntax-optional-catch-binding/-/plugin-syntax-optional-catch-binding-7.8.3.tgz 12126ms (cache miss)
2284 timing reifyNode:node_modules/@babel/plugin-syntax-optional-catch-binding Completed in 12842ms
2285 http fetch GET 200 https://registry.npmjs.org/@babel/plugin-syntax-async-generators/-/plugin-syntax-async-generators-7.8.4.tgz 12122ms (cache miss)
2286 timing reifyNode:node_modules/@babel/plugin-syntax-async-generators Completed in 12842ms
2287 http fetch GET 200 https://registry.npmjs.org/@tufjs/canonical-json/-/canonical-json-1.0.0.tgz 12174ms (cache miss)
2288 timing reifyNode:node_modules/@tufjs/canonical-json Completed in 12850ms
2289 http fetch GET 200 https://registry.npmjs.org/@jest/schemas/-/schemas-29.6.3.tgz 12156ms (cache miss)
2290 timing reifyNode:node_modules/@jest/schemas Completed in 12849ms
2291 timing reifyNode:node_modules/on-exit-leak-free Completed in 12899ms
2292 http fetch GET 200 https://registry.npmjs.org/jsonparse/-/jsonparse-1.3.1.tgz 12405ms (cache miss)
2293 http fetch GET 200 https://registry.npmjs.org/jest-cli/-/jest-cli-29.7.0.tgz 12385ms (cache miss)
2294 timing reifyNode:node_modules/jest-cli Completed in 12892ms
2295 http fetch GET 200 https://registry.npmjs.org/is-shared-array-buffer/-/is-shared-array-buffer-1.0.3.tgz 12377ms (cache miss)
2296 timing reifyNode:node_modules/is-shared-array-buffer Completed in 12896ms
2297 http fetch GET 200 https://registry.npmjs.org/is-string/-/is-string-1.0.7.tgz 12380ms (cache miss)
2298 timing reifyNode:node_modules/is-string Completed in 12898ms
2299 http fetch GET 200 https://registry.npmjs.org/is-date-object/-/is-date-object-1.0.5.tgz 12370ms (cache miss)
2300 timing reifyNode:node_modules/is-date-object Completed in 12897ms
2301 http fetch GET 200 https://registry.npmjs.org/json-schema-traverse/-/json-schema-traverse-1.0.0.tgz 12054ms (cache miss)
2302 http fetch GET 200 https://registry.npmjs.org/json-schema-traverse/-/json-schema-traverse-1.0.0.tgz 11630ms (cache miss)
2303 http fetch GET 200 https://registry.npmjs.org/json-schema-traverse/-/json-schema-traverse-1.0.0.tgz 12020ms (cache miss)
2304 http fetch GET 200 https://registry.npmjs.org/hosted-git-info/-/hosted-git-info-6.1.1.tgz 12078ms (cache miss)
2305 timing reifyNode:node_modules/normalize-package-data/node_modules/hosted-git-info Completed in 12914ms
2306 http fetch GET 200 https://registry.npmjs.org/color-convert/-/color-convert-1.9.3.tgz 11635ms (cache miss)
2307 timing reifyNode:node_modules/@babel/highlight/node_modules/color-convert Completed in 12877ms
2308 http fetch GET 200 https://registry.npmjs.org/toad-cache/-/toad-cache-3.7.0.tgz 12596ms (cache miss)
2309 timing reifyNode:node_modules/toad-cache Completed in 12945ms
2310 http fetch GET 200 https://registry.npmjs.org/typed-array-buffer/-/typed-array-buffer-1.0.2.tgz 12602ms (cache miss)
2311 timing reifyNode:node_modules/typed-array-buffer Completed in 12946ms
2312 timing reifyNode:node_modules/safe-array-concat Completed in 12935ms
2313 http fetch GET 200 https://registry.npmjs.org/set-cookie-parser/-/set-cookie-parser-2.6.0.tgz 12556ms (cache miss)
2314 timing reifyNode:node_modules/set-cookie-parser Completed in 12938ms
2315 http fetch GET 200 https://registry.npmjs.org/regenerator-runtime/-/regenerator-runtime-0.14.1.tgz 12543ms (cache miss)
2316 timing reifyNode:node_modules/regenerator-runtime Completed in 12940ms
2317 http fetch GET 200 https://registry.npmjs.org/resolve.exports/-/resolve.exports-2.0.2.tgz 12552ms (cache miss)
2318 timing reifyNode:node_modules/resolve.exports Completed in 12942ms
2319 http fetch GET 200 https://registry.npmjs.org/functions-have-names/-/functions-have-names-1.2.3.tgz 12360ms (cache miss)
2320 timing reifyNode:node_modules/functions-have-names Completed in 12916ms
2321 http fetch GET 200 https://registry.npmjs.org/define-data-property/-/define-data-property-1.1.4.tgz 12313ms (cache miss)
2322 timing reifyNode:node_modules/define-data-property Completed in 12907ms
2323 timing reifyNode:node_modules/data-view-byte-length Completed in 12908ms
2324 http fetch GET 200 https://registry.npmjs.org/dedent/-/dedent-1.5.3.tgz 12309ms (cache miss)
2325 timing reifyNode:node_modules/dedent Completed in 12908ms
2326 http fetch GET 200 https://registry.npmjs.org/cliui/-/cliui-8.0.1.tgz 12295ms (cache miss)
2327 timing reifyNode:node_modules/cliui Completed in 12909ms
2328 http fetch GET 200 https://registry.npmjs.org/chrome-trace-event/-/chrome-trace-event-1.0.3.tgz 12295ms (cache miss)
2329 timing reifyNode:node_modules/chrome-trace-event Completed in 12910ms
2330 http fetch GET 200 https://registry.npmjs.org/estraverse/-/estraverse-5.3.0.tgz 12341ms (cache miss)
2331 timing reifyNode:node_modules/estraverse Completed in 12918ms
2332 http fetch GET 200 https://registry.npmjs.org/hasown/-/hasown-2.0.2.tgz 12382ms (cache miss)
2333 timing reifyNode:node_modules/hasown Completed in 12925ms
2334 http fetch GET 200 https://registry.npmjs.org/gensync/-/gensync-1.0.0-beta.2.tgz 12369ms (cache miss)
2335 timing reifyNode:node_modules/gensync Completed in 12924ms
2336 timing reifyNode:node_modules/eslint-visitor-keys Completed in 12918ms
2337 http fetch GET 200 https://registry.npmjs.org/@webassemblyjs/wast-printer/-/wast-printer-1.12.1.tgz 12252ms (cache miss)
2338 timing reifyNode:node_modules/@webassemblyjs/wast-printer Completed in 12910ms
2339 http fetch GET 200 https://registry.npmjs.org/@webassemblyjs/wasm-gen/-/wasm-gen-1.12.1.tgz 12252ms (cache miss)
2340 http fetch GET 200 https://registry.npmjs.org/@webassemblyjs/floating-point-hex-parser/-/floating-point-hex-parser-1.11.6.tgz 12248ms (cache miss)
2341 timing reifyNode:node_modules/@webassemblyjs/floating-point-hex-parser Completed in 12909ms
2342 http fetch GET 200 https://registry.npmjs.org/string-width/-/string-width-5.1.2.tgz 12163ms (cache miss)
2343 timing reifyNode:node_modules/widest-line/node_modules/string-width Completed in 12973ms
2344 http fetch GET 200 https://registry.npmjs.org/string-width/-/string-width-5.1.2.tgz 12166ms (cache miss)
2345 timing reifyNode:node_modules/wrap-ansi/node_modules/string-width Completed in 12974ms
2346 http fetch GET 200 https://registry.npmjs.org/@webassemblyjs/helper-wasm-section/-/helper-wasm-section-1.12.1.tgz 12252ms (cache miss)
2347 http fetch GET 200 https://registry.npmjs.org/@types/babel__generator/-/babel__generator-7.6.8.tgz 12234ms (cache miss)
2348 timing reifyNode:node_modules/@types/babel__generator Completed in 12910ms
2349 http fetch GET 200 https://registry.npmjs.org/ansi-regex/-/ansi-regex-6.0.1.tgz 12164ms (cache miss)
2350 timing reifyNode:node_modules/wrap-ansi/node_modules/ansi-regex Completed in 12975ms
2351 http fetch GET 200 https://registry.npmjs.org/ansi-regex/-/ansi-regex-6.0.1.tgz 12163ms (cache miss)
2352 timing reifyNode:node_modules/widest-line/node_modules/ansi-regex Completed in 12974ms
2353 http fetch GET 200 https://registry.npmjs.org/@babel/plugin-syntax-typescript/-/plugin-syntax-typescript-7.24.1.tgz 12192ms (cache miss)
2354 timing reifyNode:node_modules/@babel/plugin-syntax-typescript Completed in 12907ms
2355 http fetch GET 200 https://registry.npmjs.org/@jest/source-map/-/source-map-29.6.3.tgz 12221ms (cache miss)
2356 timing reifyNode:node_modules/@jest/source-map Completed in 12913ms
2357 http fetch GET 200 https://registry.npmjs.org/@jest/globals/-/globals-29.7.0.tgz 12225ms (cache miss)
2358 timing reifyNode:node_modules/@jest/globals Completed in 12918ms
2359 http fetch GET 200 https://registry.npmjs.org/pg-types/-/pg-types-2.2.0.tgz 12538ms (cache miss)
2360 timing reifyNode:node_modules/pg-types Completed in 12966ms
2361 http fetch GET 200 https://registry.npmjs.org/minipass/-/minipass-3.3.4.tgz 12487ms (cache miss)
2362 timing reifyNode:node_modules/minipass Completed in 12961ms
2363 http fetch GET 200 https://registry.npmjs.org/is-symbol/-/is-symbol-1.0.4.tgz 12437ms (cache miss)
2364 timing reifyNode:node_modules/is-symbol Completed in 12956ms
2365 http fetch GET 200 https://registry.npmjs.org/jest-runner/-/jest-runner-29.7.0.tgz 12456ms (cache miss)
2366 timing reifyNode:node_modules/jest-runner Completed in 12960ms
2367 timing reifyNode:node_modules/schema-utils/node_modules/json-schema-traverse Completed in 12984ms
2368 http fetch GET 200 https://registry.npmjs.org/minimatch/-/minimatch-5.1.6.tgz 12133ms (cache miss)
2369 timing reifyNode:node_modules/node-gyp/node_modules/cacache/node_modules/minimatch Completed in 12973ms
2370 timing reifyNode:node_modules/fast-json-stringify/node_modules/json-schema-traverse Completed in 12956ms
2371 timing reifyNode:node_modules/ajv-formats/node_modules/json-schema-traverse Completed in 12945ms
2372 timing reifyNode:node_modules/@fastify/ajv-compiler/node_modules/json-schema-traverse Completed in 12937ms
2373 http fetch GET 200 https://registry.npmjs.org/chalk/-/chalk-2.4.2.tgz 11693ms (cache miss)
2374 timing reifyNode:node_modules/@babel/highlight/node_modules/chalk Completed in 12935ms
2375 http fetch GET 200 https://registry.npmjs.org/json-schema-traverse/-/json-schema-traverse-1.0.0.tgz 12153ms (cache miss)
2376 timing reifyNode:node_modules/toposort-class Completed in 13003ms
2377 http fetch GET 200 https://registry.npmjs.org/uc.micro/-/uc.micro-1.0.6.tgz 12664ms (cache miss)
2378 http fetch GET 200 https://registry.npmjs.org/rc/-/rc-1.2.8.tgz 12593ms (cache miss)
2379 timing reifyNode:node_modules/rc Completed in 12992ms
2380 http fetch GET 200 https://registry.npmjs.org/safe-regex-test/-/safe-regex-test-1.0.3.tgz 12610ms (cache miss)
2381 timing reifyNode:node_modules/safe-regex-test Completed in 12996ms
2382 http fetch GET 200 https://registry.npmjs.org/semver-utils/-/semver-utils-1.1.4.tgz 12613ms (cache miss)
2383 timing reifyNode:node_modules/semver-utils Completed in 12996ms
2384 http fetch GET 200 https://registry.npmjs.org/http-cache-semantics/-/http-cache-semantics-4.1.1.tgz 12429ms (cache miss)
2385 timing reifyNode:node_modules/http-cache-semantics Completed in 12970ms
2386 http fetch GET 200 https://registry.npmjs.org/has-property-descriptors/-/has-property-descriptors-1.0.2.tgz 12426ms (cache miss)
2387 timing reifyNode:node_modules/has-property-descriptors Completed in 12970ms
2388 http fetch GET 200 https://registry.npmjs.org/pug-runtime/-/pug-runtime-3.0.1.tgz 12593ms (cache miss)
2389 timing reifyNode:node_modules/pug-runtime Completed in 12995ms
2390 http fetch GET 200 https://registry.npmjs.org/for-each/-/for-each-0.3.3.tgz 12411ms (cache miss)
2391 timing reifyNode:node_modules/for-each Completed in 12969ms
2392 http fetch GET 200 https://registry.npmjs.org/flat-cache/-/flat-cache-3.2.0.tgz 12410ms (cache miss)
2393 timing reifyNode:node_modules/flat-cache Completed in 12969ms
2394 http fetch GET 200 https://registry.npmjs.org/test-exclude/-/test-exclude-6.0.0.tgz 12656ms (cache miss)
2395 timing reifyNode:node_modules/test-exclude Completed in 13011ms
2396 http fetch GET 200 https://registry.npmjs.org/dateformat/-/dateformat-4.6.3.tgz 12367ms (cache miss)
2397 timing reifyNode:node_modules/dateformat Completed in 12967ms
2398 http fetch GET 200 https://registry.npmjs.org/define-properties/-/define-properties-1.2.1.tgz 12373ms (cache miss)
2399 timing reifyNode:node_modules/define-properties Completed in 12967ms
2400 http fetch GET 200 https://registry.npmjs.org/color-convert/-/color-convert-2.0.1.tgz 12355ms (cache miss)
2401 timing reifyNode:node_modules/color-convert Completed in 12966ms
2402 http fetch GET 200 https://registry.npmjs.org/cacheable-lookup/-/cacheable-lookup-6.1.0.tgz 12346ms (cache miss)
2403 timing reifyNode:node_modules/cacheable-lookup Completed in 12967ms
2404 http fetch GET 200 https://registry.npmjs.org/fast-querystring/-/fast-querystring-1.0.0.tgz 12409ms (cache miss)
2405 timing reifyNode:node_modules/fast-querystring Completed in 12977ms
2406 http fetch GET 200 https://registry.npmjs.org/acorn-jsx/-/acorn-jsx-5.3.2.tgz 12322ms (cache miss)
2407 timing reifyNode:node_modules/acorn-jsx Completed in 12968ms
2408 http fetch GET 200 https://registry.npmjs.org/@types/responselike/-/responselike-1.0.0.tgz 12303ms (cache miss)
2409 timing reifyNode:node_modules/@types/responselike Completed in 12967ms
2410 http fetch GET 200 https://registry.npmjs.org/@types/istanbul-lib-report/-/istanbul-lib-report-3.0.3.tgz 12296ms (cache miss)
2411 timing reifyNode:node_modules/@types/istanbul-lib-report Completed in 12967ms
2412 http fetch GET 200 https://registry.npmjs.org/@types/eslint-scope/-/eslint-scope-3.7.4.tgz 12294ms (cache miss)
2413 timing reifyNode:node_modules/@types/eslint-scope Completed in 12967ms
2414 http fetch GET 200 https://registry.npmjs.org/supports-color/-/supports-color-8.1.1.tgz 12215ms (cache miss)
2415 timing reifyNode:node_modules/terser-webpack-plugin/node_modules/supports-color Completed in 13026ms
2416 http fetch GET 200 https://registry.npmjs.org/interpret/-/interpret-3.1.1.tgz 12220ms (cache miss)
2417 timing reifyNode:node_modules/webpack-cli/node_modules/interpret Completed in 13031ms
2418 http fetch GET 200 https://registry.npmjs.org/@eslint/js/-/js-9.1.1.tgz 12258ms (cache miss)
2419 http fetch GET 200 https://registry.npmjs.org/@babel/helper-simple-access/-/helper-simple-access-7.22.5.tgz 12241ms (cache miss)
2420 timing reifyNode:node_modules/@babel/helper-simple-access Completed in 12963ms
2421 http fetch GET 200 https://registry.npmjs.org/@babel/helper-plugin-utils/-/helper-plugin-utils-7.24.0.tgz 12240ms (cache miss)
2422 timing reifyNode:node_modules/@babel/helper-plugin-utils Completed in 12963ms
2423 http fetch GET 200 https://registry.npmjs.org/@babel/helper-split-export-declaration/-/helper-split-export-declaration-7.22.6.tgz 12243ms (cache miss)
2424 timing reifyNode:node_modules/@babel/helper-split-export-declaration Completed in 12964ms
2425 http fetch GET 200 https://registry.npmjs.org/@tootallnate/once/-/once-2.0.0.tgz 12295ms (cache miss)
2426 http fetch GET 200 https://registry.npmjs.org/@lukeed/ms/-/ms-2.0.2.tgz 12282ms (cache miss)
2427 timing reifyNode:node_modules/@lukeed/ms Completed in 12971ms
2428 http fetch GET 200 https://registry.npmjs.org/@fastify/deepmerge/-/deepmerge-1.3.0.tgz 12263ms (cache miss)
2429 timing reifyNode:node_modules/@fastify/deepmerge Completed in 12968ms
2430 http fetch GET 200 https://registry.npmjs.org/@types/http-cache-semantics/-/http-cache-semantics-4.0.1.tgz 12302ms (cache miss)
2431 timing reifyNode:node_modules/@types/http-cache-semantics Completed in 12974ms
2432 http fetch GET 200 https://registry.npmjs.org/@npmcli/node-gyp/-/node-gyp-3.0.0.tgz 12286ms (cache miss)
2433 timing reifyNode:node_modules/@npmcli/node-gyp Completed in 12972ms
2434 http fetch GET 200 https://registry.npmjs.org/@fastify/flash/-/flash-5.1.0.tgz 12266ms (cache miss)
2435 http fetch GET 200 https://registry.npmjs.org/@types/graceful-fs/-/graceful-fs-4.1.9.tgz 12304ms (cache miss)
2436 timing reifyNode:node_modules/@types/graceful-fs Completed in 12976ms
2437 http fetch GET 200 https://registry.npmjs.org/@types/keyv/-/keyv-3.1.4.tgz 12311ms (cache miss)
2438 timing reifyNode:node_modules/@types/keyv Completed in 12977ms
2439 http fetch GET 200 https://registry.npmjs.org/@babel/helper-hoist-variables/-/helper-hoist-variables-7.22.5.tgz 12247ms (cache miss)
2440 timing reifyNode:node_modules/@babel/helper-hoist-variables Completed in 12970ms
2441 http fetch GET 200 https://registry.npmjs.org/@babel/helper-environment-visitor/-/helper-environment-visitor-7.22.20.tgz 12247ms (cache miss)
2442 timing reifyNode:node_modules/@babel/helper-environment-visitor Completed in 12971ms
2443 http fetch GET 200 https://registry.npmjs.org/prelude-ls/-/prelude-ls-1.2.1.tgz 12613ms (cache miss)
2444 timing reifyNode:node_modules/prelude-ls Completed in 13027ms
2445 http fetch GET 200 https://registry.npmjs.org/postcss-value-parser/-/postcss-value-parser-4.2.0.tgz 12611ms (cache miss)
2446 timing reifyNode:node_modules/postcss-value-parser Completed in 13026ms
2447 http fetch GET 200 https://registry.npmjs.org/negotiator/-/negotiator-0.6.3.tgz 12557ms (cache miss)
2448 timing reifyNode:node_modules/negotiator Completed in 13020ms
2449 http fetch GET 200 https://registry.npmjs.org/js-cookie/-/js-cookie-3.0.5.tgz 12517ms (cache miss)
2450 timing reifyNode:node_modules/js-cookie Completed in 13019ms
2451 http fetch GET 200 https://registry.npmjs.org/is-callable/-/is-callable-1.2.7.tgz 12486ms (cache miss)
2452 timing reifyNode:node_modules/is-callable Completed in 13015ms
2453 http fetch GET 200 https://registry.npmjs.org/typed-array-length/-/typed-array-length-1.0.6.tgz 12711ms (cache miss)
2454 timing reifyNode:node_modules/typed-array-length Completed in 13053ms
2455 http fetch GET 200 https://registry.npmjs.org/tuf-js/-/tuf-js-1.1.7.tgz 12708ms (cache miss)
2456 timing reifyNode:node_modules/spawn-please Completed in 13052ms
2457 http fetch GET 200 https://registry.npmjs.org/typed-array-byte-offset/-/typed-array-byte-offset-1.0.2.tgz 12720ms (cache miss)
2458 timing reifyNode:node_modules/typed-array-byte-offset Completed in 13062ms
2459 http fetch GET 200 https://registry.npmjs.org/ssri/-/ssri-10.0.5.tgz 12691ms (cache miss)
2460 timing reifyNode:node_modules/ssri Completed in 13057ms
2461 http fetch GET 200 https://registry.npmjs.org/get-symbol-description/-/get-symbol-description-1.0.2.tgz 12472ms (cache miss)
2462 timing reifyNode:node_modules/get-symbol-description Completed in 13025ms
2463 http fetch GET 200 https://registry.npmjs.org/safe-buffer/-/safe-buffer-5.2.1.tgz 12668ms (cache miss)
2464 timing reifyNode:node_modules/safe-buffer Completed in 13054ms
2465 http fetch GET 200 https://registry.npmjs.org/has-proto/-/has-proto-1.0.3.tgz 12482ms (cache miss)
2466 timing reifyNode:node_modules/has-proto Completed in 13027ms
2467 http fetch GET 200 https://registry.npmjs.org/fastify-reverse-routes/-/fastify-reverse-routes-3.0.0.tgz 12460ms (cache miss)
2468 timing reifyNode:node_modules/fastify-reverse-routes Completed in 13024ms
2469 http fetch GET 200 https://registry.npmjs.org/es-set-tostringtag/-/es-set-tostringtag-2.0.3.tgz 12438ms (cache miss)
2470 timing reifyNode:node_modules/es-set-tostringtag Completed in 13020ms
2471 timing reifyNode:node_modules/es-object-atoms Completed in 13021ms
2472 http fetch GET 200 https://registry.npmjs.org/safer-buffer/-/safer-buffer-2.1.2.tgz 12673ms (cache miss)
2473 timing reifyNode:node_modules/safer-buffer Completed in 13059ms
2474 http fetch GET 200 https://registry.npmjs.org/pug-lexer/-/pug-lexer-5.0.1.tgz 12653ms (cache miss)
2475 timing reifyNode:node_modules/pug-lexer Completed in 13056ms
2476 http fetch GET 200 https://registry.npmjs.org/data-view-byte-offset/-/data-view-byte-offset-1.0.0.tgz 12423ms (cache miss)
2477 timing reifyNode:node_modules/data-view-byte-offset Completed in 13024ms
2478 http fetch GET 200 https://registry.npmjs.org/data-view-buffer/-/data-view-buffer-1.0.1.tgz 12422ms (cache miss)
2479 timing reifyNode:node_modules/data-view-buffer Completed in 13023ms
2480 http fetch GET 200 https://registry.npmjs.org/d/-/d-1.0.2.tgz 12423ms (cache miss)
2481 timing reifyNode:node_modules/d Completed in 13024ms
2482 http fetch GET 200 https://registry.npmjs.org/globby/-/globby-11.1.0.tgz 12485ms (cache miss)
2483 timing reifyNode:node_modules/globby Completed in 13037ms
2484 http fetch GET 200 https://registry.npmjs.org/fastest-levenshtein/-/fastest-levenshtein-1.0.16.tgz 12468ms (cache miss)
2485 http fetch GET 200 https://registry.npmjs.org/babel-plugin-istanbul/-/babel-plugin-istanbul-6.1.1.tgz 12394ms (cache miss)
2486 timing reifyNode:node_modules/babel-plugin-istanbul Completed in 13025ms
2487 http fetch GET 200 https://registry.npmjs.org/bser/-/bser-2.1.1.tgz 12402ms (cache miss)
2488 timing reifyNode:node_modules/bser Completed in 13027ms
2489 http fetch GET 200 https://registry.npmjs.org/@types/json-schema/-/json-schema-7.0.11.tgz 12357ms (cache miss)
2490 timing reifyNode:node_modules/@types/json-schema Completed in 13024ms
2491 timing reifyNode:node_modules/@webassemblyjs/helper-wasm-section Completed in 13025ms
2492 http fetch GET 200 https://registry.npmjs.org/chownr/-/chownr-1.1.4.tgz 12263ms (cache miss)
2493 timing reifyNode:node_modules/tar-fs/node_modules/chownr Completed in 13082ms
2494 http fetch GET 200 https://registry.npmjs.org/@isaacs/cliui/-/cliui-8.0.2.tgz 12321ms (cache miss)
2495 timing reifyNode:node_modules/@isaacs/cliui Completed in 13021ms
2496 http fetch GET 200 https://registry.npmjs.org/@npmcli/move-file/-/move-file-2.0.1.tgz 12337ms (cache miss)
2497 warn deprecated @npmcli/move-file@2.0.1: This functionality has been moved to @npmcli/fs
2498 timing reifyNode:node_modules/@npmcli/move-file Completed in 13025ms
2499 timing reifyNode:node_modules/@eslint/js Completed in 13022ms
2500 http fetch GET 200 https://registry.npmjs.org/@types/debug/-/debug-4.1.12.tgz 12356ms (cache miss)
2501 timing reifyNode:node_modules/@types/debug Completed in 13030ms
2502 http fetch GET 200 https://registry.npmjs.org/escape-string-regexp/-/escape-string-regexp-2.0.0.tgz 12269ms (cache miss)
2503 timing reifyNode:node_modules/stack-utils/node_modules/escape-string-regexp Completed in 13084ms
2504 http fetch GET 200 https://registry.npmjs.org/@jest/test-sequencer/-/test-sequencer-29.7.0.tgz 12344ms (cache miss)
2505 timing reifyNode:node_modules/@jest/test-sequencer Completed in 13036ms
2506 http fetch GET 200 https://registry.npmjs.org/@babel/plugin-syntax-jsx/-/plugin-syntax-jsx-7.24.1.tgz 12315ms (cache miss)
2507 timing reifyNode:node_modules/@babel/plugin-syntax-jsx Completed in 13033ms
2508 http fetch GET 200 https://registry.npmjs.org/@jest/expect/-/expect-29.7.0.tgz 12344ms (cache miss)
2509 timing reifyNode:node_modules/@jest/expect Completed in 13038ms
2510 http fetch GET 200 https://registry.npmjs.org/object.fromentries/-/object.fromentries-2.0.8.tgz 12640ms (cache miss)
2511 timing reifyNode:node_modules/object.fromentries Completed in 13082ms
2512 http fetch GET 200 https://registry.npmjs.org/micromatch/-/micromatch-4.0.5.tgz 12602ms (cache miss)
2513 timing reifyNode:node_modules/micromatch Completed in 13080ms
2514 timing reifyNode:node_modules/jsonparse Completed in 13078ms
2515 http fetch GET 200 https://registry.npmjs.org/istanbul-lib-source-maps/-/istanbul-lib-source-maps-4.0.1.tgz 12565ms (cache miss)
2516 timing reifyNode:node_modules/istanbul-lib-source-maps Completed in 13075ms
2517 http fetch GET 200 https://registry.npmjs.org/is-negative-zero/-/is-negative-zero-2.0.3.tgz 12549ms (cache miss)
2518 timing reifyNode:node_modules/is-negative-zero Completed in 13075ms
2519 timing reifyNode:node_modules/tuf-js Completed in 13112ms
2520 http fetch GET 200 https://registry.npmjs.org/ssri/-/ssri-8.0.1.tgz 12289ms (cache miss)
2521 timing reifyNode:node_modules/sqlite3/node_modules/ssri Completed in 13106ms
2522 http fetch GET 200 https://registry.npmjs.org/minipass-fetch/-/minipass-fetch-2.1.2.tgz 12254ms (cache miss)
2523 timing reifyNode:node_modules/node-gyp/node_modules/minipass-fetch Completed in 13092ms
2524 http fetch GET 200 https://registry.npmjs.org/tar-stream/-/tar-stream-2.2.0.tgz 12763ms (cache miss)
2525 timing reifyNode:node_modules/tar-stream Completed in 13119ms
2526 http fetch GET 200 https://registry.npmjs.org/retry-as-promised/-/retry-as-promised-7.0.4.tgz 12725ms (cache miss)
2527 timing reifyNode:node_modules/retry-as-promised Completed in 13113ms
2528 http fetch GET 200 https://registry.npmjs.org/rc-config-loader/-/rc-config-loader-4.1.3.tgz 12714ms (cache miss)
2529 timing reifyNode:node_modules/rc-config-loader Completed in 13113ms
2530 http fetch GET 200 https://registry.npmjs.org/set-function-name/-/set-function-name-2.0.2.tgz 12745ms (cache miss)
2531 timing reifyNode:node_modules/set-function-name Completed in 13120ms
2532 http fetch GET 200 https://registry.npmjs.org/cookie/-/cookie-0.6.0.tgz 12479ms (cache miss)
2533 timing reifyNode:node_modules/cookie Completed in 13083ms
2534 http fetch GET 200 https://registry.npmjs.org/esutils/-/esutils-2.0.3.tgz 12513ms (cache miss)
2535 timing reifyNode:node_modules/esutils Completed in 13090ms
2536 http fetch GET 200 https://registry.npmjs.org/file-entry-cache/-/file-entry-cache-6.0.1.tgz 12531ms (cache miss)
2537 timing reifyNode:node_modules/file-entry-cache Completed in 13096ms
2538 http fetch GET 200 https://registry.npmjs.org/es6-weak-map/-/es6-weak-map-2.0.3.tgz 12510ms (cache miss)
2539 timing reifyNode:node_modules/es6-weak-map Completed in 13090ms
2540 http fetch GET 200 https://registry.npmjs.org/array-buffer-byte-length/-/array-buffer-byte-length-1.0.1.tgz 12443ms (cache miss)
2541 timing reifyNode:node_modules/array-buffer-byte-length Completed in 13084ms
2542 timing reifyNode:node_modules/@webassemblyjs/wasm-gen Completed in 13083ms
2543 http fetch GET 200 https://registry.npmjs.org/@humanwhocodes/module-importer/-/module-importer-1.0.1.tgz 12377ms (cache miss)
2544 http fetch GET 200 https://registry.npmjs.org/@types/estree/-/estree-1.0.5.tgz 12410ms (cache miss)
2545 timing reifyNode:node_modules/@types/estree Completed in 13083ms
2546 http fetch GET 200 https://registry.npmjs.org/@types/cacheable-request/-/cacheable-request-6.0.2.tgz 12409ms (cache miss)
2547 timing reifyNode:node_modules/@types/cacheable-request Completed in 13084ms
2548 http fetch GET 200 https://registry.npmjs.org/@szmarczak/http-timer/-/http-timer-5.0.1.tgz 12407ms (cache miss)
2549 timing reifyNode:node_modules/@szmarczak/http-timer Completed in 13083ms
2550 http fetch GET 200 https://registry.npmjs.org/cookie/-/cookie-0.4.2.tgz 12341ms (cache miss)
2551 timing reifyNode:node_modules/youch/node_modules/cookie Completed in 13152ms
2552 http fetch GET 200 https://registry.npmjs.org/@jridgewell/set-array/-/set-array-1.2.1.tgz 12395ms (cache miss)
2553 timing reifyNode:node_modules/@jridgewell/set-array Completed in 13086ms
2554 http fetch GET 200 https://registry.npmjs.org/@jest/console/-/console-29.7.0.tgz 12390ms (cache miss)
2555 timing reifyNode:node_modules/@jest/console Completed in 13086ms
2556 http fetch GET 200 https://registry.npmjs.org/@fastify/accept-negotiator/-/accept-negotiator-1.0.0.tgz 12380ms (cache miss)
2557 timing reifyNode:node_modules/@fastify/accept-negotiator Completed in 13085ms
2558 http fetch GET 200 https://registry.npmjs.org/@aashutoshrathi/word-wrap/-/word-wrap-1.2.6.tgz 12349ms (cache miss)
2559 timing reifyNode:node_modules/@aashutoshrathi/word-wrap Completed in 13082ms
2560 http fetch GET 200 https://registry.npmjs.org/@babel/helper-validator-option/-/helper-validator-option-7.23.5.tgz 12365ms (cache miss)
2561 http fetch GET 200 https://registry.npmjs.org/object.groupby/-/object.groupby-1.0.3.tgz 12692ms (cache miss)
2562 timing reifyNode:node_modules/object.groupby Completed in 13135ms
2563 http fetch GET 200 https://registry.npmjs.org/objection-unique/-/objection-unique-1.2.2.tgz 12695ms (cache miss)
2564 timing reifyNode:node_modules/objection-unique Completed in 13135ms
2565 http fetch GET 200 https://registry.npmjs.org/istanbul-lib-report/-/istanbul-lib-report-3.0.1.tgz 12619ms (cache miss)
2566 timing reifyNode:node_modules/istanbul-lib-report Completed in 13128ms
2567 http fetch GET 200 https://registry.npmjs.org/istanbul-lib-coverage/-/istanbul-lib-coverage-3.2.2.tgz 12618ms (cache miss)
2568 timing reifyNode:node_modules/istanbul-lib-coverage Completed in 13128ms
2569 http fetch GET 200 https://registry.npmjs.org/is-regex/-/is-regex-1.1.4.tgz 12609ms (cache miss)
2570 timing reifyNode:node_modules/is-regex Completed in 13128ms
2571 http fetch GET 200 https://registry.npmjs.org/jest-each/-/jest-each-29.7.0.tgz 12624ms (cache miss)
2572 timing reifyNode:node_modules/jest-each Completed in 13132ms
2573 http fetch GET 200 https://registry.npmjs.org/inflection/-/inflection-1.13.4.tgz 12595ms (cache miss)
2574 timing reifyNode:node_modules/inflection Completed in 13127ms
2575 http fetch GET 200 https://registry.npmjs.org/is-array-buffer/-/is-array-buffer-3.0.4.tgz 12598ms (cache miss)
2576 timing reifyNode:node_modules/is-array-buffer Completed in 13128ms
2577 http fetch GET 200 https://registry.npmjs.org/@babel%2fhelpers 10466ms (cache miss)
2578 timing metavuln:packument:@babel/helpers Completed in 10468ms
2579 timing metavuln:load:security-advisory:@babel/helpers:1104001 Completed in 4ms
2580 http fetch GET 200 https://registry.npmjs.org/fastify-plugin/-/fastify-plugin-4.2.0.tgz 11884ms (cache miss)
2581 timing reifyNode:node_modules/objection/node_modules/json-schema-traverse Completed in 13159ms
2582 http fetch GET 200 https://registry.npmjs.org/ssri/-/ssri-9.0.1.tgz 12321ms (cache miss)
2583 timing reifyNode:node_modules/node-gyp/node_modules/ssri Completed in 13157ms
2584 timing reifyNode:node_modules/uc.micro Completed in 13184ms
2585 http fetch GET 200 https://registry.npmjs.org/emittery/-/emittery-0.13.1.tgz 12552ms (cache miss)
2586 timing reifyNode:node_modules/emittery Completed in 13142ms
2587 http fetch GET 200 https://registry.npmjs.org/es-define-property/-/es-define-property-1.0.0.tgz 12557ms (cache miss)
2588 timing reifyNode:node_modules/es-define-property Completed in 13144ms
2589 http fetch GET 200 https://registry.npmjs.org/deepmerge/-/deepmerge-4.3.1.tgz 12546ms (cache miss)
2590 timing reifyNode:node_modules/deepmerge Completed in 13143ms
2591 http fetch GET 200 https://registry.npmjs.org/ignore/-/ignore-5.2.0.tgz 12622ms (cache miss)
2592 timing reifyNode:node_modules/ignore Completed in 13157ms
2593 timing reifyNode:node_modules/fastest-levenshtein Completed in 13153ms
2594 http fetch GET 200 https://registry.npmjs.org/are-we-there-yet/-/are-we-there-yet-3.0.1.tgz 12501ms (cache miss)
2595 timing reifyNode:node_modules/are-we-there-yet Completed in 13143ms
2596 http fetch GET 200 https://registry.npmjs.org/@webassemblyjs/wasm-edit/-/wasm-edit-1.12.1.tgz 12484ms (cache miss)
2597 timing reifyNode:node_modules/@webassemblyjs/wasm-edit Completed in 13142ms
2598 http fetch GET 200 https://registry.npmjs.org/ansi-styles/-/ansi-styles-6.1.0.tgz 12394ms (cache miss)
2599 timing reifyNode:node_modules/wrap-ansi/node_modules/ansi-styles Completed in 13205ms
2600 timing reifyNode:node_modules/@tootallnate/once Completed in 13141ms
2601 http fetch GET 200 https://registry.npmjs.org/@npmcli/promise-spawn/-/promise-spawn-6.0.2.tgz 12455ms (cache miss)
2602 timing reifyNode:node_modules/@npmcli/promise-spawn Completed in 13143ms
2603 timing reifyNode:node_modules/@fastify/flash Completed in 13140ms
2604 http fetch GET 200 https://registry.npmjs.org/@istanbuljs/load-nyc-config/-/load-nyc-config-1.1.0.tgz 12444ms (cache miss)
2605 timing reifyNode:node_modules/@istanbuljs/load-nyc-config Completed in 13144ms
2606 http fetch GET 200 https://registry.npmjs.org/prebuild-install/-/prebuild-install-7.1.2.tgz 12782ms (cache miss)
2607 timing reifyNode:node_modules/prebuild-install Completed in 13196ms
2608 http fetch GET 200 https://registry.npmjs.org/@npmcli/installed-package-contents/-/installed-package-contents-2.0.2.tgz 12463ms (cache miss)
2609 timing reifyNode:node_modules/@npmcli/installed-package-contents Completed in 13150ms
2610 http fetch GET 200 https://registry.npmjs.org/optionator/-/optionator-0.9.3.tgz 12752ms (cache miss)
2611 timing reifyNode:node_modules/optionator Completed in 13191ms
2612 http fetch GET 200 https://registry.npmjs.org/jest-mock/-/jest-mock-29.7.0.tgz 12680ms (cache miss)
2613 timing reifyNode:node_modules/jest-mock Completed in 13186ms
2614 http fetch GET 200 https://registry.npmjs.org/v8-to-istanbul/-/v8-to-istanbul-9.2.0.tgz 12888ms (cache miss)
2615 timing reifyNode:node_modules/v8-to-istanbul Completed in 13221ms
2616 http fetch GET 200 https://registry.npmjs.org/glob/-/glob-8.1.0.tgz 12357ms (cache miss)
2617 timing reifyNode:node_modules/node-gyp/node_modules/cacache/node_modules/glob Completed in 13196ms
2618 http fetch GET 200 https://registry.npmjs.org/emoji-regex/-/emoji-regex-9.2.2.tgz 12318ms (cache miss)
2619 http fetch GET 200 https://registry.npmjs.org/retry/-/retry-0.12.0.tgz 12826ms (cache miss)
2620 http fetch GET 200 https://registry.npmjs.org/side-channel/-/side-channel-1.0.6.tgz 12843ms (cache miss)
2621 timing reifyNode:node_modules/side-channel Completed in 13216ms
2622 http fetch GET 200 https://registry.npmjs.org/fastq/-/fastq-1.17.1.tgz 12622ms (cache miss)
2623 http fetch GET 200 https://registry.npmjs.org/fast-safe-stringify/-/fast-safe-stringify-2.1.1.tgz 12618ms (cache miss)
2624 timing reifyNode:node_modules/fast-safe-stringify Completed in 13186ms
2625 http fetch GET 200 https://registry.npmjs.org/diff-sequences/-/diff-sequences-29.6.3.tgz 12589ms (cache miss)
2626 timing reifyNode:node_modules/diff-sequences Completed in 13182ms
2627 http fetch GET 200 https://registry.npmjs.org/cross-spawn/-/cross-spawn-7.0.3.tgz 12579ms (cache miss)
2628 timing reifyNode:node_modules/cross-spawn Completed in 13181ms
2629 http fetch GET 200 https://registry.npmjs.org/https-proxy-agent/-/https-proxy-agent-5.0.1.tgz 12656ms (cache miss)
2630 timing reifyNode:node_modules/https-proxy-agent Completed in 13196ms
2631 http fetch GET 200 https://registry.npmjs.org/graceful-fs/-/graceful-fs-4.2.11.tgz 12426ms (cache miss)
2632 timing reifyNode:node_modules/webpack/node_modules/graceful-fs Completed in 13238ms
2633 http fetch GET 200 https://registry.npmjs.org/@jest/environment/-/environment-29.7.0.tgz 12485ms (cache miss)
2634 timing reifyNode:node_modules/@jest/environment Completed in 13181ms
2635 http fetch GET 200 https://registry.npmjs.org/@jest/fake-timers/-/fake-timers-29.7.0.tgz 12487ms (cache miss)
2636 timing reifyNode:node_modules/@jest/fake-timers Completed in 13181ms
2637 http fetch GET 200 https://registry.npmjs.org/estraverse/-/estraverse-4.3.0.tgz 12435ms (cache miss)
2638 timing reifyNode:node_modules/webpack/node_modules/estraverse Completed in 13247ms
2639 http fetch GET 200 https://registry.npmjs.org/ip 10537ms (cache miss)
2640 timing metavuln:packument:ip Completed in 10538ms
2641 timing metavuln:load:security-advisory:ip:1101851 Completed in 0ms
2642 timing metavuln:load:security-advisory:ip:1114832 Completed in 0ms
2643 http fetch GET 200 https://registry.npmjs.org/@istanbuljs/schema/-/schema-0.1.3.tgz 12483ms (cache miss)
2644 timing reifyNode:node_modules/@istanbuljs/schema Completed in 13184ms
2645 timing reifyNode:node_modules/@babel/helper-validator-option Completed in 13181ms
2646 http fetch GET 200 https://registry.npmjs.org/minipass-fetch/-/minipass-fetch-3.0.4.tgz 12752ms (cache miss)
2647 timing reifyNode:node_modules/minipass-fetch Completed in 13226ms
2648 http fetch GET 200 https://registry.npmjs.org/minipass-fetch/-/minipass-fetch-1.4.1.tgz 13715ms (cache miss)
2649 timing reifyNode:node_modules/sqlite3/node_modules/minipass-fetch Completed in 14532ms
2650 http fetch GET 200 https://registry.npmjs.org/fastify-plugin/-/fastify-plugin-2.3.4.tgz 13717ms (cache miss)
2651 timing reifyNode:node_modules/boxen/node_modules/emoji-regex Completed in 14546ms
2652 http fetch GET 200 https://registry.npmjs.org/es-errors/-/es-errors-1.3.0.tgz 13969ms (cache miss)
2653 http fetch GET 200 https://registry.npmjs.org/editorconfig/-/editorconfig-1.0.4.tgz 13966ms (cache miss)
2654 timing reifyNode:node_modules/editorconfig Completed in 14557ms
2655 http fetch GET 200 https://registry.npmjs.org/function-bind/-/function-bind-1.1.2.tgz 14010ms (cache miss)
2656 timing reifyNode:node_modules/function-bind Completed in 14567ms
2657 http fetch GET 200 https://registry.npmjs.org/call-bind/-/call-bind-1.0.7.tgz 13937ms (cache miss)
2658 timing reifyNode:node_modules/call-bind Completed in 14556ms
2659 http fetch GET 200 https://registry.npmjs.org/available-typed-arrays/-/available-typed-arrays-1.0.7.tgz 13924ms (cache miss)
2660 timing reifyNode:node_modules/available-typed-arrays Completed in 14555ms
2661 http fetch GET 200 https://registry.npmjs.org/asap/-/asap-2.0.6.tgz 13922ms (cache miss)
2662 timing reifyNode:node_modules/asap Completed in 14555ms
2663 http fetch GET 200 https://registry.npmjs.org/agent-base/-/agent-base-6.0.2.tgz 13909ms (cache miss)
2664 timing reifyNode:node_modules/agent-base Completed in 14554ms
2665 timing reifyNode:node_modules/@humanwhocodes/module-importer Completed in 14548ms
2666 http fetch GET 200 https://registry.npmjs.org/@humanwhocodes/object-schema/-/object-schema-2.0.3.tgz 13850ms (cache miss)
2667 timing reifyNode:node_modules/@humanwhocodes/object-schema Completed in 14551ms
2668 http fetch GET 200 https://registry.npmjs.org/braces 11913ms (cache miss)
2669 timing metavuln:packument:braces Completed in 11913ms
2670 timing metavuln:load:security-advisory:braces:1098094 Completed in 0ms
2671 http fetch GET 200 https://registry.npmjs.org/dottie 11917ms (cache miss)
2672 timing metavuln:packument:dottie Completed in 11917ms
2673 timing metavuln:load:security-advisory:dottie:1113536 Completed in 1ms
2674 http fetch GET 200 https://registry.npmjs.org/@tootallnate%2fonce 11921ms (cache miss)
2675 timing metavuln:packument:@tootallnate/once Completed in 11922ms
2676 timing metavuln:load:security-advisory:@tootallnate/once:1113977 Completed in 0ms
2677 http fetch GET 200 https://registry.npmjs.org/npm-registry-fetch/-/npm-registry-fetch-14.0.5.tgz 14158ms (cache miss)
2678 timing reifyNode:node_modules/npm-registry-fetch Completed in 14604ms
2679 http fetch GET 200 https://registry.npmjs.org/json-schema-ref-resolver/-/json-schema-ref-resolver-1.0.1.tgz 14105ms (cache miss)
2680 http fetch GET 200 https://registry.npmjs.org/jest-runtime/-/jest-runtime-29.7.0.tgz 14094ms (cache miss)
2681 timing reifyNode:node_modules/jest-runtime Completed in 14599ms
2682 http fetch GET 200 https://registry.npmjs.org/watchpack/-/watchpack-2.4.1.tgz 14305ms (cache miss)
2683 timing reifyNode:node_modules/watchpack Completed in 14634ms
2684 http fetch GET 200 https://registry.npmjs.org/glob/-/glob-7.2.3.tgz 13806ms (cache miss)
2685 timing reifyNode:node_modules/sqlite3/node_modules/glob Completed in 14625ms
2686 http fetch GET 200 https://registry.npmjs.org/minipass/-/minipass-5.0.0.tgz 13786ms (cache miss)
2687 timing reifyNode:node_modules/pacote/node_modules/minipass Completed in 14613ms
2688 http fetch GET 200 https://registry.npmjs.org/buffer/-/buffer-6.0.3.tgz 13755ms (cache miss)
2689 timing reifyNode:node_modules/fastify-cli/node_modules/buffer Completed in 14594ms
2690 timing reifyNode:node_modules/fastify-error-page/node_modules/fastify-plugin Completed in 14594ms
2691 http fetch GET 200 https://registry.npmjs.org/semver/-/semver-6.3.1.tgz 13755ms (cache miss)
2692 timing reifyNode:node_modules/eslint-plugin-import/node_modules/semver Completed in 14591ms
2693 timing reifyNode:node_modules/@fastify/static/node_modules/fastify-plugin Completed in 14573ms
2694 http fetch GET 200 https://registry.npmjs.org/globals/-/globals-14.0.0.tgz 13332ms (cache miss)
2695 timing reifyNode:node_modules/@eslint/eslintrc/node_modules/globals Completed in 14573ms
2696 timing reifyNode:node_modules/fastq Completed in 14605ms
2697 http fetch GET 200 https://registry.npmjs.org/secure-json-parse/-/secure-json-parse-2.7.0.tgz 14253ms (cache miss)
2698 http fetch GET 200 https://registry.npmjs.org/close-with-grace/-/close-with-grace-1.1.0.tgz 13987ms (cache miss)
2699 timing reifyNode:node_modules/close-with-grace Completed in 14599ms
2700 http fetch GET 200 https://registry.npmjs.org/constantinople/-/constantinople-4.0.1.tgz 13996ms (cache miss)
2701 timing reifyNode:node_modules/constantinople Completed in 14600ms
2702 http fetch GET 200 https://registry.npmjs.org/fast-content-type-parse/-/fast-content-type-parse-1.1.0.tgz 14043ms (cache miss)
2703 http fetch GET 200 https://registry.npmjs.org/@jridgewell/resolve-uri/-/resolve-uri-3.1.2.tgz 13908ms (cache miss)
2704 timing reifyNode:node_modules/@jridgewell/resolve-uri Completed in 14599ms
2705 http fetch GET 200 https://registry.npmjs.org/@babel/highlight/-/highlight-7.24.2.tgz 13876ms (cache miss)
2706 timing reifyNode:node_modules/@babel/highlight Completed in 14598ms
2707 http fetch GET 200 https://registry.npmjs.org/@babel/helper-function-name/-/helper-function-name-7.23.0.tgz 13872ms (cache miss)
2708 timing reifyNode:node_modules/@babel/helper-function-name Completed in 14595ms
2709 http fetch GET 200 https://registry.npmjs.org/cookie 11963ms (cache miss)
2710 timing metavuln:packument:cookie Completed in 11963ms
2711 timing metavuln:load:security-advisory:cookie:1103907 Completed in 0ms
2712 http fetch GET 200 https://registry.npmjs.org/brace-expansion 11967ms (cache miss)
2713 timing metavuln:packument:brace-expansion Completed in 11967ms
2714 timing metavuln:load:security-advisory:brace-expansion:1105443 Completed in 0ms
2715 timing metavuln:load:security-advisory:brace-expansion:1105444 Completed in 0ms
2716 timing metavuln:load:security-advisory:brace-expansion:1115540 Completed in 0ms
2717 timing metavuln:load:security-advisory:brace-expansion:1115541 Completed in 0ms
2718 http fetch GET 200 https://registry.npmjs.org/pug-code-gen 11963ms (cache miss)
2719 timing metavuln:packument:pug-code-gen Completed in 11963ms
2720 timing metavuln:load:security-advisory:pug-code-gen:1104107 Completed in 0ms
2721 http fetch GET 200 https://registry.npmjs.org/pino-abstract-transport/-/pino-abstract-transport-1.2.0.tgz 14234ms (cache miss)
2722 http fetch GET 200 https://registry.npmjs.org/nanoid/-/nanoid-3.3.7.tgz 14184ms (cache miss)
2723 timing reifyNode:node_modules/json-schema-ref-resolver Completed in 14651ms
2724 http fetch GET 200 https://registry.npmjs.org/jest-validate/-/jest-validate-29.7.0.tgz 14146ms (cache miss)
2725 timing reifyNode:node_modules/jest-validate Completed in 14651ms
2726 http fetch GET 200 https://registry.npmjs.org/which-typed-array/-/which-typed-array-1.1.15.tgz 14358ms (cache miss)
2727 timing reifyNode:node_modules/which-typed-array Completed in 14685ms
2728 http fetch GET 200 https://registry.npmjs.org/fastify-plugin/-/fastify-plugin-4.2.0.tgz 13394ms (cache miss)
2729 timing reifyNode:node_modules/@fastify/view/node_modules/fastify-plugin Completed in 14624ms
2730 http fetch GET 200 https://registry.npmjs.org/istanbul-lib-instrument/-/istanbul-lib-instrument-5.2.1.tgz 13775ms (cache miss)
2731 timing reifyNode:node_modules/babel-plugin-istanbul/node_modules/istanbul-lib-instrument Completed in 14636ms
2732 http fetch GET 200 https://registry.npmjs.org/string.prototype.trimend/-/string.prototype.trimend-1.0.8.tgz 14327ms (cache miss)
2733 timing reifyNode:node_modules/string.prototype.trimend Completed in 14685ms
2734 timing reifyNode:node_modules/retry Completed in 14680ms
2735 http fetch GET 200 https://registry.npmjs.org/fast-json-stable-stringify/-/fast-json-stable-stringify-2.1.0.tgz 14082ms (cache miss)
2736 timing reifyNode:node_modules/fast-json-stable-stringify Completed in 14651ms
2737 timing reifyNode:node_modules/es-errors Completed in 14648ms
2738 http fetch GET 200 https://registry.npmjs.org/tarn/-/tarn-3.0.2.tgz 14338ms (cache miss)
2739 timing reifyNode:node_modules/tarn Completed in 14693ms
2740 http fetch GET 200 https://registry.npmjs.org/get-intrinsic/-/get-intrinsic-1.2.4.tgz 14103ms (cache miss)
2741 timing reifyNode:node_modules/get-intrinsic Completed in 14657ms
2742 http fetch GET 200 https://registry.npmjs.org/debug/-/debug-4.3.4.tgz 14049ms (cache miss)
2743 timing reifyNode:node_modules/debug Completed in 14649ms
2744 http fetch GET 200 https://registry.npmjs.org/arraybuffer.prototype.slice/-/arraybuffer.prototype.slice-1.0.3.tgz 14018ms (cache miss)
2745 timing reifyNode:node_modules/arraybuffer.prototype.slice Completed in 14650ms
2746 http fetch GET 200 https://registry.npmjs.org/@nodelib/fs.stat/-/fs.stat-2.0.5.tgz 13957ms (cache miss)
2747 http fetch GET 200 https://registry.npmjs.org/@jest/test-result/-/test-result-29.7.0.tgz 13955ms (cache miss)
2748 timing reifyNode:node_modules/@jest/test-result Completed in 14648ms
2749 http fetch GET 200 https://registry.npmjs.org/@fastify/error/-/error-3.4.1.tgz 13943ms (cache miss)
2750 http fetch GET 200 https://registry.npmjs.org/@jridgewell/sourcemap-codec/-/sourcemap-codec-1.4.15.tgz 13964ms (cache miss)
2751 http fetch GET 200 https://registry.npmjs.org/path-to-regexp/-/path-to-regexp-6.2.1.tgz 14272ms (cache miss)
2752 timing reifyNode:node_modules/path-to-regexp Completed in 14700ms
2753 http fetch GET 200 https://registry.npmjs.org/glob/-/glob-8.1.0.tgz 13851ms (cache miss)
2754 timing reifyNode:node_modules/help-me/node_modules/glob Completed in 14689ms
2755 http fetch GET 200 https://registry.npmjs.org/source-map-support/-/source-map-support-0.5.21.tgz 13876ms (cache miss)
2756 timing reifyNode:node_modules/npm-check-updates/node_modules/source-map-support Completed in 14704ms
2757 http fetch GET 200 https://registry.npmjs.org/emoji-regex/-/emoji-regex-9.2.2.tgz 13436ms (cache miss)
2758 timing reifyNode:node_modules/@isaacs/cliui/node_modules/emoji-regex Completed in 14666ms
2759 http fetch GET 200 https://registry.npmjs.org/has-tostringtag/-/has-tostringtag-1.0.2.tgz 14155ms (cache miss)
2760 timing reifyNode:node_modules/has-tostringtag Completed in 14699ms
2761 http fetch GET 200 https://registry.npmjs.org/bl/-/bl-4.1.0.tgz 14061ms (cache miss)
2762 timing reifyNode:node_modules/bl Completed in 14688ms
2763 http fetch GET 200 https://registry.npmjs.org/array.prototype.flatmap/-/array.prototype.flatmap-1.3.2.tgz 14055ms (cache miss)
2764 timing reifyNode:node_modules/array.prototype.flatmap Completed in 14688ms
2765 http fetch GET 200 https://registry.npmjs.org/array.prototype.flat/-/array.prototype.flat-1.3.2.tgz 14056ms (cache miss)
2766 timing reifyNode:node_modules/array.prototype.flat Completed in 14689ms
2767 http fetch GET 200 https://registry.npmjs.org/@babel/helper-string-parser/-/helper-string-parser-7.24.1.tgz 13960ms (cache miss)
2768 timing reifyNode:node_modules/@babel/helper-string-parser Completed in 14681ms
2769 http fetch GET 200 https://registry.npmjs.org/pug 12039ms (cache miss)
2770 timing metavuln:packument:pug Completed in 12040ms
2771 timing metavuln:load:security-advisory:pug:1104111 Completed in 1ms
2772 http fetch GET 200 https://registry.npmjs.org/cross-spawn 12047ms (cache miss)
2773 timing metavuln:packument:cross-spawn Completed in 12048ms
2774 timing metavuln:load:security-advisory:cross-spawn:1104664 Completed in 0ms
2775 timing reifyNode:node_modules/@jridgewell/sourcemap-codec Completed in 14694ms
2776 http fetch GET 200 https://registry.npmjs.org/@rails/ujs/-/ujs-7.1.3-2.tgz 14017ms (cache miss)
2777 timing reifyNode:node_modules/@rails/ujs Completed in 14698ms
2778 http fetch GET 200 https://registry.npmjs.org/object.values/-/object.values-1.2.0.tgz 14296ms (cache miss)
2779 timing reifyNode:node_modules/object.values Completed in 14738ms
2780 http fetch GET 200 https://registry.npmjs.org/object.entries/-/object.entries-1.1.8.tgz 14295ms (cache miss)
2781 timing reifyNode:node_modules/object.entries Completed in 14737ms
2782 http fetch GET 200 https://registry.npmjs.org/mime-db/-/mime-db-1.52.0.tgz 14258ms (cache miss)
2783 timing reifyNode:node_modules/mime-db Completed in 14734ms
2784 http fetch GET 200 https://registry.npmjs.org/istanbul-lib-instrument/-/istanbul-lib-instrument-6.0.2.tgz 14217ms (cache miss)
2785 timing reifyNode:node_modules/istanbul-lib-instrument Completed in 14730ms
2786 http fetch GET 200 https://registry.npmjs.org/debug/-/debug-3.2.7.tgz 13885ms (cache miss)
2787 timing reifyNode:node_modules/eslint-module-utils/node_modules/debug Completed in 14723ms
2788 http fetch GET 200 https://registry.npmjs.org/string.prototype.trimstart/-/string.prototype.trimstart-1.0.8.tgz 14408ms (cache miss)
2789 timing reifyNode:node_modules/string.prototype.trimstart Completed in 14766ms
2790 http fetch GET 200 https://registry.npmjs.org/es6-symbol/-/es6-symbol-3.1.4.tgz 14147ms (cache miss)
2791 timing reifyNode:node_modules/es6-symbol Completed in 14728ms
2792 http fetch GET 200 https://registry.npmjs.org/process-warning/-/process-warning-3.0.0.tgz 14349ms (cache miss)
2793 timing reifyNode:node_modules/secure-json-parse Completed in 14765ms
2794 http fetch GET 200 https://registry.npmjs.org/has-symbols/-/has-symbols-1.0.3.tgz 14195ms (cache miss)
2795 timing reifyNode:node_modules/has-symbols Completed in 14739ms
2796 http fetch GET 200 https://registry.npmjs.org/pug/-/pug-3.0.2.tgz 14354ms (cache miss)
2797 timing reifyNode:node_modules/pug Completed in 14764ms
2798 http fetch GET 200 https://registry.npmjs.org/event-emitter/-/event-emitter-0.3.5.tgz 14160ms (cache miss)
2799 timing reifyNode:node_modules/fast-content-type-parse Completed in 14738ms
2800 http fetch GET 200 https://registry.npmjs.org/chalk/-/chalk-4.1.2.tgz 14111ms (cache miss)
2801 timing reifyNode:node_modules/chalk Completed in 14729ms
2802 http fetch GET 200 https://registry.npmjs.org/array.prototype.findlastindex/-/array.prototype.findlastindex-1.2.5.tgz 14091ms (cache miss)
2803 timing reifyNode:node_modules/array.prototype.findlastindex Completed in 14732ms
2804 http fetch GET 200 https://registry.npmjs.org/@jest/expect-utils/-/expect-utils-29.7.0.tgz 14037ms (cache miss)
2805 timing reifyNode:node_modules/@jest/expect-utils Completed in 14732ms
2806 http fetch GET 200 https://registry.npmjs.org/@fastify/fast-json-stringify-compiler/-/fast-json-stringify-compiler-4.3.0.tgz 14026ms (cache miss)
2807 http fetch GET 200 https://registry.npmjs.org/@babel/code-frame/-/code-frame-7.24.2.tgz 13996ms (cache miss)
2808 timing reifyNode:node_modules/@babel/code-frame Completed in 14728ms
2809 http fetch GET 200 https://registry.npmjs.org/@types/babel__core/-/babel__core-7.20.5.tgz 14059ms (cache miss)
2810 timing reifyNode:node_modules/@types/babel__core Completed in 14738ms
2811 timing reifyNode:node_modules/pino-abstract-transport Completed in 14782ms
2812 timing reifyNode:node_modules/nanoid Completed in 14775ms
2813 http fetch GET 200 https://registry.npmjs.org/glob/-/glob-7.2.3.tgz 13972ms (cache miss)
2814 timing reifyNode:node_modules/rimraf/node_modules/glob Completed in 14793ms
2815 http fetch GET 200 https://registry.npmjs.org/glob/-/glob-7.2.3.tgz 13944ms (cache miss)
2816 timing reifyNode:node_modules/node-gyp/node_modules/glob Completed in 14781ms
2817 http fetch GET 200 https://registry.npmjs.org/glob/-/glob-7.2.3.tgz 13932ms (cache miss)
2818 timing reifyNode:node_modules/jest-runtime/node_modules/glob Completed in 14775ms
2819 http fetch GET 200 https://registry.npmjs.org/minipass/-/minipass-5.0.0.tgz 13941ms (cache miss)
2820 timing reifyNode:node_modules/make-fetch-happen/node_modules/minipass Completed in 14779ms
2821 http fetch GET 200 https://registry.npmjs.org/minipass/-/minipass-5.0.0.tgz 13958ms (cache miss)
2822 timing reifyNode:node_modules/npm-registry-fetch/node_modules/minipass Completed in 14784ms
2823 http fetch GET 200 https://registry.npmjs.org/with/-/with-7.0.2.tgz 14485ms (cache miss)
2824 http fetch GET 200 https://registry.npmjs.org/buffer/-/buffer-6.0.3.tgz 13964ms (cache miss)
2825 timing reifyNode:node_modules/pino-pretty/node_modules/buffer Completed in 14791ms
2826 http fetch GET 200 https://registry.npmjs.org/buffer/-/buffer-6.0.3.tgz 13963ms (cache miss)
2827 timing reifyNode:node_modules/pino-abstract-transport/node_modules/buffer Completed in 14791ms
2828 http fetch GET 200 https://registry.npmjs.org/semver/-/semver-6.3.1.tgz 13917ms (cache miss)
2829 timing reifyNode:node_modules/eslint-config-airbnb-base/node_modules/semver Completed in 14764ms
2830 http fetch GET 200 https://registry.npmjs.org/glob/-/glob-7.2.3.tgz 13519ms (cache miss)
2831 timing reifyNode:node_modules/@jest/reporters/node_modules/glob Completed in 14747ms
2832 http fetch GET 200 https://registry.npmjs.org/semver/-/semver-6.3.1.tgz 13895ms (cache miss)
2833 timing reifyNode:node_modules/babel-plugin-istanbul/node_modules/semver Completed in 14756ms
2834 http fetch GET 200 https://registry.npmjs.org/semver/-/semver-6.3.1.tgz 13500ms (cache miss)
2835 timing reifyNode:node_modules/@babel/core/node_modules/semver Completed in 14740ms
2836 http fetch GET 200 https://registry.npmjs.org/semver/-/semver-6.3.1.tgz 13500ms (cache miss)
2837 timing reifyNode:node_modules/@babel/helper-compilation-targets/node_modules/semver Completed in 14741ms
2838 http fetch GET 200 https://registry.npmjs.org/doctrine/-/doctrine-2.1.0.tgz 13929ms (cache miss)
2839 timing reifyNode:node_modules/eslint-plugin-import/node_modules/doctrine Completed in 14767ms
2840 http fetch GET 200 https://registry.npmjs.org/string.prototype.trim/-/string.prototype.trim-1.2.9.tgz 14451ms (cache miss)
2841 timing reifyNode:node_modules/string.prototype.trim Completed in 14810ms
2842 http fetch GET 200 https://registry.npmjs.org/timers-ext/-/timers-ext-0.1.7.tgz 14466ms (cache miss)
2843 http fetch GET 200 https://registry.npmjs.org/es6-iterator/-/es6-iterator-2.0.3.tgz 14191ms (cache miss)
2844 http fetch GET 200 https://registry.npmjs.org/browserslist/-/browserslist-4.23.0.tgz 14144ms (cache miss)
2845 timing reifyNode:node_modules/browserslist Completed in 14771ms
2846 http fetch GET 200 https://registry.npmjs.org/human-signals/-/human-signals-2.1.0.tgz 14248ms (cache miss)
2847 timing reifyNode:node_modules/human-signals Completed in 14787ms
2848 http fetch GET 200 https://registry.npmjs.org/agentkeepalive/-/agentkeepalive-4.2.1.tgz 14126ms (cache miss)
2849 timing reifyNode:node_modules/agentkeepalive Completed in 14771ms
2850 http fetch GET 200 https://registry.npmjs.org/@ungap/structured-clone/-/structured-clone-1.2.0.tgz 14107ms (cache miss)
2851 timing reifyNode:node_modules/@ungap/structured-clone Completed in 14770ms
2852 http fetch GET 200 https://registry.npmjs.org/@types/yargs/-/yargs-17.0.32.tgz 14107ms (cache miss)
2853 timing reifyNode:node_modules/@types/yargs Completed in 14770ms
2854 http fetch GET 200 https://registry.npmjs.org/@webassemblyjs/leb128/-/leb128-1.11.6.tgz 14112ms (cache miss)
2855 timing reifyNode:node_modules/@webassemblyjs/leb128 Completed in 14771ms
2856 timing reifyNode:node_modules/@nodelib/fs.stat Completed in 14768ms
2857 http fetch GET 200 https://registry.npmjs.org/glob/-/glob-7.2.3.tgz 13963ms (cache miss)
2858 timing reifyNode:node_modules/jest-config/node_modules/glob Completed in 14796ms
2859 http fetch GET 200 https://registry.npmjs.org/serialize-javascript 12119ms (cache miss)
2860 timing metavuln:packument:serialize-javascript Completed in 12120ms
2861 timing metavuln:load:security-advisory:serialize-javascript:1113686 Completed in 0ms
2862 timing metavuln:load:security-advisory:serialize-javascript:1115519 Completed in 0ms
2863 timing reifyNode:node_modules/@fastify/error Completed in 14769ms
2864 http fetch GET 200 https://registry.npmjs.org/@fastify/formbody/-/formbody-7.4.0.tgz 14067ms (cache miss)
2865 timing reifyNode:node_modules/@fastify/fast-json-stringify-compiler Completed in 14770ms
2866 http fetch GET 200 https://registry.npmjs.org/@sigstore/bundle/-/bundle-1.1.0.tgz 14095ms (cache miss)
2867 http fetch GET 200 https://registry.npmjs.org/@pnpm/npm-conf/-/npm-conf-1.0.5.tgz 14095ms (cache miss)
2868 timing reifyNode:node_modules/@pnpm/npm-conf Completed in 14775ms
2869 http fetch GET 200 https://registry.npmjs.org/mime/-/mime-3.0.0.tgz 14337ms (cache miss)
2870 timing reifyNode:node_modules/mime Completed in 14812ms
2871 http fetch GET 200 https://registry.npmjs.org/jest-diff/-/jest-diff-29.7.0.tgz 14301ms (cache miss)
2872 timing reifyNode:node_modules/jest-diff Completed in 14808ms
2873 http fetch GET 200 https://registry.npmjs.org/sprintf-js/-/sprintf-js-1.0.3.tgz 14472ms (cache miss)
2874 timing reifyNode:node_modules/sprintf-js Completed in 14839ms
2875 http fetch GET 200 https://registry.npmjs.org/globalthis/-/globalthis-1.0.3.tgz 14262ms (cache miss)
2876 timing reifyNode:node_modules/globalthis Completed in 14809ms
2877 http fetch GET 200 https://registry.npmjs.org/cli-table3/-/cli-table3-0.6.4.tgz 14186ms (cache miss)
2878 timing reifyNode:node_modules/cli-table3 Completed in 14800ms
2879 http fetch GET 200 https://registry.npmjs.org/fastify-plugin/-/fastify-plugin-3.0.1.tgz 14245ms (cache miss)
2880 http fetch GET 200 https://registry.npmjs.org/array-includes/-/array-includes-3.1.8.tgz 14829ms (cache miss)
2881 timing reifyNode:node_modules/array-includes Completed in 15470ms
2882 http fetch GET 200 https://registry.npmjs.org/tar-fs 14994ms (cache miss)
2883 timing metavuln:packument:tar-fs Completed in 14994ms
2884 timing metavuln:load:security-advisory:tar-fs:1109532 Completed in 2ms
2885 timing metavuln:load:security-advisory:tar-fs:1109543 Completed in 1ms
2886 timing metavuln:load:security-advisory:tar-fs:1109552 Completed in 1ms
2887 http fetch GET 200 https://registry.npmjs.org/micromatch 15004ms (cache miss)
2888 timing metavuln:packument:micromatch Completed in 15005ms
2889 timing metavuln:load:security-advisory:micromatch:1098681 Completed in 0ms
2890 http fetch GET 200 https://registry.npmjs.org/pino-std-serializers/-/pino-std-serializers-6.2.2.tgz 17277ms (cache miss)
2891 http fetch GET 200 https://registry.npmjs.org/jest-resolve/-/jest-resolve-29.7.0.tgz 17186ms (cache miss)
2892 timing reifyNode:node_modules/jest-resolve Completed in 17692ms
2893 http fetch GET 200 https://registry.npmjs.org/youch/-/youch-2.2.2.tgz 17404ms (cache miss)
2894 timing reifyNode:node_modules/youch Completed in 17730ms
2895 http fetch GET 200 https://registry.npmjs.org/unique-filename/-/unique-filename-1.1.1.tgz 17386ms (cache miss)
2896 timing reifyNode:node_modules/unique-filename Completed in 17727ms
2897 http fetch GET 200 https://registry.npmjs.org/ajv-formats/-/ajv-formats-3.0.1.tgz 16848ms (cache miss)
2898 timing reifyNode:node_modules/fast-json-stringify/node_modules/ajv-formats Completed in 17687ms
2899 http fetch GET 200 https://registry.npmjs.org/tslib/-/tslib-2.6.2.tgz 17386ms (cache miss)
2900 timing reifyNode:node_modules/tslib Completed in 17733ms
2901 http fetch GET 200 https://registry.npmjs.org/sequelize-pool/-/sequelize-pool-7.1.0.tgz 17341ms (cache miss)
2902 timing reifyNode:node_modules/sequelize-pool Completed in 17724ms
2903 http fetch GET 200 https://registry.npmjs.org/source-map-support/-/source-map-support-0.5.13.tgz 17357ms (cache miss)
2904 timing reifyNode:node_modules/source-map-support Completed in 17726ms
2905 timing reifyNode:node_modules/process-warning Completed in 17723ms
2906 timing reifyNode:node_modules/event-emitter Completed in 17698ms
2907 http fetch GET 200 https://registry.npmjs.org/@types/jest/-/jest-29.5.12.tgz 17021ms (cache miss)
2908 timing reifyNode:node_modules/@types/jest Completed in 17688ms
2909 http fetch GET 200 https://registry.npmjs.org/emoji-regex/-/emoji-regex-9.2.2.tgz 16942ms (cache miss)
2910 timing reifyNode:node_modules/wrap-ansi/node_modules/emoji-regex Completed in 17751ms
2911 http fetch GET 200 https://registry.npmjs.org/emoji-regex/-/emoji-regex-9.2.2.tgz 16941ms (cache miss)
2912 timing reifyNode:node_modules/widest-line/node_modules/emoji-regex Completed in 17751ms
2913 http fetch GET 200 https://registry.npmjs.org/@types/babel__traverse/-/babel__traverse-7.20.5.tgz 17013ms (cache miss)
2914 timing reifyNode:node_modules/@types/babel__traverse Completed in 17688ms
2915 http fetch GET 200 https://registry.npmjs.org/@jest/types/-/types-29.6.3.tgz 16997ms (cache miss)
2916 timing reifyNode:node_modules/@jest/types Completed in 17689ms
2917 http fetch GET 200 https://registry.npmjs.org/picomatch 15041ms (cache miss)
2918 timing metavuln:packument:picomatch Completed in 15041ms
2919 timing metavuln:load:security-advisory:picomatch:1115549 Completed in 1ms
2920 timing metavuln:load:security-advisory:picomatch:1115552 Completed in 0ms
2921 http fetch GET 200 https://registry.npmjs.org/js-yaml 15053ms (cache miss)
2922 timing metavuln:packument:js-yaml Completed in 15054ms
2923 timing metavuln:load:security-advisory:js-yaml:1112714 Completed in 0ms
2924 timing metavuln:load:security-advisory:js-yaml:1112715 Completed in 0ms
2925 timing reifyNode:node_modules/@fastify/formbody Completed in 17692ms
2926 http fetch GET 200 https://registry.npmjs.org/@sigstore/tuf/-/tuf-1.0.3.tgz 17018ms (cache miss)
2927 http fetch GET 200 https://registry.npmjs.org/jju/-/jju-1.4.0.tgz 17231ms (cache miss)
2928 timing reifyNode:node_modules/jju Completed in 17733ms
2929 http fetch GET 200 https://registry.npmjs.org/jest-snapshot/-/jest-snapshot-29.7.0.tgz 17231ms (cache miss)
2930 timing reifyNode:node_modules/jest-snapshot Completed in 17734ms
2931 timing reifyNode:node_modules/with Completed in 17771ms
2932 http fetch GET 200 https://registry.npmjs.org/debug/-/debug-3.2.7.tgz 16878ms (cache miss)
2933 timing reifyNode:node_modules/eslint-plugin-import/node_modules/debug Completed in 17724ms
2934 http fetch GET 200 https://registry.npmjs.org/debug/-/debug-3.2.7.tgz 16878ms (cache miss)
2935 timing reifyNode:node_modules/eslint-import-resolver-node/node_modules/debug Completed in 17724ms
2936 http fetch GET 200 https://registry.npmjs.org/help-me/-/help-me-5.0.0.tgz 16927ms (cache miss)
2937 http fetch GET 200 https://registry.npmjs.org/regexp.prototype.flags/-/regexp.prototype.flags-1.5.2.tgz 17363ms (cache miss)
2938 timing reifyNode:node_modules/regexp.prototype.flags Completed in 17760ms
2939 timing reifyNode:node_modules/timers-ext Completed in 17773ms
2940 http fetch GET 200 https://registry.npmjs.org/help-me/-/help-me-5.0.0.tgz 16894ms (cache miss)
2941 timing reifyNode:node_modules/es6-iterator Completed in 17729ms
2942 http fetch GET 200 https://registry.npmjs.org/execa/-/execa-5.1.1.tgz 17157ms (cache miss)
2943 timing reifyNode:node_modules/execa Completed in 17732ms
2944 timing reifyNode:node_modules/@sigstore/tuf Completed in 17729ms
2945 timing reifyNode:node_modules/@sigstore/bundle Completed in 17730ms
2946 timing reifyNode:node_modules/pino-std-serializers Completed in 17777ms
2947 http fetch GET 200 https://registry.npmjs.org/minimist/-/minimist-1.2.6.tgz 17295ms (cache miss)
2948 timing reifyNode:node_modules/minimist Completed in 17769ms
2949 http fetch GET 200 https://registry.npmjs.org/globals/-/globals-15.0.0.tgz 17220ms (cache miss)
2950 timing reifyNode:node_modules/globals Completed in 17768ms
2951 http fetch GET 200 https://registry.npmjs.org/doctrine/-/doctrine-3.0.0.tgz 17170ms (cache miss)
2952 timing reifyNode:node_modules/doctrine Completed in 17762ms
2953 http fetch GET 200 https://registry.npmjs.org/function.prototype.name/-/function.prototype.name-1.1.6.tgz 17215ms (cache miss)
2954 timing reifyNode:node_modules/function.prototype.name Completed in 17772ms
2955 timing reifyNode:node_modules/fastify-plugin Completed in 17770ms
2956 http fetch GET 200 https://registry.npmjs.org/@sinonjs/fake-timers/-/fake-timers-10.3.0.tgz 17081ms (cache miss)
2957 timing reifyNode:node_modules/@sinonjs/fake-timers Completed in 17759ms
2958 http fetch GET 200 https://registry.npmjs.org/@pnpm/network.ca-file/-/network.ca-file-1.0.1.tgz 17082ms (cache miss)
2959 http fetch GET 200 https://registry.npmjs.org/picomatch/-/picomatch-2.3.1.tgz 17382ms (cache miss)
2960 timing reifyNode:node_modules/picomatch Completed in 17808ms
2961 http fetch GET 200 https://registry.npmjs.org/jest-circus/-/jest-circus-29.7.0.tgz 17290ms (cache miss)
2962 timing reifyNode:node_modules/jest-circus Completed in 17797ms
2963 http fetch GET 200 https://registry.npmjs.org/fastify-plugin/-/fastify-plugin-4.5.1.tgz 16957ms (cache miss)
2964 timing reifyNode:node_modules/fastify-method-override/node_modules/fastify-plugin Completed in 17794ms
2965 http fetch GET 200 https://registry.npmjs.org/espree/-/espree-9.6.1.tgz 16944ms (cache miss)
2966 timing reifyNode:node_modules/eslint/node_modules/espree Completed in 17792ms
2967 http fetch GET 200 https://registry.npmjs.org/chalk/-/chalk-5.0.1.tgz 16933ms (cache miss)
2968 timing reifyNode:node_modules/boxen/node_modules/chalk Completed in 17786ms
2969 http fetch GET 200 https://registry.npmjs.org/terser-webpack-plugin/-/terser-webpack-plugin-5.3.10.tgz 17482ms (cache miss)
2970 timing reifyNode:node_modules/terser-webpack-plugin Completed in 17838ms
2971 http fetch GET 200 https://registry.npmjs.org/schema-utils/-/schema-utils-4.0.0.tgz 17447ms (cache miss)
2972 http fetch GET 200 https://registry.npmjs.org/es-to-primitive/-/es-to-primitive-1.2.1.tgz 17214ms (cache miss)
2973 timing reifyNode:node_modules/es-to-primitive Completed in 17797ms
2974 http fetch GET 200 https://registry.npmjs.org/buffer/-/buffer-5.7.1.tgz 17173ms (cache miss)
2975 timing reifyNode:node_modules/buffer Completed in 17798ms
2976 http fetch GET 200 https://registry.npmjs.org/@jridgewell/gen-mapping/-/gen-mapping-0.3.5.tgz 17104ms (cache miss)
2977 timing reifyNode:node_modules/@jridgewell/gen-mapping Completed in 17795ms
2978 http fetch GET 200 https://registry.npmjs.org/@jest/transform/-/transform-29.7.0.tgz 17103ms (cache miss)
2979 timing reifyNode:node_modules/@jest/transform Completed in 17795ms
2980 http fetch GET 200 https://registry.npmjs.org/commander/-/commander-2.20.3.tgz 17044ms (cache miss)
2981 timing reifyNode:node_modules/terser/node_modules/commander Completed in 17855ms
2982 http fetch GET 200 https://registry.npmjs.org/flatted 15152ms (cache miss)
2983 timing metavuln:packument:flatted Completed in 15152ms
2984 timing metavuln:load:security-advisory:flatted:1114526 Completed in 1ms
2985 timing metavuln:load:security-advisory:flatted:1115357 Completed in 0ms
2986 http fetch GET 200 https://registry.npmjs.org/@humanwhocodes/config-array/-/config-array-0.11.14.tgz 17097ms (cache miss)
2987 timing reifyNode:node_modules/@humanwhocodes/config-array Completed in 17799ms
2988 http fetch GET 200 https://registry.npmjs.org/@sindresorhus/is/-/is-5.3.0.tgz 17125ms (cache miss)
2989 timing reifyNode:node_modules/@sindresorhus/is Completed in 17802ms
2990 http fetch GET 200 https://registry.npmjs.org/@babel/compat-data/-/compat-data-7.24.4.tgz 17062ms (cache miss)
2991 timing reifyNode:node_modules/@babel/compat-data Completed in 17795ms
2992 http fetch GET 200 https://registry.npmjs.org/minipass-sized/-/minipass-sized-1.0.3.tgz 17370ms (cache miss)
2993 timing reifyNode:node_modules/minipass-sized Completed in 17841ms
2994 http fetch GET 200 https://registry.npmjs.org/make-fetch-happen/-/make-fetch-happen-9.1.0.tgz 17045ms (cache miss)
2995 timing reifyNode:node_modules/sqlite3/node_modules/make-fetch-happen Completed in 17865ms
2996 http fetch GET 200 https://registry.npmjs.org/make-fetch-happen/-/make-fetch-happen-10.2.1.tgz 17012ms (cache miss)
2997 timing reifyNode:node_modules/node-gyp/node_modules/make-fetch-happen Completed in 17848ms
2998 timing reifyNode:node_modules/pino-pretty/node_modules/help-me Completed in 17858ms
2999 http fetch GET 200 https://registry.npmjs.org/chalk/-/chalk-5.3.0.tgz 17019ms (cache miss)
3000 timing reifyNode:node_modules/npm-check-updates/node_modules/chalk Completed in 17853ms
3001 timing reifyNode:node_modules/fastify-cli/node_modules/pino-pretty/node_modules/help-me Completed in 17836ms
3002 http fetch GET 200 https://registry.npmjs.org/tapable/-/tapable-2.2.1.tgz 17519ms (cache miss)
3003 timing reifyNode:node_modules/tapable Completed in 17873ms
3004 http fetch GET 200 https://registry.npmjs.org/@npmcli/fs/-/fs-2.1.2.tgz 17017ms (cache miss)
3005 timing reifyNode:node_modules/node-gyp/node_modules/@npmcli/fs Completed in 17856ms
3006 http fetch GET 200 https://registry.npmjs.org/braces/-/braces-3.0.2.tgz 17209ms (cache miss)
3007 timing reifyNode:node_modules/braces Completed in 17834ms
3008 http fetch GET 200 https://registry.npmjs.org/@babel/helper-module-imports/-/helper-module-imports-7.24.3.tgz 17104ms (cache miss)
3009 timing reifyNode:node_modules/@babel/helper-module-imports Completed in 17826ms
3010 http fetch GET 200 https://registry.npmjs.org/make-fetch-happen/-/make-fetch-happen-11.1.1.tgz 17393ms (cache miss)
3011 timing reifyNode:node_modules/make-fetch-happen Completed in 17872ms
3012 http fetch GET 200 https://registry.npmjs.org/jest-util/-/jest-util-29.7.0.tgz 17367ms (cache miss)
3013 timing reifyNode:node_modules/jest-util Completed in 17871ms
3014 http fetch GET 200 https://registry.npmjs.org/webpack-merge/-/webpack-merge-5.8.0.tgz 17576ms (cache miss)
3015 timing reifyNode:node_modules/webpack-merge Completed in 17905ms
3016 http fetch GET 200 https://registry.npmjs.org/lru-cache/-/lru-cache-7.18.3.tgz 17054ms (cache miss)
3017 timing reifyNode:node_modules/npm-package-arg/node_modules/lru-cache Completed in 17882ms
3018 http fetch GET 200 https://registry.npmjs.org/gauge/-/gauge-4.0.4.tgz 17315ms (cache miss)
3019 timing reifyNode:node_modules/gauge Completed in 17871ms
3020 http fetch GET 200 https://registry.npmjs.org/flatted/-/flatted-3.3.1.tgz 17312ms (cache miss)
3021 timing reifyNode:node_modules/flatted Completed in 17870ms
3022 http fetch GET 200 https://registry.npmjs.org/help-me/-/help-me-4.2.0.tgz 17336ms (cache miss)
3023 http fetch GET 200 https://registry.npmjs.org/babel-walk/-/babel-walk-3.0.0-canary-5.tgz 17237ms (cache miss)
3024 timing reifyNode:node_modules/babel-walk Completed in 17865ms
3025 http fetch GET 200 https://registry.npmjs.org/glob/-/glob-7.2.3.tgz 17110ms (cache miss)
3026 timing reifyNode:node_modules/test-exclude/node_modules/glob Completed in 17921ms
3027 timing reifyNode:node_modules/@pnpm/network.ca-file Completed in 17867ms
3028 http fetch GET 200 https://registry.npmjs.org/yargs-parser/-/yargs-parser-21.1.1.tgz 17614ms (cache miss)
3029 timing reifyNode:node_modules/yargs-parser Completed in 17940ms
3030 http fetch GET 200 https://registry.npmjs.org/webpack-cli/-/webpack-cli-5.1.4.tgz 17608ms (cache miss)
3031 timing reifyNode:node_modules/webpack-cli Completed in 17938ms
3032 http fetch GET 200 https://registry.npmjs.org/umzug/-/umzug-2.3.0.tgz 17599ms (cache miss)
3033 timing reifyNode:node_modules/umzug Completed in 17942ms
3034 http fetch GET 200 https://registry.npmjs.org/espree/-/espree-10.0.1.tgz 17322ms (cache miss)
3035 timing reifyNode:node_modules/espree Completed in 17901ms
3036 timing reifyNode:node_modules/schema-utils Completed in 17936ms
3037 http fetch GET 200 https://registry.npmjs.org/fast-uri/-/fast-uri-2.3.0.tgz 17340ms (cache miss)
3038 http fetch GET 200 https://registry.npmjs.org/@nodelib/fs.scandir/-/fs.scandir-2.1.5.tgz 17201ms (cache miss)
3039 http fetch GET 200 https://registry.npmjs.org/@npmcli/fs/-/fs-3.1.0.tgz 17203ms (cache miss)
3040 timing reifyNode:node_modules/@npmcli/fs Completed in 17892ms
3041 http fetch GET 200 https://registry.npmjs.org/path-to-regexp 15249ms (cache miss)
3042 timing metavuln:packument:path-to-regexp Completed in 15251ms
3043 timing metavuln:load:security-advisory:path-to-regexp:1101846 Completed in 0ms
3044 http fetch GET 200 https://registry.npmjs.org/@npmcli/run-script/-/run-script-6.0.2.tgz 17214ms (cache miss)
3045 timing reifyNode:node_modules/@npmcli/run-script Completed in 17902ms
3046 http fetch GET 200 https://registry.npmjs.org/pretty-format/-/pretty-format-29.7.0.tgz 17534ms (cache miss)
3047 timing reifyNode:node_modules/pretty-format Completed in 17947ms
3048 http fetch GET 200 https://registry.npmjs.org/object.assign/-/object.assign-4.1.5.tgz 17498ms (cache miss)
3049 timing reifyNode:node_modules/object.assign Completed in 17942ms
3050 timing metavuln:cache:put:security-advisory:@babel/helpers:+NsF1flAI8VENgJn0XVIWaC4lCe3b89AZgBOx219qXn/BdXH1EWl/yD49aHbhQimIG4kna8zgkunsmpiAVwNPQ== Completed in 4799ms
3051 timing metavuln:calculate:security-advisory:@babel/helpers:1104001 Completed in 15271ms
3052 http fetch GET 200 https://registry.npmjs.org/yargs-parser/-/yargs-parser-20.2.9.tgz 17141ms (cache miss)
3053 timing reifyNode:node_modules/sequelize-cli/node_modules/yargs-parser Completed in 17960ms
3054 http fetch GET 200 https://registry.npmjs.org/fastify-plugin/-/fastify-plugin-4.5.1.tgz 17093ms (cache miss)
3055 timing reifyNode:node_modules/fastify-cli/node_modules/fastify-plugin Completed in 17931ms
3056 http fetch GET 200 https://registry.npmjs.org/fastify-plugin/-/fastify-plugin-4.5.1.tgz 17096ms (cache miss)
3057 timing reifyNode:node_modules/fastify-objectionjs/node_modules/fastify-plugin Completed in 17932ms
3058 http fetch GET 200 https://registry.npmjs.org/fastify-plugin/-/fastify-plugin-4.5.1.tgz 16679ms (cache miss)
3059 timing reifyNode:node_modules/@fastify/secure-session/node_modules/fastify-plugin Completed in 17910ms
3060 http fetch GET 200 https://registry.npmjs.org/fastify-plugin/-/fastify-plugin-4.5.1.tgz 16670ms (cache miss)
3061 timing reifyNode:node_modules/@fastify/cookie/node_modules/fastify-plugin Completed in 17910ms
3062 http fetch GET 200 https://registry.npmjs.org/fastify-plugin/-/fastify-plugin-4.5.1.tgz 16679ms (cache miss)
3063 timing reifyNode:node_modules/@fastify/flash/node_modules/fastify-plugin Completed in 17911ms
3064 http fetch GET 200 https://registry.npmjs.org/fastify-plugin/-/fastify-plugin-4.5.1.tgz 16680ms (cache miss)
3065 timing reifyNode:node_modules/@fastify/sensible/node_modules/fastify-plugin Completed in 17911ms
3066 http fetch GET 200 https://registry.npmjs.org/fastify-plugin/-/fastify-plugin-4.5.1.tgz 16679ms (cache miss)
3067 timing reifyNode:node_modules/@fastify/formbody/node_modules/fastify-plugin Completed in 17911ms
3068 http fetch GET 200 https://registry.npmjs.org/@webassemblyjs/wasm-parser/-/wasm-parser-1.12.1.tgz 17274ms (cache miss)
3069 timing reifyNode:node_modules/@webassemblyjs/wasm-parser Completed in 17931ms
3070 http fetch GET 200 https://registry.npmjs.org/@babel/helper-validator-identifier/-/helper-validator-identifier-7.22.20.tgz 17200ms (cache miss)
3071 timing reifyNode:node_modules/@babel/helper-validator-identifier Completed in 17923ms
3072 http fetch GET 200 https://registry.npmjs.org/source-map-support/-/source-map-support-0.5.21.tgz 17176ms (cache miss)
3073 timing reifyNode:node_modules/terser/node_modules/source-map-support Completed in 17989ms
3074 http fetch GET 200 https://registry.npmjs.org/lodash 15284ms (cache miss)
3075 timing metavuln:packument:lodash Completed in 15286ms
3076 timing metavuln:load:security-advisory:lodash:1112455 Completed in 0ms
3077 http fetch GET 200 https://registry.npmjs.org/@ampproject/remapping/-/remapping-2.3.0.tgz 17193ms (cache miss)
3078 timing reifyNode:node_modules/@ampproject/remapping Completed in 17926ms
3079 http fetch GET 200 https://registry.npmjs.org/@npmcli/fs/-/fs-1.1.1.tgz 17180ms (cache miss)
3080 timing reifyNode:node_modules/sqlite3/node_modules/@npmcli/fs Completed in 18001ms
3081 http fetch GET 200 https://registry.npmjs.org/style-loader/-/style-loader-4.0.0.tgz 17651ms (cache miss)
3082 timing reifyNode:node_modules/style-loader Completed in 18007ms
3083 http fetch GET 200 https://registry.npmjs.org/exit/-/exit-0.1.2.tgz 17396ms (cache miss)
3084 timing reifyNode:node_modules/exit Completed in 17972ms
3085 http fetch GET 200 https://registry.npmjs.org/dotenv/-/dotenv-16.4.5.tgz 17377ms (cache miss)
3086 timing reifyNode:node_modules/dotenv Completed in 17968ms
3087 timing reifyNode:node_modules/help-me Completed in 17982ms
3088 http fetch GET 200 https://registry.npmjs.org/ajv-formats/-/ajv-formats-2.1.1.tgz 17321ms (cache miss)
3089 timing reifyNode:node_modules/ajv-formats Completed in 17967ms
3090 timing metavuln:cache:put:security-advisory:ip:FcMhhitnipE8n5zCPiVRq2NLRNmu7UZkoO9lrM5CRC/emGwY5wSoa1+q1Q1Z8SPpfXO9tzox/MNRv7luhyJvqg== Completed in 4780ms
3091 timing metavuln:calculate:security-advisory:ip:1101851 Completed in 15318ms
3092 timing metavuln:cache:put:security-advisory:ip:kueZWtHx2OlOfcgg7jCuzsMg1G+hSWSz46I4qS9A9YkI1yyLIkm6qmb9EAp6afwx9qKW96Z5AKmkLgtElUvJrg== Completed in 4780ms
3093 timing metavuln:calculate:security-advisory:ip:1114832 Completed in 15318ms
3094 http fetch GET 200 https://registry.npmjs.org/markdown-it 15319ms (cache miss)
3095 timing metavuln:packument:markdown-it Completed in 15321ms
3096 timing metavuln:load:security-advisory:markdown-it:1113190 Completed in 0ms
3097 http fetch GET 200 https://registry.npmjs.org/lru-cache/-/lru-cache-7.18.3.tgz 17133ms (cache miss)
3098 timing reifyNode:node_modules/cacache/node_modules/lru-cache Completed in 17984ms
3099 http fetch GET 200 https://registry.npmjs.org/lru-cache/-/lru-cache-7.18.3.tgz 17174ms (cache miss)
3100 timing reifyNode:node_modules/node-gyp/node_modules/lru-cache Completed in 18013ms
3101 http fetch GET 200 https://registry.npmjs.org/lru-cache/-/lru-cache-7.18.3.tgz 17164ms (cache miss)
3102 timing reifyNode:node_modules/hosted-git-info/node_modules/lru-cache Completed in 18000ms
3103 http fetch GET 200 https://registry.npmjs.org/lru-cache/-/lru-cache-7.18.3.tgz 17179ms (cache miss)
3104 timing reifyNode:node_modules/normalize-package-data/node_modules/lru-cache Completed in 18014ms
3105 http fetch GET 200 https://registry.npmjs.org/lru-cache/-/lru-cache-7.18.3.tgz 17173ms (cache miss)
3106 timing reifyNode:node_modules/make-fetch-happen/node_modules/lru-cache Completed in 18010ms
3107 http fetch GET 200 https://registry.npmjs.org/lru-cache/-/lru-cache-7.18.3.tgz 16747ms (cache miss)
3108 timing reifyNode:node_modules/@npmcli/git/node_modules/lru-cache Completed in 17976ms
3109 http fetch GET 200 https://registry.npmjs.org/es-module-lexer/-/es-module-lexer-1.5.0.tgz 17414ms (cache miss)
3110 timing reifyNode:node_modules/es-module-lexer Completed in 17997ms
3111 timing reifyNode:node_modules/fast-uri Completed in 18005ms
3112 http fetch GET 200 https://registry.npmjs.org/chokidar/-/chokidar-3.5.3.tgz 17379ms (cache miss)
3113 timing reifyNode:node_modules/chokidar Completed in 17996ms
3114 timing reifyNode:node_modules/@nodelib/fs.scandir Completed in 17989ms
3115 timing metavuln:cache:put:security-advisory:braces:JiXBFkEDkUnBQLw3PO6emUmmm2JXqgEbh+FhB3SNDS8k6Z0wM20irrfaOjjxYuMxZaKaDudvR037mtEoeqZzXw== Completed in 3439ms
3116 timing metavuln:calculate:security-advisory:braces:1098094 Completed in 15352ms
3117 http fetch GET 200 https://registry.npmjs.org/json5/-/json5-1.0.2.tgz 17244ms (cache miss)
3118 timing reifyNode:node_modules/tsconfig-paths/node_modules/json5 Completed in 18056ms
3119 timing metavuln:cache:put:security-advisory:dottie:0ACVlgh2XixrZ76V6Aw4AGmXe/vScI8AGIUQKFGZaYZxp4MyNabKSDBfLcT9XlERSFeHYQ9hiMRtZaHo1b3mTw== Completed in 3434ms
3120 timing metavuln:calculate:security-advisory:dottie:1113536 Completed in 15352ms
3121 timing metavuln:cache:put:security-advisory:@tootallnate/once:Bij+qufwr7God+MYI0JIFJYEDFT3IlGllIhDaMb6DB6UZOYpGBBfXc1Jq59Wdg/M2NdGRUO2+zYnIEZHW42YDw== Completed in 3435ms
3122 timing metavuln:calculate:security-advisory:@tootallnate/once:1113977 Completed in 15357ms
3123 http fetch GET 200 https://registry.npmjs.org/signal-exit/-/signal-exit-4.1.0.tgz 17190ms (cache miss)
3124 timing reifyNode:node_modules/foreground-child/node_modules/signal-exit Completed in 18026ms
3125 http fetch GET 200 https://registry.npmjs.org/foreground-child/-/foreground-child-3.1.1.tgz 17470ms (cache miss)
3126 http fetch GET 200 https://registry.npmjs.org/smart-buffer/-/smart-buffer-4.2.0.tgz 17691ms (cache miss)
3127 timing reifyNode:node_modules/smart-buffer Completed in 18062ms
3128 http fetch GET 200 https://registry.npmjs.org/form-data-encoder/-/form-data-encoder-2.1.0.tgz 17476ms (cache miss)
3129 http fetch GET 200 https://registry.npmjs.org/@nodelib/fs.walk/-/fs.walk-1.2.8.tgz 17327ms (cache miss)
3130 http fetch GET 200 https://registry.npmjs.org/eslint-scope/-/eslint-scope-5.1.1.tgz 17266ms (cache miss)
3131 timing reifyNode:node_modules/webpack/node_modules/eslint-scope Completed in 18080ms
3132 timing metavuln:cache:put:security-advisory:cookie:EFt7h/FZLeopARa06+F2CBY5ItUm007mP/cHgZjTJZX1MeIwg3JD7toSioRoDeE8wm5VdkimqlS+CnuPhZqbIg== Completed in 3412ms
3133 timing metavuln:calculate:security-advisory:cookie:1103907 Completed in 15375ms
3134 timing metavuln:cache:put:security-advisory:brace-expansion:7IQMvcVTr+svbh5KCx4Kl6FQKJ1GciM03BnJAve/5WYJjUeRzKAIrStVpfachbl3T6a7o8nYlQEVG6Ih0TNXRg== Completed in 3410ms
3135 timing metavuln:calculate:security-advisory:brace-expansion:1105443 Completed in 15377ms
3136 timing metavuln:cache:put:security-advisory:brace-expansion:mClmYqWawCNXseeTBHWiIwZH/2CmFUqPCmosJIeOhAgD9z1v3SayhHAwaWVo8wmeKU/JN9VP4zDBeXaqy3Ay2A== Completed in 3411ms
3137 timing metavuln:calculate:security-advisory:brace-expansion:1105444 Completed in 15378ms
3138 timing metavuln:cache:put:security-advisory:brace-expansion:kIHgu1L8zIy7pY0wp6wYzUm7tst3xTM2tiSYrstcGK/XsO7o4p6zyuUSjq93oH1dvU2tbEvlSW+gaNbGIbeudw== Completed in 3410ms
3139 timing metavuln:calculate:security-advisory:brace-expansion:1115540 Completed in 15378ms
3140 timing metavuln:cache:put:security-advisory:brace-expansion:ZHzAtnciS42HIMtUGajCifTIrkCUkWb93u/V1lJEt9HzdJ+ypMofn/dKgSOaziPQj+WGAcGS7t7WdPUHJBz0LA== Completed in 3410ms
3141 timing metavuln:calculate:security-advisory:brace-expansion:1115541 Completed in 15378ms
3142 timing metavuln:cache:put:security-advisory:pug-code-gen:jYtA+ua4XfswkuObBtnwWn2fYvQUK4ca+Iv1+bqgs4mXRLiX4zUdwwNSawL0T4CvKtEq8q6TFgvFydQ8OKg+/Q== Completed in 3407ms
3143 timing metavuln:calculate:security-advisory:pug-code-gen:1104107 Completed in 15370ms
3144 http fetch GET 200 https://registry.npmjs.org/pg-pool/-/pg-pool-3.6.2.tgz 17636ms (cache miss)
3145 timing reifyNode:node_modules/pg-pool Completed in 18064ms
3146 http fetch GET 200 https://registry.npmjs.org/@npmcli/git/-/git-4.1.0.tgz 17334ms (cache miss)
3147 timing reifyNode:node_modules/@npmcli/git Completed in 18022ms
3148 http fetch GET 200 https://registry.npmjs.org/cli-color/-/cli-color-2.0.4.tgz 17429ms (cache miss)
3149 timing reifyNode:node_modules/cli-color Completed in 18045ms
3150 http fetch GET 200 https://registry.npmjs.org/eslint-scope/-/eslint-scope-7.2.2.tgz 17472ms (cache miss)
3151 timing reifyNode:node_modules/eslint-scope Completed in 18050ms
3152 http fetch GET 200 https://registry.npmjs.org/eslint-module-utils/-/eslint-module-utils-2.8.1.tgz 17473ms (cache miss)
3153 http fetch GET 200 https://registry.npmjs.org/abort-controller/-/abort-controller-3.0.0.tgz 17394ms (cache miss)
3154 timing reifyNode:node_modules/abort-controller Completed in 18041ms
3155 http fetch GET 200 https://registry.npmjs.org/webpack-sources/-/webpack-sources-3.2.3.tgz 17783ms (cache miss)
3156 timing reifyNode:node_modules/webpack-sources Completed in 18111ms
3157 http fetch GET 200 https://registry.npmjs.org/shell-quote/-/shell-quote-1.8.1.tgz 17732ms (cache miss)
3158 timing reifyNode:node_modules/shell-quote Completed in 18105ms
3159 timing metavuln:cache:put:security-advisory:pug:q1QCNIb5doZm6I3eRGcu7TI0K8fyc7dAf2McLW9B8u9n+aVFF2mdYrDZecswkGEqvp/OYAJdtseKaRANUQq8pQ== Completed in 3372ms
3160 timing metavuln:calculate:security-advisory:pug:1104111 Completed in 15413ms
3161 timing metavuln:cache:put:security-advisory:cross-spawn:PBcc/5P1UEO/1Ba/jUNR65wOzs1wU0Y+m+OOSfB57dG5EajzjbqRMRm0l7MWqcJgHDYM5GoZ36Hm7qAYFlIH3A== Completed in 3371ms
3162 timing metavuln:calculate:security-advisory:cross-spawn:1104664 Completed in 15420ms
3163 http fetch GET 200 https://registry.npmjs.org/pacote/-/pacote-15.2.0.tgz 17681ms (cache miss)
3164 timing reifyNode:node_modules/pacote Completed in 18114ms
3165 http fetch GET 200 https://registry.npmjs.org/cacache/-/cacache-16.1.3.tgz 17278ms (cache miss)
3166 timing reifyNode:node_modules/node-gyp/node_modules/cacache Completed in 18116ms
3167 timing reifyNode:node_modules/foreground-child Completed in 18104ms
3168 http fetch GET 200 https://registry.npmjs.org/sonic-boom/-/sonic-boom-3.8.1.tgz 17768ms (cache miss)
3169 timing reifyNode:node_modules/sonic-boom Completed in 18138ms
3170 http fetch GET 200 https://registry.npmjs.org/expect/-/expect-29.7.0.tgz 17534ms (cache miss)
3171 timing reifyNode:node_modules/expect Completed in 18107ms
3172 timing reifyNode:node_modules/form-data-encoder Completed in 18109ms
3173 timing reifyNode:node_modules/@nodelib/fs.walk Completed in 18092ms
3174 timing reifyNode:node_modules/eslint-module-utils Completed in 18125ms
3175 http fetch GET 200 https://registry.npmjs.org/esniff/-/esniff-2.0.1.tgz 17549ms (cache miss)
3176 timing reifyNode:node_modules/esniff Completed in 18126ms
3177 http fetch GET 200 https://registry.npmjs.org/chalk/-/chalk-5.0.1.tgz 17367ms (cache miss)
3178 timing reifyNode:node_modules/update-notifier/node_modules/chalk Completed in 18178ms
3179 timing metavuln:cache:put:security-advisory:serialize-javascript:YrpAzJikcaEK6U7y11zmmRITGnSTqoXdMRbxLiMf/nPn9B5sJrSY0SS0JQJpCtWZWBD1YeLrOPjFv5fBwOa8Rw== Completed in 3345ms
3180 timing metavuln:calculate:security-advisory:serialize-javascript:1115519 Completed in 15465ms
3181 timing metavuln:cache:put:security-advisory:serialize-javascript:VNhzhjSQJJPSfVWQUXMpEy6hsW23faurQllLlGbSJ7QrUHjncb9PKDTQYw8APRVBzMug+7YJc5EWXV6SYvPIiw== Completed in 3345ms
3182 timing metavuln:calculate:security-advisory:serialize-javascript:1113686 Completed in 15465ms
3183 http fetch GET 200 https://registry.npmjs.org/@babel/helper-compilation-targets/-/helper-compilation-targets-7.23.6.tgz 17381ms (cache miss)
3184 timing reifyNode:node_modules/@babel/helper-compilation-targets Completed in 18110ms
3185 http fetch GET 200 https://registry.npmjs.org/memoizee/-/memoizee-0.4.15.tgz 17678ms (cache miss)
3186 timing reifyNode:node_modules/memoizee Completed in 18156ms
3187 http fetch GET 200 https://registry.npmjs.org/@discoveryjs/json-ext/-/json-ext-0.5.7.tgz 17423ms (cache miss)
3188 timing reifyNode:node_modules/@discoveryjs/json-ext Completed in 18131ms
3189 http fetch GET 200 https://registry.npmjs.org/@fastify/sensible/-/sensible-5.5.0.tgz 17433ms (cache miss)
3190 timing metavuln:cache:put:security-advisory:tar-fs:cvuUIK3mvYU/u7TShVqDjuuoWy7Jgl2iyysqZzndeGLLwvbCDiePQ/rot9wwSNqpYc8yRaszF/7dU1Uelp1dUw== Completed in 489ms
3191 timing metavuln:calculate:security-advisory:tar-fs:1109532 Completed in 15485ms
3192 timing metavuln:cache:put:security-advisory:tar-fs:Ix/Js08sk80rCM814qr/o6ab9zjh7+H8VVJui+xRbBltVjhzX21eodMzpIt77aC2gIFcrK8EEBkOSiDgsanD1w== Completed in 489ms
3193 timing metavuln:calculate:security-advisory:tar-fs:1109543 Completed in 15486ms
3194 timing metavuln:cache:put:security-advisory:tar-fs:1dRVXY1/KAgNRzluJejkcnnY74RNVCtUBdSLW4DLR6KPpPmll6CDT96fyxIYOX7Nsq4AChUF8ivPlQmppqQqYw== Completed in 488ms
3195 timing metavuln:calculate:security-advisory:tar-fs:1109552 Completed in 15486ms
3196 http fetch GET 200 https://registry.npmjs.org/argparse/-/argparse-2.0.1.tgz 17519ms (cache miss)
3197 timing reifyNode:node_modules/argparse Completed in 18162ms
3198 timing metavuln:cache:put:security-advisory:picomatch:GSQ5ghUF1JWDKMssoydWDVRebjlPePRwktLhrdWzXCq5xeBXdo4Cm9HGHnH2b6P1Nq93YjwPmimVjAx6kge32A== Completed in 468ms
3199 timing metavuln:calculate:security-advisory:picomatch:1115549 Completed in 15510ms
3200 timing metavuln:cache:put:security-advisory:picomatch:H8EHkZXRRUdil3DyUl8tc8lCQUliQzjc5H5D4llqFojH152sBqO1suz3XiNiRQT++wJdWkgXe/zFc/Bbrrz6ng== Completed in 468ms
3201 timing metavuln:calculate:security-advisory:picomatch:1115552 Completed in 15510ms
3202 timing metavuln:cache:put:security-advisory:micromatch:TlYHmS8BZBwkbsPHbTfH2/e91KJnOnqfC63ZoKdiRy+yt6biPd8BwjBdyfPUht1+ZO675I3Gg00RQPYaWiOm8Q== Completed in 507ms
3203 timing metavuln:calculate:security-advisory:micromatch:1098681 Completed in 15512ms
3204 timing metavuln:cache:put:security-advisory:js-yaml:MQ5RokLIvrWmT8/NQU0dD+jQ+6pFslHlaXx1Z5q7mESITohR8AwLT525ddIc2KvKZYbB1p5yclW3kV4xeRYXEg== Completed in 466ms
3205 timing metavuln:calculate:security-advisory:js-yaml:1112714 Completed in 15521ms
3206 timing metavuln:cache:put:security-advisory:js-yaml:621IdjBdZEeVoUcjWGl1jXN0jFDGaf7dIQMeaPVKf5MxqYprJztiOC0OHOUPVoayh7Cq/fTC8L5CqEb98qlE7w== Completed in 467ms
3207 timing metavuln:calculate:security-advisory:js-yaml:1112715 Completed in 15521ms
3208 http fetch GET 200 https://registry.npmjs.org/@fastify/ajv-compiler/-/ajv-compiler-3.5.0.tgz 17451ms (cache miss)
3209 http fetch GET 200 https://registry.npmjs.org/jest-config/-/jest-config-29.7.0.tgz 17685ms (cache miss)
3210 timing reifyNode:node_modules/jest-config Completed in 18192ms
3211 http fetch GET 200 https://registry.npmjs.org/undici-types/-/undici-types-5.26.5.tgz 17887ms (cache miss)
3212 timing reifyNode:node_modules/undici-types Completed in 18229ms
3213 http fetch GET 200 https://registry.npmjs.org/@pkgjs/parseargs/-/parseargs-0.11.0.tgz 17493ms (cache miss)
3214 timing reifyNode:node_modules/@pkgjs/parseargs Completed in 18179ms
3215 http fetch GET 200 https://registry.npmjs.org/@colors/colors/-/colors-1.5.0.tgz 17461ms (cache miss)
3216 timing reifyNode:node_modules/@colors/colors Completed in 18175ms
3217 http fetch GET 200 https://registry.npmjs.org/pg/-/pg-8.11.5.tgz 17797ms (cache miss)
3218 timing reifyNode:node_modules/pg Completed in 18226ms
3219 http fetch GET 200 https://registry.npmjs.org/jest-worker/-/jest-worker-29.7.0.tgz 17715ms (cache miss)
3220 timing reifyNode:node_modules/jest-worker Completed in 18219ms
3221 http fetch GET 200 https://registry.npmjs.org/eslint-config-airbnb-base/-/eslint-config-airbnb-base-15.0.0.tgz 17629ms (cache miss)
3222 timing reifyNode:node_modules/eslint-config-airbnb-base Completed in 18208ms
3223 http fetch GET 200 https://registry.npmjs.org/fast-redact/-/fast-redact-3.5.0.tgz 17647ms (cache miss)
3224 timing reifyNode:node_modules/fast-redact Completed in 18215ms
3225 http fetch GET 200 https://registry.npmjs.org/@babel/template/-/template-7.24.0.tgz 17478ms (cache miss)
3226 timing reifyNode:node_modules/@babel/template Completed in 18193ms
3227 timing reifyNode:node_modules/@fastify/sensible Completed in 18196ms
3228 http fetch GET 200 https://registry.npmjs.org/http2-wrapper/-/http2-wrapper-2.1.11.tgz 17695ms (cache miss)
3229 timing reifyNode:node_modules/http2-wrapper Completed in 18236ms
3230 http fetch GET 200 https://registry.npmjs.org/event-target-shim/-/event-target-shim-5.0.1.tgz 17653ms (cache miss)
3231 timing reifyNode:node_modules/event-target-shim Completed in 18230ms
3232 http fetch GET 200 https://registry.npmjs.org/electron-to-chromium/-/electron-to-chromium-1.4.746.tgz 17638ms (cache miss)
3233 timing reifyNode:node_modules/electron-to-chromium Completed in 18229ms
3234 http fetch GET 200 https://registry.npmjs.org/promise/-/promise-7.3.1.tgz 17850ms (cache miss)
3235 http fetch GET 200 https://registry.npmjs.org/cacache/-/cacache-17.1.4.tgz 17603ms (cache miss)
3236 timing reifyNode:node_modules/cacache Completed in 18227ms
3237 timing metavuln:cache:put:security-advisory:flatted:oa7V2KnuHnLCPcrXFvcQLRAa1NASGJm9yZ+B92xpfwxan7PZyVrZjYAHt6LB51PFfA2mM8KGE+VHR+U5X/2uZw== Completed in 423ms
3238 timing metavuln:calculate:security-advisory:flatted:1114526 Completed in 15576ms
3239 timing metavuln:cache:put:security-advisory:flatted:uMG/3R828PE31LVzr7SnM2pFAXessH3XoRtonZYiGJtZfR5a//VWhmdMxy/RepstCydCDFxkci7fqEuzEvhnAA== Completed in 423ms
3240 timing metavuln:calculate:security-advisory:flatted:1115357 Completed in 15575ms
3241 timing reifyNode:node_modules/@fastify/ajv-compiler Completed in 18219ms
3242 http fetch GET 200 https://registry.npmjs.org/@one-ini/wasm/-/wasm-0.1.1.tgz 17542ms (cache miss)
3243 timing reifyNode:node_modules/@one-ini/wasm Completed in 18223ms
3244 http fetch GET 200 https://registry.npmjs.org/mini-css-extract-plugin/-/mini-css-extract-plugin-2.9.0.tgz 17791ms (cache miss)
3245 timing reifyNode:node_modules/mini-css-extract-plugin Completed in 18265ms
3246 http fetch GET 200 https://registry.npmjs.org/envinfo/-/envinfo-7.12.0.tgz 17664ms (cache miss)
3247 timing reifyNode:node_modules/envinfo Completed in 18251ms
3248 http fetch GET 200 https://registry.npmjs.org/tar-fs/-/tar-fs-2.1.1.tgz 17941ms (cache miss)
3249 http fetch GET 200 https://registry.npmjs.org/cjs-module-lexer/-/cjs-module-lexer-1.2.3.tgz 17634ms (cache miss)
3250 timing reifyNode:node_modules/cjs-module-lexer Completed in 18249ms
3251 http fetch GET 200 https://registry.npmjs.org/@xtuc/long/-/long-4.2.2.tgz 17600ms (cache miss)
3252 timing reifyNode:node_modules/@xtuc/long Completed in 18247ms
3253 http fetch GET 200 https://registry.npmjs.org/qs 15594ms (cache miss)
3254 timing metavuln:packument:qs Completed in 15595ms
3255 timing metavuln:load:security-advisory:qs:1113161 Completed in 1ms
3256 timing metavuln:load:security-advisory:qs:1113719 Completed in 1ms
3257 http fetch GET 200 https://registry.npmjs.org/@jridgewell/source-map/-/source-map-0.3.6.tgz 17573ms (cache miss)
3258 timing reifyNode:node_modules/@jridgewell/source-map Completed in 18264ms
3259 http fetch GET 200 https://registry.npmjs.org/@types/eslint/-/eslint-8.4.6.tgz 17594ms (cache miss)
3260 timing reifyNode:node_modules/@types/eslint Completed in 18269ms
3261 http fetch GET 200 https://registry.npmjs.org/cacache/-/cacache-15.3.0.tgz 17509ms (cache miss)
3262 timing reifyNode:node_modules/sqlite3/node_modules/cacache Completed in 18328ms
3263 timing reifyNode:node_modules/promise Completed in 18326ms
3264 http fetch GET 200 https://registry.npmjs.org/fastify-error-page/-/fastify-error-page-4.0.0.tgz 17734ms (cache miss)
3265 timing reifyNode:node_modules/fastify-error-page Completed in 18300ms
3266 http fetch GET 200 https://registry.npmjs.org/ajv-keywords/-/ajv-keywords-3.5.2.tgz 17644ms (cache miss)
3267 timing reifyNode:node_modules/ajv-keywords Completed in 18288ms
3268 timing metavuln:cache:put:security-advisory:path-to-regexp:TmkHz1g6xKc2pnDD1h6+ZDKMikxz0M1BBY/wyR9ER8446AKOUk6gXjoSR2douZ5enAllzNSKaynTW1H+LBi1CA== Completed in 388ms
3269 timing metavuln:calculate:security-advisory:path-to-regexp:1101846 Completed in 15639ms
3270 http fetch GET 200 https://registry.npmjs.org/mustache/-/mustache-4.2.0.tgz 17856ms (cache miss)
3271 timing reifyNode:node_modules/tar-fs Completed in 18355ms
3272 http fetch GET 200 https://registry.npmjs.org/events/-/events-3.3.0.tgz 17740ms (cache miss)
3273 timing reifyNode:node_modules/events Completed in 18317ms
3274 http fetch GET 200 https://registry.npmjs.org/glob 15663ms (cache miss)
3275 timing metavuln:packument:glob Completed in 15667ms
3276 timing metavuln:load:security-advisory:glob:1109842 Completed in 1ms
3277 timing metavuln:cache:put:security-advisory:lodash:OGNA5lR8rR8aeucWHqvJLBV5oaroI/lF2JfG9J2l63dx9uiGUyHuI4ymC6nv+dqWwxtqCIMcqBukiWYEiF5/RQ== Completed in 375ms
3278 timing metavuln:calculate:security-advisory:lodash:1112455 Completed in 15661ms
3279 http fetch GET 200 https://registry.npmjs.org/jest-haste-map/-/jest-haste-map-29.7.0.tgz 17836ms (cache miss)
3280 timing reifyNode:node_modules/jest-haste-map Completed in 18343ms
3281 http fetch GET 200 https://registry.npmjs.org/argparse/-/argparse-1.0.10.tgz 17084ms (cache miss)
3282 timing reifyNode:node_modules/@istanbuljs/load-nyc-config/node_modules/argparse Completed in 18315ms
3283 http fetch GET 200 https://registry.npmjs.org/source-map-js/-/source-map-js-1.2.0.tgz 18001ms (cache miss)
3284 timing reifyNode:node_modules/source-map-js Completed in 18370ms
3285 http fetch GET 200 https://registry.npmjs.org/exponential-backoff/-/exponential-backoff-3.1.1.tgz 17769ms (cache miss)
3286 http fetch GET 200 https://registry.npmjs.org/@fastify/cookie/-/cookie-9.3.1.tgz 17616ms (cache miss)
3287 timing metavuln:cache:put:security-advisory:markdown-it:745Vt4mrHCdT8gFHVh7oHROmP4aH4fErXXhbpeVBhtIHmsxTVI7P3rJSdfXZ1iZTBS6GEnTERL4OWUfc4Co9jQ== Completed in 361ms
3288 timing metavuln:calculate:security-advisory:markdown-it:1113190 Completed in 15682ms
3289 http fetch GET 200 https://registry.npmjs.org/@jridgewell/trace-mapping/-/trace-mapping-0.3.25.tgz 17640ms (cache miss)
3290 timing reifyNode:node_modules/@jridgewell/trace-mapping Completed in 18330ms
3291 http fetch GET 200 https://registry.npmjs.org/schema-utils/-/schema-utils-3.3.0.tgz 17596ms (cache miss)
3292 timing reifyNode:node_modules/webpack/node_modules/schema-utils Completed in 18408ms
3293 timing reifyNode:node_modules/mustache Completed in 18384ms
3294 http fetch GET 200 https://registry.npmjs.org/validator 15709ms (cache miss)
3295 timing metavuln:packument:validator Completed in 15710ms
3296 timing metavuln:load:security-advisory:validator:1109241 Completed in 2ms
3297 timing metavuln:load:security-advisory:validator:1112713 Completed in 2ms
3298 timing reifyNode:node_modules/exponential-backoff Completed in 18396ms
3299 timing reifyNode:node_modules/@fastify/cookie Completed in 18378ms
3300 http fetch GET 200 https://registry.npmjs.org/css-loader/-/css-loader-7.1.1.tgz 17802ms (cache miss)
3301 timing reifyNode:node_modules/css-loader Completed in 18404ms
3302 http fetch GET 200 https://registry.npmjs.org/@babel/helper-module-transforms/-/helper-module-transforms-7.23.3.tgz 17667ms (cache miss)
3303 timing reifyNode:node_modules/@babel/helper-module-transforms Completed in 18388ms
3304 http fetch GET 200 https://registry.npmjs.org/nanoid 15749ms (cache miss)
3305 timing metavuln:packument:nanoid Completed in 15751ms
3306 timing metavuln:load:security-advisory:nanoid:1109563 Completed in 0ms
3307 http fetch GET 200 https://registry.npmjs.org/tar 15748ms (cache miss)
3308 timing metavuln:packument:tar Completed in 15749ms
3309 timing metavuln:load:security-advisory:tar:1112659 Completed in 1ms
3310 timing metavuln:load:security-advisory:tar:1113300 Completed in 1ms
3311 timing metavuln:load:security-advisory:tar:1113375 Completed in 1ms
3312 timing metavuln:load:security-advisory:tar:1114200 Completed in 4ms
3313 timing metavuln:load:security-advisory:tar:1114302 Completed in 1ms
3314 timing metavuln:load:security-advisory:tar:1114680 Completed in 1ms
3315 timing metavuln:load:security-advisory:tar:1097493 Completed in 1ms
3316 http fetch GET 200 https://registry.npmjs.org/schema-utils/-/schema-utils-3.3.0.tgz 17672ms (cache miss)
3317 timing reifyNode:node_modules/terser-webpack-plugin/node_modules/schema-utils Completed in 18484ms
3318 http fetch GET 200 https://registry.npmjs.org/jest-worker/-/jest-worker-27.5.1.tgz 17674ms (cache miss)
3319 http fetch GET 200 https://registry.npmjs.org/object-inspect/-/object-inspect-1.13.1.tgz 18024ms (cache miss)
3320 timing reifyNode:node_modules/object-inspect Completed in 18467ms
3321 http fetch GET 200 https://registry.npmjs.org/commander/-/commander-10.0.1.tgz 17839ms (cache miss)
3322 timing reifyNode:node_modules/commander Completed in 18448ms
3323 http fetch GET 200 https://registry.npmjs.org/minimatch 15800ms (cache miss)
3324 timing metavuln:packument:minimatch Completed in 15802ms
3325 timing metavuln:load:security-advisory:minimatch:1113459 Completed in 1ms
3326 timing metavuln:load:security-advisory:minimatch:1113461 Completed in 1ms
3327 timing metavuln:load:security-advisory:minimatch:1113465 Completed in 1ms
3328 timing metavuln:load:security-advisory:minimatch:1113538 Completed in 1ms
3329 timing metavuln:load:security-advisory:minimatch:1113540 Completed in 1ms
3330 timing metavuln:load:security-advisory:minimatch:1113544 Completed in 1ms
3331 timing metavuln:load:security-advisory:minimatch:1113546 Completed in 1ms
3332 timing metavuln:load:security-advisory:minimatch:1113548 Completed in 4ms
3333 timing metavuln:load:security-advisory:minimatch:1113552 Completed in 1ms
3334 http fetch GET 200 https://registry.npmjs.org/@fastify/secure-session/-/secure-session-7.5.1.tgz 17749ms (cache miss)
3335 timing reifyNode:node_modules/@fastify/secure-session Completed in 18453ms
3336 http fetch GET 200 https://registry.npmjs.org/find-my-way 15812ms (cache miss)
3337 timing metavuln:packument:find-my-way Completed in 15814ms
3338 timing metavuln:load:security-advisory:find-my-way:1099853 Completed in 1ms
3339 http fetch GET 200 https://registry.npmjs.org/json5/-/json5-2.2.3.tgz 18001ms (cache miss)
3340 timing reifyNode:node_modules/json5 Completed in 18494ms
3341 http fetch GET 200 https://registry.npmjs.org/readable-stream/-/readable-stream-3.6.2.tgz 18116ms (cache miss)
3342 timing reifyNode:node_modules/readable-stream Completed in 18516ms
3343 http fetch GET 200 https://registry.npmjs.org/esprima/-/esprima-4.0.1.tgz 17909ms (cache miss)
3344 timing reifyNode:node_modules/esprima Completed in 18487ms
3345 timing reifyNode:node_modules/terser-webpack-plugin/node_modules/jest-worker Completed in 18532ms
3346 http fetch GET 200 https://registry.npmjs.org/@eslint-community/eslint-utils/-/eslint-utils-4.4.0.tgz 17787ms (cache miss)
3347 timing reifyNode:node_modules/@eslint-community/eslint-utils Completed in 18494ms
3348 http fetch GET 200 https://registry.npmjs.org/node-addon-api/-/node-addon-api-4.3.0.tgz 18076ms (cache miss)
3349 timing reifyNode:node_modules/node-addon-api Completed in 18539ms
3350 http fetch GET 200 https://registry.npmjs.org/light-my-request/-/light-my-request-5.13.0.tgz 18052ms (cache miss)
3351 timing reifyNode:node_modules/light-my-request Completed in 18537ms
3352 http fetch GET 200 https://registry.npmjs.org/node-addon-api/-/node-addon-api-7.1.0.tgz 17742ms (cache miss)
3353 timing reifyNode:node_modules/sqlite3/node_modules/node-addon-api Completed in 18559ms
3354 http fetch GET 200 https://registry.npmjs.org/entities/-/entities-3.0.1.tgz 17937ms (cache miss)
3355 timing reifyNode:node_modules/entities Completed in 18525ms
3356 http fetch GET 200 https://registry.npmjs.org/esm/-/esm-3.2.25.tgz 17950ms (cache miss)
3357 timing reifyNode:node_modules/esm Completed in 18528ms
3358 http fetch GET 200 https://registry.npmjs.org/@tufjs/models/-/models-1.0.4.tgz 17843ms (cache miss)
3359 http fetch GET 200 https://registry.npmjs.org/sequelize-cli/-/sequelize-cli-6.6.2.tgz 18193ms (cache miss)
3360 timing reifyNode:node_modules/sequelize-cli Completed in 18577ms
3361 http fetch GET 200 https://registry.npmjs.org/@eslint-community/regexpp/-/regexpp-4.10.0.tgz 17831ms (cache miss)
3362 timing reifyNode:node_modules/@eslint-community/regexpp Completed in 18538ms
3363 http fetch GET 200 https://registry.npmjs.org/@jest/reporters/-/reporters-29.7.0.tgz 17849ms (cache miss)
3364 timing reifyNode:node_modules/@jest/reporters Completed in 18542ms
3365 timing metavuln:cache:put:security-advisory:qs:iChjlXxtVMTpyXsUse674XoeCayLW4gF6rE7sQcXvHRFegwpM44fUr9Eqlmsmu+S9udu9w9eZmpzcAcyiUJMIQ== Completed in 297ms
3366 timing metavuln:calculate:security-advisory:qs:1113719 Completed in 15894ms
3367 timing metavuln:cache:put:security-advisory:qs:vVSN+MRVpdux32gCUfPGidHUGmS/0G5Ziwtmb1YXw3NARw1r47LtySeR7yFf/LZ4sKzi41443WWDDZzPHuCh9g== Completed in 298ms
3368 timing metavuln:calculate:security-advisory:qs:1113161 Completed in 15894ms
3369 http fetch GET 200 https://registry.npmjs.org/jackspeak/-/jackspeak-2.3.6.tgz 18066ms (cache miss)
3370 timing reifyNode:node_modules/jackspeak Completed in 18576ms
3371 http fetch GET 200 https://registry.npmjs.org/ext/-/ext-1.7.0.tgz 18004ms (cache miss)
3372 timing reifyNode:node_modules/@tufjs/models Completed in 18564ms
3373 http fetch GET 200 https://registry.npmjs.org/wkx/-/wkx-0.5.0.tgz 18302ms (cache miss)
3374 timing reifyNode:node_modules/wkx Completed in 18630ms
3375 http fetch GET 200 https://registry.npmjs.org/minipass/-/minipass-7.0.4.tgz 17804ms (cache miss)
3376 timing reifyNode:node_modules/ssri/node_modules/minipass Completed in 18621ms
3377 http fetch GET 200 https://registry.npmjs.org/@sinonjs/commons/-/commons-3.0.1.tgz 17898ms (cache miss)
3378 http fetch GET 200 https://registry.npmjs.org/@babel%2fruntime 15941ms (cache miss)
3379 timing metavuln:packument:@babel/runtime Completed in 15943ms
3380 timing metavuln:load:security-advisory:@babel/runtime:1104000 Completed in 2ms
3381 timing metavuln:cache:put:security-advisory:glob:NTB2XjbDOgk4lkd8PZ3tUAm1F3E/ohGF6rl9/3LEO7Z0FDzSR5nWwzd3nUENA3NCNdyeR+35DOC12wPml2IV+g== Completed in 288ms
3382 timing metavuln:calculate:security-advisory:glob:1109842 Completed in 15956ms
3383 http fetch GET 200 https://registry.npmjs.org/qs/-/qs-6.12.1.tgz 18249ms (cache miss)
3384 timing reifyNode:node_modules/qs Completed in 18651ms
3385 timing reifyNode:node_modules/ext Completed in 18623ms
3386 timing reifyNode:node_modules/@sinonjs/commons Completed in 18621ms
3387 http fetch GET 200 https://registry.npmjs.org/minipass/-/minipass-7.0.4.tgz 17836ms (cache miss)
3388 timing reifyNode:node_modules/pacote/node_modules/fs-minipass/node_modules/minipass Completed in 18665ms
3389 http fetch GET 200 https://registry.npmjs.org/minipass/-/minipass-7.0.4.tgz 17839ms (cache miss)
3390 timing reifyNode:node_modules/path-scurry/node_modules/minipass Completed in 18666ms
3391 http fetch GET 200 https://registry.npmjs.org/minipass/-/minipass-7.0.4.tgz 17822ms (cache miss)
3392 timing reifyNode:node_modules/minipass-fetch/node_modules/minipass Completed in 18661ms
3393 http fetch GET 200 https://registry.npmjs.org/minipass/-/minipass-7.0.4.tgz 17811ms (cache miss)
3394 timing reifyNode:node_modules/glob/node_modules/minipass Completed in 18647ms
3395 http fetch GET 200 https://registry.npmjs.org/minipass/-/minipass-7.0.4.tgz 17785ms (cache miss)
3396 timing reifyNode:node_modules/cacache/node_modules/minipass Completed in 18635ms
3397 http fetch GET 200 https://registry.npmjs.org/thread-stream/-/thread-stream-2.6.0.tgz 18336ms (cache miss)
3398 http fetch GET 200 https://registry.npmjs.org/prompts-ncu/-/prompts-ncu-3.0.0.tgz 18268ms (cache miss)
3399 timing reifyNode:node_modules/prompts-ncu Completed in 18678ms
3400 timing metavuln:cache:put:security-advisory:validator:IkyJOqfhkev0E9tRX4zbgkqtsxJX67cd4upO2f1EheDpncnx522qyf9oLyXwjDcWGeZOQHSqJUAh/kUyYH60qQ== Completed in 273ms
3401 timing metavuln:calculate:security-advisory:validator:1109241 Completed in 15985ms
3402 http fetch GET 200 https://registry.npmjs.org/tar/-/tar-6.1.11.tgz 18345ms (cache miss)
3403 timing reifyNode:node_modules/tar Completed in 18702ms
3404 timing reifyNode:node_modules/thread-stream Completed in 18705ms
3405 http fetch GET 200 https://registry.npmjs.org/ajv 16012ms (cache miss)
3406 timing metavuln:packument:ajv Completed in 16015ms
3407 timing metavuln:load:security-advisory:ajv:1113714 Completed in 2ms
3408 timing metavuln:load:security-advisory:ajv:1113715 Completed in 5ms
3409 timing metavuln:cache:put:security-advisory:tar:qPQeYPFDBIedTWfYK3sbnScF6Ha7ouTs+wgndnz4PT5P+/K+GBD4epoPcYpXlu6AC7gSJlCJTJeuKbYAFoK9PA== Completed in 272ms
3410 timing metavuln:calculate:security-advisory:tar:1112659 Completed in 16022ms
3411 timing metavuln:cache:put:security-advisory:nanoid:SvMVdtEUVO5ESues2DL9aEFMy6oMG+saOn/tNitKJcx7q7CvMfC5ZcstpC8dbnZl5KL/q/3pYBvQrAPBFsC+nQ== Completed in 274ms
3412 timing metavuln:calculate:security-advisory:nanoid:1109563 Completed in 16026ms
3413 timing metavuln:cache:put:security-advisory:tar:vbDW3SJe6e2hhLv65iuyXehzCzEAirdu2MloZluu8ApJ5S0mpjZNCz+7tMRaz8WDOzMKfYQKi/M/IfcFNOa3Cw== Completed in 264ms
3414 timing metavuln:calculate:security-advisory:tar:1114680 Completed in 16022ms
3415 timing metavuln:cache:put:security-advisory:tar:cbwMpzkxWE086TmEbj2aUk80Z6hlvP0jzlWS+XiX15JwqEtFzUgHyHj3QX4I6EZYk8tgcYPuNr3hYFVCQY6e3Q== Completed in 272ms
3416 timing metavuln:calculate:security-advisory:tar:1113300 Completed in 16023ms
3417 timing metavuln:cache:put:security-advisory:tar:xsfciMtNhQn+Vb692L8h5HEYBYUJ5Lhjy3bF//LOsKSn8tp0f1hbuDX26k9UtKJNPZjM5uuq2Cxlz3KwL19oJg== Completed in 263ms
3418 timing metavuln:calculate:security-advisory:tar:1097493 Completed in 16022ms
3419 timing metavuln:cache:put:security-advisory:tar:eeMx7uxRjV2T2ub1XcSZGVUMDQllh5SgBOjApRXoDwccZb2xPyoJEKCNDkl/ZQGHcurw9K/Nf+wQF6u7SWH6CQ== Completed in 267ms
3420 timing metavuln:calculate:security-advisory:tar:1114200 Completed in 16023ms
3421 timing metavuln:cache:put:security-advisory:validator:K8tnmsGw+QkTexUmTWxKwuHjWuT7Hea3z5nNI9JdW3F0rI0+n7L2rpU8PIPJJVMbPs2Qmf97TEHw10QorOnMzQ== Completed in 308ms
3422 timing metavuln:calculate:security-advisory:validator:1112713 Completed in 16022ms
3423 timing metavuln:cache:put:security-advisory:tar:Bbf0Br7FJ1lJBIJDoLLFwjsDrbaYgLVqfrwr0ATzSQWEKW7Xp073S+5zxU9imRf4OqRJHo2MsCDeyKR0KRVsdA== Completed in 273ms
3424 timing metavuln:calculate:security-advisory:tar:1113375 Completed in 16025ms
3425 timing metavuln:cache:put:security-advisory:tar:UWW3Y4BpqE/fE3Qp2/QBaix5a7TZZoP7gM6asxPYL9ED9MweoK3ryao+Bp0Y6Y8Xds/rmjAafpG21YRYkP3N4g== Completed in 267ms
3426 timing metavuln:calculate:security-advisory:tar:1114302 Completed in 16024ms
3427 http fetch GET 200 https://registry.npmjs.org/type-fest/-/type-fest-0.20.2.tgz 18396ms (cache miss)
3428 timing reifyNode:node_modules/type-fest Completed in 18740ms
3429 timing metavuln:cache:put:security-advisory:minimatch:B00WbbnnDNaFGA7l9BgrTioYpRMzU4+U8SUF8cn65LwArJAK0O380QwyP/UyxPr7i9XUjX9/AADC41/edu9OrA== Completed in 253ms
3430 timing metavuln:calculate:security-advisory:minimatch:1113465 Completed in 16057ms
3431 timing metavuln:cache:put:security-advisory:minimatch:kx7kRjUmjSYmgQBpfsU82Na4xORZqvqpRRSlOyPLadasPBl0YfFJCjIETC00BG7Gd2omQLizgz8/GnnE/hk+Jw== Completed in 252ms
3432 timing metavuln:calculate:security-advisory:minimatch:1113538 Completed in 16057ms
3433 timing metavuln:cache:put:security-advisory:minimatch:txOieOIAfgHfBPiN09+pYAjPLRzgUOz3D3illtf9vTzeqs41QJZjfj5jVXCi/3ICpBX0YlJi/ghdWSjCJwNtwA== Completed in 251ms
3434 timing metavuln:calculate:security-advisory:minimatch:1113540 Completed in 16057ms
3435 timing metavuln:cache:put:security-advisory:minimatch:V/3cIcyAQcG1bwuH0e0PI9Qt5WRtbvb/WOz2mBxAfNzXf+Dvs9G1X05eHjnPq2b0TJY4zXXpqhCAkRAipgk3iQ== Completed in 255ms
3436 timing metavuln:calculate:security-advisory:minimatch:1113459 Completed in 16058ms
3437 timing metavuln:cache:put:security-advisory:minimatch:tdaAHfWGUw/nl/W8ALWVH+LvG2E3gvo3P2FI/fVPxm3aZteLxWMOEuk/9iDk5O0/cZN/GRXnabt/mW/bfUoL/g== Completed in 249ms
3438 timing metavuln:calculate:security-advisory:minimatch:1113546 Completed in 16056ms
3439 timing metavuln:cache:put:security-advisory:minimatch:IBqefxF0lKwSFXzwGHp5L8khqSaPYY99x0GHtXNH4YxtdIexeL4FFPzrnnBvkhgmGDEWHo3XAgpPYGyM1jidQQ== Completed in 245ms
3440 timing metavuln:calculate:security-advisory:minimatch:1113552 Completed in 16057ms
3441 timing metavuln:cache:put:security-advisory:find-my-way:ncPGiupWBmuLy3osYbi6NeA3zAkV0H2ETbz204QySGfjGMvhOUrckXpvAqjVyzsYU9NNJZrPHuMSulTPi+/bfw== Completed in 241ms
3442 timing metavuln:calculate:security-advisory:find-my-way:1099853 Completed in 16056ms
3443 timing metavuln:cache:put:security-advisory:minimatch:tJ9Z2VGWqiQfLaVKxc9K/6Rz1g70Mpl3An4UK+K1lyHdz27vYPzhMIkC4jRGAN2wpssY+8l13Ql259B6zkaX/Q== Completed in 262ms
3444 timing metavuln:calculate:security-advisory:minimatch:1113544 Completed in 16069ms
3445 http fetch GET 200 https://registry.npmjs.org/type-fest/-/type-fest-0.21.3.tgz 17862ms (cache miss)
3446 timing reifyNode:node_modules/ansi-escapes/node_modules/type-fest Completed in 18722ms
3447 timing metavuln:cache:put:security-advisory:minimatch:/utMkAt3a6jSPsaWIJ1J7tAb7G+ccGxNsymbhFTVWOMIyhRZOJ9QR0zn1SNtejrdUO5fsO4RDJKDMI6C5/bkuw== Completed in 279ms
3448 timing metavuln:calculate:security-advisory:minimatch:1113461 Completed in 16082ms
3449 timing metavuln:cache:put:security-advisory:minimatch:d1vHbFmApmPZ8D7tU5wibuYDk+ODEPdqBqmhQYykwFs/yMixetMkwY01zYVdWNOsg0NvkvSTlNgJ2ddzclruSA== Completed in 270ms
3450 timing metavuln:calculate:security-advisory:minimatch:1113548 Completed in 16081ms
3451 http fetch GET 200 https://registry.npmjs.org/@fastify/merge-json-schemas/-/merge-json-schemas-0.1.1.tgz 18018ms (cache miss)
3452 timing reifyNode:node_modules/@fastify/merge-json-schemas Completed in 18722ms
3453 http fetch GET 200 https://registry.npmjs.org/path-scurry/-/path-scurry-1.10.2.tgz 18373ms (cache miss)
3454 timing reifyNode:node_modules/path-scurry Completed in 18803ms
3455 http fetch GET 200 https://registry.npmjs.org/socks/-/socks-2.7.0.tgz 18447ms (cache miss)
3456 http fetch GET 200 https://registry.npmjs.org/pg-protocol/-/pg-protocol-1.6.1.tgz 18389ms (cache miss)
3457 timing reifyNode:node_modules/pg-protocol Completed in 18816ms
3458 http fetch GET 200 https://registry.npmjs.org/lru-cache/-/lru-cache-10.2.0.tgz 17990ms (cache miss)
3459 timing reifyNode:node_modules/path-scurry/node_modules/lru-cache Completed in 18816ms
3460 timing metavuln:cache:put:security-advisory:@babel/runtime:xDaNmlS3J8LRk7IfDb7e9Gp3gcy/xDr1QZXCKC997SMkqKVemm2guY9vQpRI6omD11L5cfCI+STpoAdxUgnVsA== Completed in 218ms
3461 timing metavuln:calculate:security-advisory:@babel/runtime:1104000 Completed in 16163ms
3462 timing reifyNode:node_modules/socks Completed in 18858ms
3463 http fetch GET 200 https://registry.npmjs.org/semver/-/semver-7.6.0.tgz 18483ms (cache miss)
3464 timing reifyNode:node_modules/semver Completed in 18867ms
3465 http fetch GET 200 https://registry.npmjs.org/acorn/-/acorn-8.11.3.tgz 18175ms (cache miss)
3466 timing reifyNode:node_modules/acorn Completed in 18823ms
3467 http fetch GET 200 https://registry.npmjs.org/@sigstore/protobuf-specs/-/protobuf-specs-0.2.1.tgz 18163ms (cache miss)
3468 timing reifyNode:node_modules/@sigstore/protobuf-specs Completed in 18842ms
3469 http fetch GET 200 https://registry.npmjs.org/postcss-selector-parser/-/postcss-selector-parser-6.0.16.tgz 18475ms (cache miss)
3470 timing reifyNode:node_modules/postcss-selector-parser Completed in 18889ms
3471 http fetch GET 200 https://registry.npmjs.org/@jest/core/-/core-29.7.0.tgz 18151ms (cache miss)
3472 timing reifyNode:node_modules/@jest/core Completed in 18851ms
3473 timing metavuln:cache:put:security-advisory:ajv:u4HOZ0QFYFTDLqnZ5TPSC8VEvP+HMuGcZACJuTqG8bm/gunrgkQwsiiH2pbF9tNIl45RK0sW2ccPzEojb1k0xQ== Completed in 198ms
3474 timing metavuln:calculate:security-advisory:ajv:1113714 Completed in 16215ms
3475 http fetch GET 200 https://registry.npmjs.org/graphemer/-/graphemer-1.4.0.tgz 18336ms (cache miss)
3476 timing metavuln:cache:put:security-advisory:ajv:URErmxoyazZWR5lFcXpgTkGsbkrUBDlzD8W6txjBw2wZoOC7oHjHFfCrRr/VnGeJvbyUY9E2jxrL8p2XbwfP8g== Completed in 200ms
3477 timing metavuln:calculate:security-advisory:ajv:1113715 Completed in 16224ms
3478 http fetch GET 200 https://registry.npmjs.org/postcss/-/postcss-8.4.38.tgz 18509ms (cache miss)
3479 timing reifyNode:node_modules/postcss Completed in 18931ms
3480 timing reifyNode:node_modules/graphemer Completed in 18913ms
3481 http fetch GET 200 https://registry.npmjs.org/readable-stream/-/readable-stream-4.5.2.tgz 18113ms (cache miss)
3482 timing reifyNode:node_modules/pino-abstract-transport/node_modules/readable-stream Completed in 18943ms
3483 http fetch GET 200 https://registry.npmjs.org/fast-glob/-/fast-glob-3.2.11.tgz 18362ms (cache miss)
3484 timing reifyNode:node_modules/fast-glob Completed in 18932ms
3485 http fetch GET 200 https://registry.npmjs.org/fs-extra/-/fs-extra-9.1.0.tgz 18381ms (cache miss)
3486 timing reifyNode:node_modules/fs-extra Completed in 18937ms
3487 http fetch GET 200 https://registry.npmjs.org/fast-copy/-/fast-copy-3.0.2.tgz 18377ms (cache miss)
3488 http fetch GET 200 https://registry.npmjs.org/readable-stream/-/readable-stream-4.5.2.tgz 18125ms (cache miss)
3489 timing reifyNode:node_modules/fastify-cli/node_modules/readable-stream Completed in 18963ms
3490 http fetch GET 200 https://registry.npmjs.org/readable-stream/-/readable-stream-4.5.2.tgz 18160ms (cache miss)
3491 timing reifyNode:node_modules/pino-pretty/node_modules/readable-stream Completed in 18987ms
3492 http fetch GET 200 https://registry.npmjs.org/enhanced-resolve/-/enhanced-resolve-5.16.0.tgz 18372ms (cache miss)
3493 timing reifyNode:node_modules/enhanced-resolve Completed in 18960ms
3494 http fetch GET 200 https://registry.npmjs.org/@webassemblyjs/ast/-/ast-1.12.1.tgz 18292ms (cache miss)
3495 timing reifyNode:node_modules/@webassemblyjs/ast Completed in 18953ms
3496 timing reifyNode:node_modules/fast-copy Completed in 18976ms
3497 http fetch GET 200 https://registry.npmjs.org/type-fest/-/type-fest-1.4.0.tgz 18138ms (cache miss)
3498 timing reifyNode:node_modules/crypto-random-string/node_modules/type-fest Completed in 18986ms
3499 http fetch GET 200 https://registry.npmjs.org/uuid/-/uuid-8.3.2.tgz 18713ms (cache miss)
3500 timing reifyNode:node_modules/uuid Completed in 19047ms
3501 http fetch GET 200 https://registry.npmjs.org/got/-/got-12.3.1.tgz 18464ms (cache miss)
3502 timing reifyNode:node_modules/got Completed in 19011ms
3503 http fetch GET 200 https://registry.npmjs.org/fastify 16355ms (cache miss)
3504 timing metavuln:packument:fastify Completed in 16360ms
3505 timing metavuln:load:security-advisory:fastify:1112876 Completed in 3ms
3506 timing metavuln:load:security-advisory:fastify:1112877 Completed in 6ms
3507 timing metavuln:load:security-advisory:fastify:1115367 Completed in 2ms
3508 http fetch GET 200 https://registry.npmjs.org/js-yaml/-/js-yaml-4.1.0.tgz 18551ms (cache miss)
3509 timing reifyNode:node_modules/js-yaml Completed in 19051ms
3510 http fetch GET 200 https://registry.npmjs.org/yargs/-/yargs-16.2.0.tgz 18271ms (cache miss)
3511 timing reifyNode:node_modules/sequelize-cli/node_modules/yargs Completed in 19091ms
3512 http fetch GET 200 https://registry.npmjs.org/js-yaml/-/js-yaml-3.14.1.tgz 17809ms (cache miss)
3513 timing reifyNode:node_modules/@istanbuljs/load-nyc-config/node_modules/js-yaml Completed in 19039ms
3514 http fetch GET 200 https://registry.npmjs.org/avvio/-/avvio-8.3.0.tgz 18423ms (cache miss)
3515 http fetch GET 200 https://registry.npmjs.org/concurrently/-/concurrently-8.2.2.tgz 18459ms (cache miss)
3516 timing reifyNode:node_modules/concurrently Completed in 19065ms
3517 http fetch GET 200 https://registry.npmjs.org/minimatch/-/minimatch-9.0.4.tgz 18256ms (cache miss)
3518 http fetch GET 200 https://registry.npmjs.org/i18next/-/i18next-23.11.2.tgz 18557ms (cache miss)
3519 timing reifyNode:node_modules/i18next Completed in 19093ms
3520 timing reifyNode:node_modules/avvio Completed in 19081ms
3521 http fetch GET 200 https://registry.npmjs.org/@fastify/send/-/send-2.1.0.tgz 18380ms (cache miss)
3522 http fetch GET 200 https://registry.npmjs.org/minimatch/-/minimatch-9.0.4.tgz 18272ms (cache miss)
3523 http fetch GET 200 https://registry.npmjs.org/minimatch/-/minimatch-9.0.4.tgz 18232ms (cache miss)
3524 timing reifyNode:node_modules/ignore-walk/node_modules/minimatch Completed in 19119ms
3525 http fetch GET 200 https://registry.npmjs.org/yargs/-/yargs-17.7.2.tgz 18837ms (cache miss)
3526 http fetch GET 200 https://registry.npmjs.org/minimatch/-/minimatch-9.0.4.tgz 18310ms (cache miss)
3527 http fetch GET 200 https://registry.npmjs.org/minimatch/-/minimatch-9.0.1.tgz 18270ms (cache miss)
3528 timing reifyNode:node_modules/@fastify/send Completed in 19109ms
3529 timing reifyNode:node_modules/glob/node_modules/minimatch Completed in 19135ms
3530 timing reifyNode:node_modules/@tufjs/models/node_modules/minimatch Completed in 19116ms
3531 timing reifyNode:node_modules/yargs Completed in 19187ms
3532 http fetch GET 200 https://registry.npmjs.org/@sinclair/typebox/-/typebox-0.27.8.tgz 18449ms (cache miss)
3533 timing reifyNode:node_modules/@sinclair/typebox Completed in 19127ms
3534 timing reifyNode:node_modules/npm-check-updates/node_modules/minimatch Completed in 19166ms
3535 timing reifyNode:node_modules/editorconfig/node_modules/minimatch Completed in 19143ms
3536 http fetch GET 200 https://registry.npmjs.org/@eslint/eslintrc/-/eslintrc-2.1.4.tgz 18311ms (cache miss)
3537 timing reifyNode:node_modules/eslint/node_modules/@eslint/eslintrc Completed in 19161ms
3538 http fetch GET 200 https://registry.npmjs.org/esquery/-/esquery-1.5.0.tgz 18587ms (cache miss)
3539 timing reifyNode:node_modules/esquery Completed in 19165ms
3540 timing metavuln:cache:put:security-advisory:fastify:5OdrwYv5Xzq+rI3bchsuaHIz85Yyo5gTdhOrQGf2Em7pRhXXR2ur0R7W7qQ6UpWsSxuRBW8Fdp57dyqUhR5/yw== Completed in 150ms
3541 timing metavuln:calculate:security-advisory:fastify:1112876 Completed in 16514ms
3542 timing metavuln:cache:put:security-advisory:fastify:vrddC5kD1iC6bjQC2yMAnNLy1/+VmRDX3Vr+8eGmbbd/ikD6VgNiIpwTn2TMS3TAzr8ZR+5OeLpu/4I5U8QBKA== Completed in 141ms
3543 timing metavuln:calculate:security-advisory:fastify:1115367 Completed in 16513ms
3544 timing metavuln:cache:put:security-advisory:fastify:Mu3bbsgGIQMzQU+JUqKbxbOdmJ9sahc+8jmwkzzm3/7BqYYzReNvhjLjZ9XT5ElUjr+2gUCz/6X6tV16iM+obQ== Completed in 145ms
3545 timing metavuln:calculate:security-advisory:fastify:1112877 Completed in 16514ms
3546 http fetch GET 200 https://registry.npmjs.org/iconv-lite/-/iconv-lite-0.6.3.tgz 18650ms (cache miss)
3547 http fetch GET 200 https://registry.npmjs.org/type-fest/-/type-fest-2.19.0.tgz 18326ms (cache miss)
3548 timing reifyNode:node_modules/boxen/node_modules/type-fest Completed in 19178ms
3549 http fetch GET 200 https://registry.npmjs.org/uri-js/-/uri-js-4.4.1.tgz 18904ms (cache miss)
3550 timing reifyNode:node_modules/iconv-lite Completed in 19210ms
3551 http fetch GET 200 https://registry.npmjs.org/@bcoe/v8-coverage/-/v8-coverage-0.2.3.tgz 18482ms (cache miss)
3552 timing reifyNode:node_modules/uri-js Completed in 19260ms
3553 http fetch GET 200 https://registry.npmjs.org/@babel/generator/-/generator-7.24.4.tgz 18471ms (cache miss)
3554 timing reifyNode:node_modules/@babel/generator Completed in 19200ms
3555 timing reifyNode:node_modules/@bcoe/v8-coverage Completed in 19210ms
3556 http fetch GET 200 https://registry.npmjs.org/source-map/-/source-map-0.6.1.tgz 18902ms (cache miss)
3557 timing reifyNode:node_modules/source-map Completed in 19271ms
3558 http fetch GET 200 https://registry.npmjs.org/prompts/-/prompts-2.4.2.tgz 18855ms (cache miss)
3559 timing reifyNode:node_modules/prompts Completed in 19266ms
3560 http fetch GET 200 https://registry.npmjs.org/@sigstore/sign/-/sign-1.0.0.tgz 18562ms (cache miss)
3561 http fetch GET 200 https://registry.npmjs.org/acorn/-/acorn-7.4.1.tgz 18434ms (cache miss)
3562 timing reifyNode:node_modules/is-expression/node_modules/acorn Completed in 19271ms
3563 http fetch GET 200 https://registry.npmjs.org/@eslint/eslintrc/-/eslintrc-3.0.2.tgz 18538ms (cache miss)
3564 timing reifyNode:node_modules/@eslint/eslintrc Completed in 19244ms
3565 http fetch GET 200 https://registry.npmjs.org/tsconfig-paths/-/tsconfig-paths-3.15.0.tgz 18966ms (cache miss)
3566 timing reifyNode:node_modules/tsconfig-paths Completed in 19313ms
3567 timing reifyNode:node_modules/@sigstore/sign Completed in 19256ms
3568 http fetch GET 200 https://registry.npmjs.org/sequelize 16605ms (cache miss)
3569 timing metavuln:packument:sequelize Completed in 16614ms
3570 timing metavuln:load:security-advisory:sequelize:1114318 Completed in 6ms
3571 http fetch GET 200 https://registry.npmjs.org/glob/-/glob-10.3.12.tgz 18744ms (cache miss)
3572 http fetch GET 200 https://registry.npmjs.org/bluebird/-/bluebird-3.7.2.tgz 18664ms (cache miss)
3573 timing reifyNode:node_modules/bluebird Completed in 19291ms
3574 http fetch GET 200 https://registry.npmjs.org/pino-pretty/-/pino-pretty-11.0.0.tgz 18913ms (cache miss)
3575 timing reifyNode:node_modules/glob Completed in 19320ms
3576 http fetch GET 200 https://registry.npmjs.org/pure-rand/-/pure-rand-6.1.0.tgz 18953ms (cache miss)
3577 timing reifyNode:node_modules/pino-pretty Completed in 19353ms
3578 http fetch GET 200 https://registry.npmjs.org/pino-pretty/-/pino-pretty-10.3.1.tgz 18492ms (cache miss)
3579 timing reifyNode:node_modules/fastify-cli/node_modules/pino-pretty Completed in 19331ms
3580 timing reifyNode:node_modules/pure-rand Completed in 19367ms
3581 http fetch GET 200 https://registry.npmjs.org/istanbul-reports/-/istanbul-reports-3.1.7.tgz 18856ms (cache miss)
3582 timing reifyNode:node_modules/istanbul-reports Completed in 19376ms
3583 http fetch GET 200 https://registry.npmjs.org/sigstore/-/sigstore-1.9.0.tgz 19034ms (cache miss)
3584 timing reifyNode:node_modules/sigstore Completed in 19408ms
3585 timing metavuln:cache:put:security-advisory:sequelize:wjhMoLZiiqIacD4+V2lI9921Z2ZeJryL/EpzUzvbYcIegwFDJzNWjjO/YQBa50uUmoyjfCuJxHX0z9qwD769Dg== Completed in 106ms
3586 timing metavuln:calculate:security-advisory:sequelize:1114318 Completed in 16726ms
3587 http fetch GET 200 https://registry.npmjs.org/generify/-/generify-4.2.0.tgz 18862ms (cache miss)
3588 http fetch GET 200 https://registry.npmjs.org/find-my-way/-/find-my-way-8.1.0.tgz 18863ms (cache miss)
3589 timing reifyNode:node_modules/find-my-way Completed in 19422ms
3590 timing reifyNode:node_modules/generify Completed in 19432ms
3591 http fetch GET 200 https://registry.npmjs.org/neo-async/-/neo-async-2.6.2.tgz 18987ms (cache miss)
3592 timing reifyNode:node_modules/neo-async Completed in 19450ms
3593 http fetch GET 200 https://registry.npmjs.org/fast-json-stringify/-/fast-json-stringify-5.14.1.tgz 18873ms (cache miss)
3594 timing reifyNode:node_modules/fast-json-stringify Completed in 19442ms
3595 http fetch GET 200 https://registry.npmjs.org/markdown-it/-/markdown-it-13.0.2.tgz 19001ms (cache miss)
3596 timing reifyNode:node_modules/markdown-it Completed in 19481ms
3597 http fetch GET 200 https://registry.npmjs.org/@fastify/view/-/view-9.0.0.tgz 18785ms (cache miss)
3598 timing reifyNode:node_modules/@fastify/view Completed in 19505ms
3599 http fetch GET 200 https://registry.npmjs.org/@babel/traverse/-/traverse-7.24.1.tgz 18801ms (cache miss)
3600 timing reifyNode:node_modules/@babel/traverse Completed in 19509ms
3601 http fetch GET 200 https://registry.npmjs.org/rimraf/-/rimraf-5.0.5.tgz 18727ms (cache miss)
3602 timing reifyNode:node_modules/npm-check-updates/node_modules/rimraf Completed in 19574ms
3603 http fetch GET 200 https://registry.npmjs.org/db-errors/-/db-errors-0.2.3.tgz 18950ms (cache miss)
3604 timing reifyNode:node_modules/db-errors Completed in 19565ms
3605 http fetch GET 200 https://registry.npmjs.org/@babel/helpers/-/helpers-7.24.4.tgz 18848ms (cache miss)
3606 timing reifyNode:node_modules/@babel/helpers Completed in 19569ms
3607 http fetch GET 200 https://registry.npmjs.org/@babel/parser/-/parser-7.24.4.tgz 18869ms (cache miss)
3608 timing reifyNode:node_modules/@babel/parser Completed in 19601ms
3609 http fetch GET 200 https://registry.npmjs.org/js-beautify/-/js-beautify-1.15.1.tgz 19145ms (cache miss)
3610 timing reifyNode:node_modules/js-beautify Completed in 19646ms
3611 http fetch GET 200 https://registry.npmjs.org/webpack 16972ms (cache miss)
3612 timing metavuln:packument:webpack Completed in 16986ms
3613 timing metavuln:load:security-advisory:webpack:1113041 Completed in 8ms
3614 timing metavuln:load:security-advisory:webpack:1113042 Completed in 10ms
3615 timing metavuln:load:security-advisory:webpack:1099351 Completed in 8ms
3616 http fetch GET 200 https://registry.npmjs.org/ajv-keywords/-/ajv-keywords-5.1.0.tgz 18904ms (cache miss)
3617 timing reifyNode:node_modules/schema-utils/node_modules/ajv-keywords Completed in 19725ms
3618 http fetch GET 200 https://registry.npmjs.org/@types/validator/-/validator-13.11.9.tgz 19067ms (cache miss)
3619 timing metavuln:cache:put:security-advisory:webpack:IzHFkMfHDC+SV3IL23ZHngntgLDUgyESA9Ge8Mh5rKNVcDpaWLuTZIcoUJg4/bAH+BQlnDzJ4nLfJCy6fOIM0A== Completed in 92ms
3620 timing metavuln:calculate:security-advisory:webpack:1113041 Completed in 17086ms
3621 timing metavuln:cache:put:security-advisory:webpack:7Pl1j4sHKhCQAEccTmt3XZIEEazRzvyC0TOx07N0G7o5OIhhZ0j0Ji3KSCbTwfmCR/2OHJ3Mx5ZmedDQEQeBbg== Completed in 72ms
3622 timing metavuln:calculate:security-advisory:webpack:1099351 Completed in 17085ms
3623 timing metavuln:cache:put:security-advisory:webpack:s8eUYzfoKCRSDroeyV91F0huXvDaY4W8tlhzcL2BszFV9dolZHIAn/UZ/7LVU12F35esXqY1PqnhYKHfHcDozQ== Completed in 82ms
3624 timing metavuln:calculate:security-advisory:webpack:1113042 Completed in 17086ms
3625 timing reifyNode:node_modules/@types/validator Completed in 19745ms
3626 timing metavuln:cache:get:security-advisory:@babel/core:rHFDgAPDp/sCXbJTVH1CD++gRwqnDm1l5hjqv1UshTfFC03lkAXjHj5sWn7bV61VhpDSBibBqnzYuoOuIJuY0Q== Completed in 7ms
3627 http fetch GET 200 https://registry.npmjs.org/ajv/-/ajv-6.12.6.tgz 21978ms (cache miss)
3628 timing reifyNode:node_modules/ajv Completed in 22622ms
3629 http fetch GET 200 https://registry.npmjs.org/resolve/-/resolve-1.22.8.tgz 22279ms (cache miss)
3630 timing reifyNode:node_modules/resolve Completed in 22673ms
3631 http fetch GET 200 https://registry.npmjs.org/type/-/type-2.7.2.tgz 22345ms (cache miss)
3632 timing reifyNode:node_modules/type Completed in 22703ms
3633 http fetch GET 200 https://registry.npmjs.org/@fastify/static/-/static-7.0.3.tgz 22008ms (cache miss)
3634 http fetch GET 200 https://registry.npmjs.org/terser/-/terser-5.30.4.tgz 22425ms (cache miss)
3635 timing reifyNode:node_modules/terser Completed in 22781ms
3636 timing reifyNode:node_modules/@fastify/static Completed in 22720ms
3637 http fetch GET 200 https://registry.npmjs.org/moment-timezone/-/moment-timezone-0.5.45.tgz 22295ms (cache miss)
3638 timing reifyNode:node_modules/moment-timezone Completed in 22774ms
3639 http fetch GET 200 https://registry.npmjs.org/@babel%2fcore 3022ms (cache miss)
3640 timing metavuln:packument:@babel/core Completed in 3025ms
3641 timing metavuln:load:security-advisory:@babel/core:+NsF1flAI8VENgJn0XVIWaC4lCe3b89AZgBOx219qXn/BdXH1EWl/yD49aHbhQimIG4kna8zgkunsmpiAVwNPQ== Completed in 49ms
3642 http fetch GET 200 https://registry.npmjs.org/eslint-plugin-import/-/eslint-plugin-import-2.29.1.tgz 22227ms (cache miss)
3643 timing reifyNode:node_modules/eslint-plugin-import Completed in 22846ms
3644 http fetch GET 200 https://registry.npmjs.org/@types/node/-/node-20.12.7.tgz 22174ms (cache miss)
3645 timing reifyNode:node_modules/@types/node Completed in 22850ms
3646 http fetch GET 200 https://registry.npmjs.org/@babel/core/-/core-7.24.4.tgz 22119ms (cache miss)
3647 timing reifyNode:node_modules/@babel/core Completed in 22850ms
3648 timing metavuln:cache:put:security-advisory:@babel/core:rHFDgAPDp/sCXbJTVH1CD++gRwqnDm1l5hjqv1UshTfFC03lkAXjHj5sWn7bV61VhpDSBibBqnzYuoOuIJuY0Q== Completed in 64ms
3649 timing metavuln:calculate:security-advisory:@babel/core:+NsF1flAI8VENgJn0XVIWaC4lCe3b89AZgBOx219qXn/BdXH1EWl/yD49aHbhQimIG4kna8zgkunsmpiAVwNPQ== Completed in 3138ms
3650 timing metavuln:cache:get:security-advisory:date-fns:kHMTVg+O95Y0EFfM2HO1mb7SZ4p5vWeiW1gikHyGe2x3c6+UXU8uqt+wXkUDmiXnjlJPeS0xt/QOsr/K++6P+Q== Completed in 5ms
3651 timing metavuln:cache:get:security-advisory:i18next:l4tbfjbVOZGuH/00FuoHxAf5DtkJBCMqzu0CQ4juWz1pfNe0diGF78qD/NikjjOQugC9THUj3QGPzO/X2ByTaQ== Completed in 5ms
3652 http fetch GET 200 https://registry.npmjs.org/@babel/runtime/-/runtime-7.24.4.tgz 22186ms (cache miss)
3653 timing reifyNode:node_modules/@babel/runtime Completed in 22902ms
3654 http fetch GET 200 https://registry.npmjs.org/jquery/-/jquery-3.7.1.tgz 22443ms (cache miss)
3655 timing reifyNode:node_modules/jquery Completed in 22945ms
3656 http fetch GET 200 https://registry.npmjs.org/sqlite3/-/sqlite3-5.1.7.tgz 22621ms (cache miss)
3657 timing reifyNode:node_modules/sqlite3 Completed in 22998ms
3658 http fetch GET 200 https://registry.npmjs.org/@vscode/sqlite3/-/sqlite3-5.1.2.tgz 22288ms (cache miss)
3659 timing reifyNode:node_modules/@vscode/sqlite3 Completed in 22956ms
3660 http fetch GET 200 https://registry.npmjs.org/validator/-/validator-13.11.0.tgz 22791ms (cache miss)
3661 timing reifyNode:node_modules/validator Completed in 23123ms
3662 http fetch GET 200 https://registry.npmjs.org/date-fns 200ms (cache miss)
3663 timing metavuln:packument:date-fns Completed in 204ms
3664 timing metavuln:load:security-advisory:date-fns:xDaNmlS3J8LRk7IfDb7e9Gp3gcy/xDr1QZXCKC997SMkqKVemm2guY9vQpRI6omD11L5cfCI+STpoAdxUgnVsA== Completed in 1ms
3665 http fetch GET 200 https://registry.npmjs.org/pino/-/pino-8.20.0.tgz 22705ms (cache miss)
3666 timing reifyNode:node_modules/pino Completed in 23144ms
3667 timing metavuln:cache:put:security-advisory:date-fns:kHMTVg+O95Y0EFfM2HO1mb7SZ4p5vWeiW1gikHyGe2x3c6+UXU8uqt+wXkUDmiXnjlJPeS0xt/QOsr/K++6P+Q== Completed in 61ms
3668 timing metavuln:calculate:security-advisory:date-fns:xDaNmlS3J8LRk7IfDb7e9Gp3gcy/xDr1QZXCKC997SMkqKVemm2guY9vQpRI6omD11L5cfCI+STpoAdxUgnVsA== Completed in 267ms
3669 http fetch GET 200 https://registry.npmjs.org/fastify-cli/-/fastify-cli-6.1.1.tgz 22611ms (cache miss)
3670 timing reifyNode:node_modules/fastify-cli Completed in 23190ms
3671 http fetch GET 200 https://registry.npmjs.org/node-gyp/-/node-gyp-8.4.1.tgz 22421ms (cache miss)
3672 timing reifyNode:node_modules/sqlite3/node_modules/node-gyp Completed in 23246ms
3673 http fetch GET 200 https://registry.npmjs.org/npm-check-updates/-/npm-check-updates-16.14.18.tgz 22787ms (cache miss)
3674 timing reifyNode:node_modules/npm-check-updates Completed in 23232ms
3675 http fetch GET 200 https://registry.npmjs.org/objection/-/objection-3.1.4.tgz 22806ms (cache miss)
3676 timing reifyNode:node_modules/objection Completed in 23248ms
3677 http fetch GET 200 https://registry.npmjs.org/node-gyp/-/node-gyp-9.4.1.tgz 22794ms (cache miss)
3678 timing reifyNode:node_modules/node-gyp Completed in 23261ms
3679 http fetch GET 200 https://registry.npmjs.org/knex/-/knex-3.1.0.tgz 22890ms (cache miss)
3680 timing reifyNode:node_modules/knex Completed in 23376ms
3681 http fetch GET 200 https://registry.npmjs.org/knex/-/knex-2.5.1.tgz 22543ms (cache miss)
3682 timing reifyNode:node_modules/fastify-objectionjs/node_modules/knex Completed in 23379ms
3683 http fetch GET 200 https://registry.npmjs.org/@babel/types/-/types-7.24.0.tgz 22692ms (cache miss)
3684 timing reifyNode:node_modules/@babel/types Completed in 23404ms
3685 http fetch GET 200 https://registry.npmjs.org/i18next 563ms (cache miss)
3686 timing metavuln:packument:i18next Completed in 571ms
3687 timing metavuln:load:security-advisory:i18next:xDaNmlS3J8LRk7IfDb7e9Gp3gcy/xDr1QZXCKC997SMkqKVemm2guY9vQpRI6omD11L5cfCI+STpoAdxUgnVsA== Completed in 7ms
3688 http fetch GET 200 https://registry.npmjs.org/@popperjs/core/-/core-2.11.8.tgz 22788ms (cache miss)
3689 timing reifyNode:node_modules/@popperjs/core Completed in 23475ms
3690 timing metavuln:cache:put:security-advisory:i18next:l4tbfjbVOZGuH/00FuoHxAf5DtkJBCMqzu0CQ4juWz1pfNe0diGF78qD/NikjjOQugC9THUj3QGPzO/X2ByTaQ== Completed in 33ms
3691 timing metavuln:calculate:security-advisory:i18next:xDaNmlS3J8LRk7IfDb7e9Gp3gcy/xDr1QZXCKC997SMkqKVemm2guY9vQpRI6omD11L5cfCI+STpoAdxUgnVsA== Completed in 612ms
3692 timing metavuln:cache:get:security-advisory:@eslint/eslintrc:aTNWJFSkw5DS4SB2nZgnaAFFdAXCgYakUu7Vnu0VAj0AclpVyjznKIgNeS8Irm+NcHSORmoypttmDbChxemxqA== Completed in 3ms
3693 timing metavuln:cache:get:security-advisory:ajv-keywords:CfFtUnAadfuCbS71yeRl9tl/9HIXJ6js/s7gXlcBmi25TSuj5fGBRan13Z6fruYADIymacHLp/CVDNUa5XJjlQ== Completed in 3ms
3694 timing metavuln:cache:get:security-advisory:eslint:6kRX7Aokk76Jx6XoOHiMSU8BTR90SQMK5AZjmt7HFdN87a8DFzzjuJwsTWoA1xHp5ATdta4R7ud3Xw2YczLZlA== Completed in 2ms
3695 timing metavuln:cache:get:security-advisory:schema-utils:vlNV1ObVfukgjaciZvL6tO81wrIqbupJy3JWyMpfVe/qCIyWAVHkVJWWQRgYkBk00jAcxPQ8I4FgEcesSO9D+Q== Completed in 2ms
3696 http fetch GET 200 https://registry.npmjs.org/ajv-keywords 103ms (cache miss)
3697 timing metavuln:packument:ajv-keywords Completed in 104ms
3698 timing metavuln:load:security-advisory:ajv-keywords:u4HOZ0QFYFTDLqnZ5TPSC8VEvP+HMuGcZACJuTqG8bm/gunrgkQwsiiH2pbF9tNIl45RK0sW2ccPzEojb1k0xQ== Completed in 14ms
3699 http fetch GET 200 https://registry.npmjs.org/@eslint%2feslintrc 134ms (cache miss)
3700 timing metavuln:packument:@eslint/eslintrc Completed in 135ms
3701 timing metavuln:load:security-advisory:@eslint/eslintrc:u4HOZ0QFYFTDLqnZ5TPSC8VEvP+HMuGcZACJuTqG8bm/gunrgkQwsiiH2pbF9tNIl45RK0sW2ccPzEojb1k0xQ== Completed in 1ms
3702 http fetch GET 200 https://registry.npmjs.org/schema-utils 153ms (cache miss)
3703 timing metavuln:packument:schema-utils Completed in 153ms
3704 timing metavuln:load:security-advisory:schema-utils:u4HOZ0QFYFTDLqnZ5TPSC8VEvP+HMuGcZACJuTqG8bm/gunrgkQwsiiH2pbF9tNIl45RK0sW2ccPzEojb1k0xQ== Completed in 3ms
3705 timing metavuln:cache:put:security-advisory:ajv-keywords:CfFtUnAadfuCbS71yeRl9tl/9HIXJ6js/s7gXlcBmi25TSuj5fGBRan13Z6fruYADIymacHLp/CVDNUa5XJjlQ== Completed in 49ms
3706 timing metavuln:calculate:security-advisory:ajv-keywords:u4HOZ0QFYFTDLqnZ5TPSC8VEvP+HMuGcZACJuTqG8bm/gunrgkQwsiiH2pbF9tNIl45RK0sW2ccPzEojb1k0xQ== Completed in 168ms
3707 timing metavuln:cache:put:security-advisory:@eslint/eslintrc:aTNWJFSkw5DS4SB2nZgnaAFFdAXCgYakUu7Vnu0VAj0AclpVyjznKIgNeS8Irm+NcHSORmoypttmDbChxemxqA== Completed in 42ms
3708 timing metavuln:calculate:security-advisory:@eslint/eslintrc:u4HOZ0QFYFTDLqnZ5TPSC8VEvP+HMuGcZACJuTqG8bm/gunrgkQwsiiH2pbF9tNIl45RK0sW2ccPzEojb1k0xQ== Completed in 178ms
3709 timing metavuln:cache:put:security-advisory:schema-utils:vlNV1ObVfukgjaciZvL6tO81wrIqbupJy3JWyMpfVe/qCIyWAVHkVJWWQRgYkBk00jAcxPQ8I4FgEcesSO9D+Q== Completed in 39ms
3710 timing metavuln:calculate:security-advisory:schema-utils:u4HOZ0QFYFTDLqnZ5TPSC8VEvP+HMuGcZACJuTqG8bm/gunrgkQwsiiH2pbF9tNIl45RK0sW2ccPzEojb1k0xQ== Completed in 196ms
3711 http fetch GET 200 https://registry.npmjs.org/eslint 273ms (cache miss)
3712 timing metavuln:packument:eslint Completed in 282ms
3713 timing metavuln:load:security-advisory:eslint:u4HOZ0QFYFTDLqnZ5TPSC8VEvP+HMuGcZACJuTqG8bm/gunrgkQwsiiH2pbF9tNIl45RK0sW2ccPzEojb1k0xQ== Completed in 6ms
3714 timing metavuln:cache:put:security-advisory:eslint:6kRX7Aokk76Jx6XoOHiMSU8BTR90SQMK5AZjmt7HFdN87a8DFzzjuJwsTWoA1xHp5ATdta4R7ud3Xw2YczLZlA== Completed in 38ms
3715 timing metavuln:calculate:security-advisory:eslint:u4HOZ0QFYFTDLqnZ5TPSC8VEvP+HMuGcZACJuTqG8bm/gunrgkQwsiiH2pbF9tNIl45RK0sW2ccPzEojb1k0xQ== Completed in 326ms
3716 timing metavuln:cache:get:security-advisory:@fastify/ajv-compiler:+MLdGrUswLVyvmXiuYG66Nr9N0uWS06Mp2b1NPYRzxFzRanMM4snyVQYmf7jDlBCLmagi+ylWXX6kGn5g5IXJg== Completed in 4ms
3717 timing metavuln:cache:get:security-advisory:ajv-formats:FvZpb7jSNyyWiQIVPGitnU868Mo9VzJTfWeYAHvgwc94UdQjyn/4YC1QV41UK3biKRAfI35CyKmFL3IDemDaKQ== Completed in 3ms
3718 timing metavuln:cache:get:security-advisory:fast-json-stringify:XZWsOq+kHn1UjLK/uKvUbRzYGtOQyzV/hW4n+VQ+pUIUFFHT8wgzf3SfcccZ6hMHYV0BuN0TqHOEr1Pvh2AbvQ== Completed in 3ms
3719 timing metavuln:cache:get:security-advisory:objection:jeTPYs/kAD6NSRH/MdI7QnU+4Hiwje7WgQEBOjoTX9eJtgPbcSXlxjiVq480QD1AoBjpOEDDxi5b4uTcS/+5FA== Completed in 2ms
3720 timing metavuln:cache:get:security-advisory:schema-utils:jeD++QW3RmuXUj4724QcitSOqXm1y5wbrmfm8CQ+ksMJQx9x5aXXN4+FC6sDGla6lZbT/KpvddsLwTCnkcqp7w== Completed in 2ms
3721 timing metavuln:load:security-advisory:schema-utils:URErmxoyazZWR5lFcXpgTkGsbkrUBDlzD8W6txjBw2wZoOC7oHjHFfCrRr/VnGeJvbyUY9E2jxrL8p2XbwfP8g== Completed in 4ms
3722 timing metavuln:cache:get:security-advisory:ajv-keywords:2GXRn8zsuxNEY7/qN6wYE4CrPKkAphM+4Wm/OdOGHx+Nj0CLwtJcho1aVT3xUylELIHg6tXqQVmGBKQ2DdlCMA== Completed in 6ms
3723 timing metavuln:load:security-advisory:ajv-keywords:URErmxoyazZWR5lFcXpgTkGsbkrUBDlzD8W6txjBw2wZoOC7oHjHFfCrRr/VnGeJvbyUY9E2jxrL8p2XbwfP8g== Completed in 8ms
3724 http fetch GET 200 https://registry.npmjs.org/es5-ext/-/es5-ext-0.10.64.tgz 23273ms (cache miss)
3725 timing reifyNode:node_modules/es5-ext Completed in 23855ms
3726 timing metavuln:cache:put:security-advisory:schema-utils:jeD++QW3RmuXUj4724QcitSOqXm1y5wbrmfm8CQ+ksMJQx9x5aXXN4+FC6sDGla6lZbT/KpvddsLwTCnkcqp7w== Completed in 42ms
3727 timing metavuln:calculate:security-advisory:schema-utils:URErmxoyazZWR5lFcXpgTkGsbkrUBDlzD8W6txjBw2wZoOC7oHjHFfCrRr/VnGeJvbyUY9E2jxrL8p2XbwfP8g== Completed in 48ms
3728 timing metavuln:cache:put:security-advisory:ajv-keywords:2GXRn8zsuxNEY7/qN6wYE4CrPKkAphM+4Wm/OdOGHx+Nj0CLwtJcho1aVT3xUylELIHg6tXqQVmGBKQ2DdlCMA== Completed in 34ms
3729 timing metavuln:calculate:security-advisory:ajv-keywords:URErmxoyazZWR5lFcXpgTkGsbkrUBDlzD8W6txjBw2wZoOC7oHjHFfCrRr/VnGeJvbyUY9E2jxrL8p2XbwfP8g== Completed in 48ms
3730 http fetch GET 200 https://registry.npmjs.org/fastify/-/fastify-4.26.2.tgz 23350ms (cache miss)
3731 timing reifyNode:node_modules/fastify Completed in 23927ms
3732 http fetch GET 200 https://registry.npmjs.org/ajv-formats 107ms (cache miss)
3733 timing metavuln:packument:ajv-formats Completed in 107ms
3734 timing metavuln:load:security-advisory:ajv-formats:URErmxoyazZWR5lFcXpgTkGsbkrUBDlzD8W6txjBw2wZoOC7oHjHFfCrRr/VnGeJvbyUY9E2jxrL8p2XbwfP8g== Completed in 4ms
3735 timing metavuln:cache:put:security-advisory:ajv-formats:FvZpb7jSNyyWiQIVPGitnU868Mo9VzJTfWeYAHvgwc94UdQjyn/4YC1QV41UK3biKRAfI35CyKmFL3IDemDaKQ== Completed in 30ms
3736 timing metavuln:calculate:security-advisory:ajv-formats:URErmxoyazZWR5lFcXpgTkGsbkrUBDlzD8W6txjBw2wZoOC7oHjHFfCrRr/VnGeJvbyUY9E2jxrL8p2XbwfP8g== Completed in 142ms
3737 http fetch GET 200 https://registry.npmjs.org/ajv/-/ajv-8.12.0.tgz 23213ms (cache miss)
3738 timing reifyNode:node_modules/objection/node_modules/ajv Completed in 24045ms
3739 http fetch GET 200 https://registry.npmjs.org/ajv/-/ajv-8.11.0.tgz 23157ms (cache miss)
3740 http fetch GET 200 https://registry.npmjs.org/ajv/-/ajv-8.11.0.tgz 23244ms (cache miss)
3741 http fetch GET 200 https://registry.npmjs.org/ajv/-/ajv-8.12.0.tgz 23197ms (cache miss)
3742 timing reifyNode:node_modules/ajv-formats/node_modules/ajv Completed in 24022ms
3743 http fetch GET 200 https://registry.npmjs.org/sequelize/-/sequelize-6.37.3.tgz 23685ms (cache miss)
3744 http fetch GET 200 https://registry.npmjs.org/ajv/-/ajv-8.12.0.tgz 22775ms (cache miss)
3745 timing reifyNode:node_modules/schema-utils/node_modules/ajv Completed in 24071ms
3746 timing reifyNode:node_modules/fast-json-stringify/node_modules/ajv Completed in 24039ms
3747 timing reifyNode:node_modules/sequelize Completed in 24073ms
3748 timing reifyNode:node_modules/@fastify/ajv-compiler/node_modules/ajv Completed in 24021ms
3749 http fetch GET 200 https://registry.npmjs.org/better-sqlite3/-/better-sqlite3-8.7.0.tgz 23433ms (cache miss)
3750 timing reifyNode:node_modules/better-sqlite3 Completed in 24065ms
3751 http fetch GET 200 https://registry.npmjs.org/eslint/-/eslint-8.57.0.tgz 23558ms (cache miss)
3752 timing reifyNode:node_modules/eslint Completed in 24137ms
3753 http fetch GET 200 https://registry.npmjs.org/fast-json-stringify 347ms (cache miss)
3754 timing metavuln:packument:fast-json-stringify Completed in 349ms
3755 timing metavuln:load:security-advisory:fast-json-stringify:URErmxoyazZWR5lFcXpgTkGsbkrUBDlzD8W6txjBw2wZoOC7oHjHFfCrRr/VnGeJvbyUY9E2jxrL8p2XbwfP8g== Completed in 7ms
3756 http fetch GET 200 https://registry.npmjs.org/objection 356ms (cache miss)
3757 timing metavuln:packument:objection Completed in 359ms
3758 timing metavuln:load:security-advisory:objection:URErmxoyazZWR5lFcXpgTkGsbkrUBDlzD8W6txjBw2wZoOC7oHjHFfCrRr/VnGeJvbyUY9E2jxrL8p2XbwfP8g== Completed in 4ms
3759 timing metavuln:cache:put:security-advisory:objection:jeTPYs/kAD6NSRH/MdI7QnU+4Hiwje7WgQEBOjoTX9eJtgPbcSXlxjiVq480QD1AoBjpOEDDxi5b4uTcS/+5FA== Completed in 19ms
3760 timing metavuln:calculate:security-advisory:objection:URErmxoyazZWR5lFcXpgTkGsbkrUBDlzD8W6txjBw2wZoOC7oHjHFfCrRr/VnGeJvbyUY9E2jxrL8p2XbwfP8g== Completed in 382ms
3761 timing metavuln:cache:put:security-advisory:fast-json-stringify:XZWsOq+kHn1UjLK/uKvUbRzYGtOQyzV/hW4n+VQ+pUIUFFHT8wgzf3SfcccZ6hMHYV0BuN0TqHOEr1Pvh2AbvQ== Completed in 26ms
3762 timing metavuln:calculate:security-advisory:fast-json-stringify:URErmxoyazZWR5lFcXpgTkGsbkrUBDlzD8W6txjBw2wZoOC7oHjHFfCrRr/VnGeJvbyUY9E2jxrL8p2XbwfP8g== Completed in 383ms
3763 http fetch GET 200 https://registry.npmjs.org/bootstrap/-/bootstrap-5.3.3.tgz 23702ms (cache miss)
3764 timing reifyNode:node_modules/bootstrap Completed in 24328ms
3765 http fetch GET 200 https://registry.npmjs.org/moment/-/moment-2.30.1.tgz 23918ms (cache miss)
3766 timing reifyNode:node_modules/moment Completed in 24392ms
3767 http fetch GET 200 https://registry.npmjs.org/caniuse-lite/-/caniuse-lite-1.0.30001612.tgz 23839ms (cache miss)
3768 timing reifyNode:node_modules/caniuse-lite Completed in 24458ms
3769 http fetch GET 200 https://registry.npmjs.org/lodash/-/lodash-4.17.21.tgz 24037ms (cache miss)
3770 timing reifyNode:node_modules/lodash Completed in 24522ms
3771 http fetch GET 200 https://registry.npmjs.org/webpack/-/webpack-5.91.0.tgz 24240ms (cache miss)
3772 timing reifyNode:node_modules/webpack Completed in 24572ms
3773 http fetch GET 200 https://registry.npmjs.org/sodium-native/-/sodium-native-4.1.1.tgz 24218ms (cache miss)
3774 timing reifyNode:node_modules/sodium-native Completed in 24590ms
3775 http fetch GET 200 https://registry.npmjs.org/@fastify%2fajv-compiler 2275ms (cache miss)
3776 timing metavuln:packument:@fastify/ajv-compiler Completed in 2276ms
3777 timing metavuln:load:security-advisory:@fastify/ajv-compiler:URErmxoyazZWR5lFcXpgTkGsbkrUBDlzD8W6txjBw2wZoOC7oHjHFfCrRr/VnGeJvbyUY9E2jxrL8p2XbwfP8g== Completed in 0ms
3778 timing metavuln:cache:put:security-advisory:@fastify/ajv-compiler:+MLdGrUswLVyvmXiuYG66Nr9N0uWS06Mp2b1NPYRzxFzRanMM4snyVQYmf7jDlBCLmagi+ylWXX6kGn5g5IXJg== Completed in 6ms
3779 timing metavuln:calculate:security-advisory:@fastify/ajv-compiler:URErmxoyazZWR5lFcXpgTkGsbkrUBDlzD8W6txjBw2wZoOC7oHjHFfCrRr/VnGeJvbyUY9E2jxrL8p2XbwfP8g== Completed in 2282ms
3780 timing metavuln:cache:get:security-advisory:@istanbuljs/load-nyc-config:w/86FNlNAKUQI54d7RUzBsP1/0m9gEqvzcKgVc1hG/QVJuqE1LIXvZVbQtAg4c7kez3/aUOM4JWOhkj3kEEPVA== Completed in 0ms
3781 http fetch GET 200 https://registry.npmjs.org/es-abstract/-/es-abstract-1.23.3.tgz 25655ms (cache miss)
3782 timing reifyNode:node_modules/es-abstract Completed in 26242ms
3783 http fetch GET 200 https://registry.npmjs.org/rxjs/-/rxjs-7.8.1.tgz 26033ms (cache miss)
3784 timing reifyNode:node_modules/rxjs Completed in 26420ms
3785 http fetch GET 200 https://registry.npmjs.org/@istanbuljs%2fload-nyc-config 527ms (cache miss)
3786 timing metavuln:packument:@istanbuljs/load-nyc-config Completed in 527ms
3787 timing metavuln:load:security-advisory:@istanbuljs/load-nyc-config:MQ5RokLIvrWmT8/NQU0dD+jQ+6pFslHlaXx1Z5q7mESITohR8AwLT525ddIc2KvKZYbB1p5yclW3kV4xeRYXEg== Completed in 0ms
3788 timing metavuln:cache:put:security-advisory:@istanbuljs/load-nyc-config:w/86FNlNAKUQI54d7RUzBsP1/0m9gEqvzcKgVc1hG/QVJuqE1LIXvZVbQtAg4c7kez3/aUOM4JWOhkj3kEEPVA== Completed in 5ms
3789 timing metavuln:calculate:security-advisory:@istanbuljs/load-nyc-config:MQ5RokLIvrWmT8/NQU0dD+jQ+6pFslHlaXx1Z5q7mESITohR8AwLT525ddIc2KvKZYbB1p5yclW3kV4xeRYXEg== Completed in 532ms
3790 timing metavuln:cache:get:security-advisory:@eslint/eslintrc:+dj/LqpwTuLnMbBYuGIzIb6b3zspptDh0rakRHhZtIReGOQCQDIXFUqoHFXyUBrXqkKL96IYWa7gOtmMPQ2AIw== Completed in 1ms
3791 timing metavuln:load:security-advisory:@eslint/eslintrc:621IdjBdZEeVoUcjWGl1jXN0jFDGaf7dIQMeaPVKf5MxqYprJztiOC0OHOUPVoayh7Cq/fTC8L5CqEb98qlE7w== Completed in 1ms
3792 timing metavuln:cache:get:security-advisory:eslint:tWpS8shwtPvlnKrr0IDTnNgdZsEAPzEyjXys9cT2vEpfBr9XWHwJtpN5VN/tlasnmObTFIj3QrfKiIX5Y5+g2Q== Completed in 2ms
3793 timing metavuln:load:security-advisory:eslint:621IdjBdZEeVoUcjWGl1jXN0jFDGaf7dIQMeaPVKf5MxqYprJztiOC0OHOUPVoayh7Cq/fTC8L5CqEb98qlE7w== Completed in 5ms
3794 timing metavuln:cache:get:security-advisory:npm-check-updates:9vC8VlwNHMPreDKCmfk/iQYKr5FKq35DZWscTOeXqRjPbM+Efw5aQBr9cfJGMTacDylcPe1nQJ5GQctXjbhmEA== Completed in 8ms
3795 timing metavuln:cache:get:security-advisory:rc-config-loader:q4AulNladPM/Ic9lEbKbGuyQzjCn1jqwz0AMYs/yQHvgYOx1mDpLBZLgKZBAnHqoDFu8LWanb5hOiIEPx1/klw== Completed in 8ms
3796 timing metavuln:cache:put:security-advisory:eslint:tWpS8shwtPvlnKrr0IDTnNgdZsEAPzEyjXys9cT2vEpfBr9XWHwJtpN5VN/tlasnmObTFIj3QrfKiIX5Y5+g2Q== Completed in 6ms
3797 timing metavuln:calculate:security-advisory:eslint:621IdjBdZEeVoUcjWGl1jXN0jFDGaf7dIQMeaPVKf5MxqYprJztiOC0OHOUPVoayh7Cq/fTC8L5CqEb98qlE7w== Completed in 13ms
3798 timing metavuln:cache:put:security-advisory:@eslint/eslintrc:+dj/LqpwTuLnMbBYuGIzIb6b3zspptDh0rakRHhZtIReGOQCQDIXFUqoHFXyUBrXqkKL96IYWa7gOtmMPQ2AIw== Completed in 11ms
3799 timing metavuln:calculate:security-advisory:@eslint/eslintrc:621IdjBdZEeVoUcjWGl1jXN0jFDGaf7dIQMeaPVKf5MxqYprJztiOC0OHOUPVoayh7Cq/fTC8L5CqEb98qlE7w== Completed in 13ms
3800 http fetch GET 200 https://registry.npmjs.org/npm-check-updates 95ms (cache miss)
3801 timing metavuln:packument:npm-check-updates Completed in 103ms
3802 timing metavuln:load:security-advisory:npm-check-updates:621IdjBdZEeVoUcjWGl1jXN0jFDGaf7dIQMeaPVKf5MxqYprJztiOC0OHOUPVoayh7Cq/fTC8L5CqEb98qlE7w== Completed in 3ms
3803 timing metavuln:cache:put:security-advisory:npm-check-updates:9vC8VlwNHMPreDKCmfk/iQYKr5FKq35DZWscTOeXqRjPbM+Efw5aQBr9cfJGMTacDylcPe1nQJ5GQctXjbhmEA== Completed in 4ms
3804 timing metavuln:calculate:security-advisory:npm-check-updates:621IdjBdZEeVoUcjWGl1jXN0jFDGaf7dIQMeaPVKf5MxqYprJztiOC0OHOUPVoayh7Cq/fTC8L5CqEb98qlE7w== Completed in 110ms
3805 http fetch GET 200 https://registry.npmjs.org/rc-config-loader 282ms (cache miss)
3806 timing metavuln:packument:rc-config-loader Completed in 283ms
3807 timing metavuln:load:security-advisory:rc-config-loader:621IdjBdZEeVoUcjWGl1jXN0jFDGaf7dIQMeaPVKf5MxqYprJztiOC0OHOUPVoayh7Cq/fTC8L5CqEb98qlE7w== Completed in 0ms
3808 timing metavuln:cache:put:security-advisory:rc-config-loader:q4AulNladPM/Ic9lEbKbGuyQzjCn1jqwz0AMYs/yQHvgYOx1mDpLBZLgKZBAnHqoDFu8LWanb5hOiIEPx1/klw== Completed in 9ms
3809 timing metavuln:calculate:security-advisory:rc-config-loader:621IdjBdZEeVoUcjWGl1jXN0jFDGaf7dIQMeaPVKf5MxqYprJztiOC0OHOUPVoayh7Cq/fTC8L5CqEb98qlE7w== Completed in 292ms
3810 timing metavuln:cache:get:security-advisory:@fastify/static:TJO1f5BqMO4qMGONrc+X2aE91hAeJVEa64O46oNWsNPJu2NMTiGs2lLdmyRmAW0v3iBC5Nb7yZi+GFX0dYya2A== Completed in 3ms
3811 timing metavuln:cache:get:security-advisory:cacache:jgcnDPpQA6Pd0WUq11of4JS3nfZzFbYPGEiM5lXhkm38JNpJrS4nuiCNInBrG+RFBevWIak8ZWL+tkpr1DlzGg== Completed in 3ms
3812 timing metavuln:cache:get:security-advisory:js-beautify:Vg4oCCAQB/t0zzprsEbdJg6TgVHuRJw0PRholaLu8gEgXPNwujG9YYkL+R6A/jlFVJswJIA/24mjV0y67XN7RQ== Completed in 2ms
3813 timing metavuln:cache:get:security-advisory:rimraf:U6dWjEG+wBLaAeoUiIjGQdamS87vxL0a3IcTpkHufDNqr9Eagu7/CvMBwQallZVI2Pl2lkAMB2WJoO94XiR/Rw== Completed in 2ms
3814 timing metavuln:cache:get:security-advisory:read-package-json:5WkYUYsTGprHudeNOjhfcYXDGB8eWDswOp2+aJWtp1ncEbaoiGa2Q1lkBQE7lR7C0v/5HFdS8ID7fdeWkZPMug== Completed in 1ms
3815 http fetch GET 200 https://registry.npmjs.org/cacache 59ms (cache miss)
3816 timing metavuln:packument:cacache Completed in 62ms
3817 timing metavuln:load:security-advisory:cacache:NTB2XjbDOgk4lkd8PZ3tUAm1F3E/ohGF6rl9/3LEO7Z0FDzSR5nWwzd3nUENA3NCNdyeR+35DOC12wPml2IV+g== Completed in 2ms
3818 timing metavuln:cache:put:security-advisory:cacache:jgcnDPpQA6Pd0WUq11of4JS3nfZzFbYPGEiM5lXhkm38JNpJrS4nuiCNInBrG+RFBevWIak8ZWL+tkpr1DlzGg== Completed in 10ms
3819 timing metavuln:calculate:security-advisory:cacache:NTB2XjbDOgk4lkd8PZ3tUAm1F3E/ohGF6rl9/3LEO7Z0FDzSR5nWwzd3nUENA3NCNdyeR+35DOC12wPml2IV+g== Completed in 74ms
3820 http fetch GET 200 https://registry.npmjs.org/rimraf 268ms (cache miss)
3821 timing metavuln:packument:rimraf Completed in 270ms
3822 timing metavuln:load:security-advisory:rimraf:NTB2XjbDOgk4lkd8PZ3tUAm1F3E/ohGF6rl9/3LEO7Z0FDzSR5nWwzd3nUENA3NCNdyeR+35DOC12wPml2IV+g== Completed in 3ms
3823 timing metavuln:cache:put:security-advisory:rimraf:U6dWjEG+wBLaAeoUiIjGQdamS87vxL0a3IcTpkHufDNqr9Eagu7/CvMBwQallZVI2Pl2lkAMB2WJoO94XiR/Rw== Completed in 7ms
3824 timing metavuln:calculate:security-advisory:rimraf:NTB2XjbDOgk4lkd8PZ3tUAm1F3E/ohGF6rl9/3LEO7Z0FDzSR5nWwzd3nUENA3NCNdyeR+35DOC12wPml2IV+g== Completed in 280ms
3825 http fetch GET 200 https://registry.npmjs.org/read-package-json 283ms (cache miss)
3826 timing metavuln:packument:read-package-json Completed in 283ms
3827 timing metavuln:load:security-advisory:read-package-json:NTB2XjbDOgk4lkd8PZ3tUAm1F3E/ohGF6rl9/3LEO7Z0FDzSR5nWwzd3nUENA3NCNdyeR+35DOC12wPml2IV+g== Completed in 2ms
3828 timing metavuln:cache:put:security-advisory:read-package-json:5WkYUYsTGprHudeNOjhfcYXDGB8eWDswOp2+aJWtp1ncEbaoiGa2Q1lkBQE7lR7C0v/5HFdS8ID7fdeWkZPMug== Completed in 6ms
3829 timing metavuln:calculate:security-advisory:read-package-json:NTB2XjbDOgk4lkd8PZ3tUAm1F3E/ohGF6rl9/3LEO7Z0FDzSR5nWwzd3nUENA3NCNdyeR+35DOC12wPml2IV+g== Completed in 291ms
3830 http fetch GET 200 https://registry.npmjs.org/js-beautify 292ms (cache miss)
3831 timing metavuln:packument:js-beautify Completed in 294ms
3832 timing metavuln:load:security-advisory:js-beautify:NTB2XjbDOgk4lkd8PZ3tUAm1F3E/ohGF6rl9/3LEO7Z0FDzSR5nWwzd3nUENA3NCNdyeR+35DOC12wPml2IV+g== Completed in 1ms
3833 timing metavuln:cache:put:security-advisory:js-beautify:Vg4oCCAQB/t0zzprsEbdJg6TgVHuRJw0PRholaLu8gEgXPNwujG9YYkL+R6A/jlFVJswJIA/24mjV0y67XN7RQ== Completed in 5ms
3834 timing metavuln:calculate:security-advisory:js-beautify:NTB2XjbDOgk4lkd8PZ3tUAm1F3E/ohGF6rl9/3LEO7Z0FDzSR5nWwzd3nUENA3NCNdyeR+35DOC12wPml2IV+g== Completed in 300ms
3835 http fetch GET 200 https://registry.npmjs.org/@fastify%2fstatic 964ms (cache miss)
3836 timing metavuln:packument:@fastify/static Completed in 964ms
3837 timing metavuln:load:security-advisory:@fastify/static:NTB2XjbDOgk4lkd8PZ3tUAm1F3E/ohGF6rl9/3LEO7Z0FDzSR5nWwzd3nUENA3NCNdyeR+35DOC12wPml2IV+g== Completed in 1ms
3838 timing metavuln:cache:put:security-advisory:@fastify/static:TJO1f5BqMO4qMGONrc+X2aE91hAeJVEa64O46oNWsNPJu2NMTiGs2lLdmyRmAW0v3iBC5Nb7yZi+GFX0dYya2A== Completed in 12ms
3839 timing metavuln:calculate:security-advisory:@fastify/static:NTB2XjbDOgk4lkd8PZ3tUAm1F3E/ohGF6rl9/3LEO7Z0FDzSR5nWwzd3nUENA3NCNdyeR+35DOC12wPml2IV+g== Completed in 978ms
3840 timing metavuln:cache:get:security-advisory:http-proxy-agent:yWh+WsUCdzVUoHJ+ukHX3VBWHgc+bzFCiNYaEHuuvW29uVMpISqXUxRqbG/B55MQ8eiu9zSwUnABxh5qJf1U0w== Completed in 2ms
3841 http fetch GET 200 https://registry.npmjs.org/http-proxy-agent 282ms (cache miss)
3842 timing metavuln:packument:http-proxy-agent Completed in 283ms
3843 timing metavuln:load:security-advisory:http-proxy-agent:Bij+qufwr7God+MYI0JIFJYEDFT3IlGllIhDaMb6DB6UZOYpGBBfXc1Jq59Wdg/M2NdGRUO2+zYnIEZHW42YDw== Completed in 1ms
3844 timing metavuln:cache:put:security-advisory:http-proxy-agent:yWh+WsUCdzVUoHJ+ukHX3VBWHgc+bzFCiNYaEHuuvW29uVMpISqXUxRqbG/B55MQ8eiu9zSwUnABxh5qJf1U0w== Completed in 4ms
3845 timing metavuln:calculate:security-advisory:http-proxy-agent:Bij+qufwr7God+MYI0JIFJYEDFT3IlGllIhDaMb6DB6UZOYpGBBfXc1Jq59Wdg/M2NdGRUO2+zYnIEZHW42YDw== Completed in 288ms
3846 timing metavuln:cache:get:security-advisory:minimatch:EdzP79sukXfwnaTxyFO/a1+fXPBBvIH9NlsgWGTGWGSpQkNPxYQxFaMxiKCAwfckwBABbsvD1jCrk+QZ4W56Rw== Completed in 0ms
3847 timing metavuln:load:security-advisory:minimatch:7IQMvcVTr+svbh5KCx4Kl6FQKJ1GciM03BnJAve/5WYJjUeRzKAIrStVpfachbl3T6a7o8nYlQEVG6Ih0TNXRg== Completed in 1ms
3848 timing metavuln:cache:put:security-advisory:minimatch:EdzP79sukXfwnaTxyFO/a1+fXPBBvIH9NlsgWGTGWGSpQkNPxYQxFaMxiKCAwfckwBABbsvD1jCrk+QZ4W56Rw== Completed in 8ms
3849 timing metavuln:calculate:security-advisory:minimatch:7IQMvcVTr+svbh5KCx4Kl6FQKJ1GciM03BnJAve/5WYJjUeRzKAIrStVpfachbl3T6a7o8nYlQEVG6Ih0TNXRg== Completed in 9ms
3850 timing metavuln:cache:get:security-advisory:minimatch:47aVejY8/1KnEnFlTo+uF90a7w1XvtOjMP1i7DvyX4+jxy/wlG4RjX1rMW+bmptQMpL8TSkcMyWTMH7gxl9Fpg== Completed in 0ms
3851 timing metavuln:load:security-advisory:minimatch:mClmYqWawCNXseeTBHWiIwZH/2CmFUqPCmosJIeOhAgD9z1v3SayhHAwaWVo8wmeKU/JN9VP4zDBeXaqy3Ay2A== Completed in 1ms
3852 timing metavuln:cache:put:security-advisory:minimatch:47aVejY8/1KnEnFlTo+uF90a7w1XvtOjMP1i7DvyX4+jxy/wlG4RjX1rMW+bmptQMpL8TSkcMyWTMH7gxl9Fpg== Completed in 7ms
3853 timing metavuln:calculate:security-advisory:minimatch:mClmYqWawCNXseeTBHWiIwZH/2CmFUqPCmosJIeOhAgD9z1v3SayhHAwaWVo8wmeKU/JN9VP4zDBeXaqy3Ay2A== Completed in 8ms
3854 timing metavuln:cache:get:security-advisory:@eslint/eslintrc:ekjU9xvLMIGZ60VAS3cJiXhpLVygLLVhrX5j5gbU96muSnaowg56B//Z2ieRbqnSyEhXO09OAWrrIfGViIVogQ== Completed in 5ms
3855 timing metavuln:load:security-advisory:@eslint/eslintrc:V/3cIcyAQcG1bwuH0e0PI9Qt5WRtbvb/WOz2mBxAfNzXf+Dvs9G1X05eHjnPq2b0TJY4zXXpqhCAkRAipgk3iQ== Completed in 1ms
3856 timing metavuln:cache:get:security-advisory:@humanwhocodes/config-array:Tk7QyZJ/5FJIVNFvkr1kqYAW2HdFmlGmqor9USZiENZhVXh0kmlTve1snlA6YKmRt6Vc/ua7GMSY9wOQLaXfEQ== Completed in 6ms
3857 timing metavuln:cache:get:security-advisory:glob:SiaR+x876RZ4PrtFfgITl2I3eRZNkCbXOr2JdOKzsfFOqrFtyoEMmqMabD5D9LbuunJXr2ioG0JXsVQhURvrcw== Completed in 6ms
3858 timing metavuln:load:security-advisory:glob:V/3cIcyAQcG1bwuH0e0PI9Qt5WRtbvb/WOz2mBxAfNzXf+Dvs9G1X05eHjnPq2b0TJY4zXXpqhCAkRAipgk3iQ== Completed in 8ms
3859 timing metavuln:cache:get:security-advisory:eslint:ev5azc2U50vUYTqLo2/jaU7l8ps6Yvlqzkyp5OLr37QKqPK3+eCnjR+sureWWgBbnj1subBH7GupBmACDEZ2Mw== Completed in 14ms
3860 timing metavuln:load:security-advisory:eslint:V/3cIcyAQcG1bwuH0e0PI9Qt5WRtbvb/WOz2mBxAfNzXf+Dvs9G1X05eHjnPq2b0TJY4zXXpqhCAkRAipgk3iQ== Completed in 5ms
3861 timing metavuln:cache:get:security-advisory:eslint-plugin-import:8kV5Y/kp5eDWHoCxaxP2GpSM+URcZdaiGzBLqLCUL1aFnqNJYOG1MA8HRImPYwbeSnjoD4UdCemYrgpPgqe0nQ== Completed in 20ms
3862 timing metavuln:cache:get:security-advisory:test-exclude:De4LSt7GFd/3aSdpF9X0QBXe74F5SOyZn84x+XzVHWPULZ2n4LHZiiFowGX/Gy/2DxKjKrSmy5eilhUTqfLeXA== Completed in 19ms
3863 timing metavuln:cache:put:security-advisory:glob:SiaR+x876RZ4PrtFfgITl2I3eRZNkCbXOr2JdOKzsfFOqrFtyoEMmqMabD5D9LbuunJXr2ioG0JXsVQhURvrcw== Completed in 14ms
3864 timing metavuln:calculate:security-advisory:glob:V/3cIcyAQcG1bwuH0e0PI9Qt5WRtbvb/WOz2mBxAfNzXf+Dvs9G1X05eHjnPq2b0TJY4zXXpqhCAkRAipgk3iQ== Completed in 28ms
3865 timing metavuln:cache:put:security-advisory:eslint:ev5azc2U50vUYTqLo2/jaU7l8ps6Yvlqzkyp5OLr37QKqPK3+eCnjR+sureWWgBbnj1subBH7GupBmACDEZ2Mw== Completed in 10ms
3866 timing metavuln:calculate:security-advisory:eslint:V/3cIcyAQcG1bwuH0e0PI9Qt5WRtbvb/WOz2mBxAfNzXf+Dvs9G1X05eHjnPq2b0TJY4zXXpqhCAkRAipgk3iQ== Completed in 29ms
3867 timing metavuln:cache:put:security-advisory:@eslint/eslintrc:ekjU9xvLMIGZ60VAS3cJiXhpLVygLLVhrX5j5gbU96muSnaowg56B//Z2ieRbqnSyEhXO09OAWrrIfGViIVogQ== Completed in 24ms
3868 timing metavuln:calculate:security-advisory:@eslint/eslintrc:V/3cIcyAQcG1bwuH0e0PI9Qt5WRtbvb/WOz2mBxAfNzXf+Dvs9G1X05eHjnPq2b0TJY4zXXpqhCAkRAipgk3iQ== Completed in 30ms
3869 http fetch GET 200 https://registry.npmjs.org/test-exclude 83ms (cache miss)
3870 timing metavuln:packument:test-exclude Completed in 83ms
3871 timing metavuln:load:security-advisory:test-exclude:V/3cIcyAQcG1bwuH0e0PI9Qt5WRtbvb/WOz2mBxAfNzXf+Dvs9G1X05eHjnPq2b0TJY4zXXpqhCAkRAipgk3iQ== Completed in 0ms
3872 http fetch GET 200 https://registry.npmjs.org/eslint-plugin-import 85ms (cache miss)
3873 timing metavuln:packument:eslint-plugin-import Completed in 88ms
3874 timing metavuln:load:security-advisory:eslint-plugin-import:V/3cIcyAQcG1bwuH0e0PI9Qt5WRtbvb/WOz2mBxAfNzXf+Dvs9G1X05eHjnPq2b0TJY4zXXpqhCAkRAipgk3iQ== Completed in 1ms
3875 http fetch GET 200 https://registry.npmjs.org/@humanwhocodes%2fconfig-array 91ms (cache miss)
3876 timing metavuln:packument:@humanwhocodes/config-array Completed in 93ms
3877 timing metavuln:load:security-advisory:@humanwhocodes/config-array:V/3cIcyAQcG1bwuH0e0PI9Qt5WRtbvb/WOz2mBxAfNzXf+Dvs9G1X05eHjnPq2b0TJY4zXXpqhCAkRAipgk3iQ== Completed in 1ms
3878 timing metavuln:cache:put:security-advisory:test-exclude:De4LSt7GFd/3aSdpF9X0QBXe74F5SOyZn84x+XzVHWPULZ2n4LHZiiFowGX/Gy/2DxKjKrSmy5eilhUTqfLeXA== Completed in 12ms
3879 timing metavuln:calculate:security-advisory:test-exclude:V/3cIcyAQcG1bwuH0e0PI9Qt5WRtbvb/WOz2mBxAfNzXf+Dvs9G1X05eHjnPq2b0TJY4zXXpqhCAkRAipgk3iQ== Completed in 95ms
3880 timing metavuln:cache:put:security-advisory:eslint-plugin-import:8kV5Y/kp5eDWHoCxaxP2GpSM+URcZdaiGzBLqLCUL1aFnqNJYOG1MA8HRImPYwbeSnjoD4UdCemYrgpPgqe0nQ== Completed in 8ms
3881 timing metavuln:calculate:security-advisory:eslint-plugin-import:V/3cIcyAQcG1bwuH0e0PI9Qt5WRtbvb/WOz2mBxAfNzXf+Dvs9G1X05eHjnPq2b0TJY4zXXpqhCAkRAipgk3iQ== Completed in 97ms
3882 timing metavuln:cache:put:security-advisory:@humanwhocodes/config-array:Tk7QyZJ/5FJIVNFvkr1kqYAW2HdFmlGmqor9USZiENZhVXh0kmlTve1snlA6YKmRt6Vc/ua7GMSY9wOQLaXfEQ== Completed in 6ms
3883 timing metavuln:calculate:security-advisory:@humanwhocodes/config-array:V/3cIcyAQcG1bwuH0e0PI9Qt5WRtbvb/WOz2mBxAfNzXf+Dvs9G1X05eHjnPq2b0TJY4zXXpqhCAkRAipgk3iQ== Completed in 100ms
3884 timing metavuln:cache:get:security-advisory:glob:R4X+WnpDwtUFUv4hhCOieVu7cXYbSHCEovFByswSd9q6FLTbUcFBMmqOz6HDB3PanEPMgXwCTV2vlizoY9cSfg== Completed in 0ms
3885 timing metavuln:load:security-advisory:glob:/utMkAt3a6jSPsaWIJ1J7tAb7G+ccGxNsymbhFTVWOMIyhRZOJ9QR0zn1SNtejrdUO5fsO4RDJKDMI6C5/bkuw== Completed in 5ms
3886 timing metavuln:cache:put:security-advisory:glob:R4X+WnpDwtUFUv4hhCOieVu7cXYbSHCEovFByswSd9q6FLTbUcFBMmqOz6HDB3PanEPMgXwCTV2vlizoY9cSfg== Completed in 6ms
3887 timing metavuln:calculate:security-advisory:glob:/utMkAt3a6jSPsaWIJ1J7tAb7G+ccGxNsymbhFTVWOMIyhRZOJ9QR0zn1SNtejrdUO5fsO4RDJKDMI6C5/bkuw== Completed in 11ms
3888 timing metavuln:cache:get:security-advisory:@tufjs/models:4wxcDKEpUGR0GG34YoeguhvYrrA8gnDi+bbFPvJ1ftFhtA8GKofd1Zc9djffF9x3DYxzUuaf4dF+iJVeG77ZkQ== Completed in 2ms
3889 timing metavuln:cache:get:security-advisory:editorconfig:/pief47seGDBHnUOHcdf4vh8S5av/gmYGMH6T5uy3DhJchX5AykoNsEcl2U0K2kYnXDy3Q1HW14AEdN7s+Mmhw== Completed in 1ms
3890 timing metavuln:cache:get:security-advisory:glob:2gIChGnRwWJwoiDYphyLHqddJdZn+GRoNVbvpZ1vkwu0FmPASo3fUYL/YAIcdH4PhvoZ7didmLmcNsz6RTrveQ== Completed in 1ms
3891 timing metavuln:load:security-advisory:glob:B00WbbnnDNaFGA7l9BgrTioYpRMzU4+U8SUF8cn65LwArJAK0O380QwyP/UyxPr7i9XUjX9/AADC41/edu9OrA== Completed in 3ms
3892 timing metavuln:cache:get:security-advisory:ignore-walk:b0cI17MNlfsNzPHVnJnFHuGz6GP1AHCbc+TCdgowf9biWQZxg/Uqvqnya2SlfuePnqBI3YsbXp/211wT8oLsfQ== Completed in 4ms
3893 timing metavuln:cache:get:security-advisory:npm-check-updates:NcSy0P0mDK4VB/jfgMEeZpnhDP3GWx7OK1y46OcJ/EYGlWfFAkSvj/d77h1tDslj20pfQ88gclUYChhCMUrp7A== Completed in 5ms
3894 timing metavuln:load:security-advisory:npm-check-updates:B00WbbnnDNaFGA7l9BgrTioYpRMzU4+U8SUF8cn65LwArJAK0O380QwyP/UyxPr7i9XUjX9/AADC41/edu9OrA== Completed in 4ms
3895 timing metavuln:cache:put:security-advisory:npm-check-updates:NcSy0P0mDK4VB/jfgMEeZpnhDP3GWx7OK1y46OcJ/EYGlWfFAkSvj/d77h1tDslj20pfQ88gclUYChhCMUrp7A== Completed in 9ms
3896 timing metavuln:calculate:security-advisory:npm-check-updates:B00WbbnnDNaFGA7l9BgrTioYpRMzU4+U8SUF8cn65LwArJAK0O380QwyP/UyxPr7i9XUjX9/AADC41/edu9OrA== Completed in 18ms
3897 timing metavuln:cache:put:security-advisory:glob:2gIChGnRwWJwoiDYphyLHqddJdZn+GRoNVbvpZ1vkwu0FmPASo3fUYL/YAIcdH4PhvoZ7didmLmcNsz6RTrveQ== Completed in 15ms
3898 timing metavuln:calculate:security-advisory:glob:B00WbbnnDNaFGA7l9BgrTioYpRMzU4+U8SUF8cn65LwArJAK0O380QwyP/UyxPr7i9XUjX9/AADC41/edu9OrA== Completed in 19ms
3899 http fetch GET 200 https://registry.npmjs.org/ignore-walk 64ms (cache miss)
3900 timing metavuln:packument:ignore-walk Completed in 64ms
3901 timing metavuln:load:security-advisory:ignore-walk:B00WbbnnDNaFGA7l9BgrTioYpRMzU4+U8SUF8cn65LwArJAK0O380QwyP/UyxPr7i9XUjX9/AADC41/edu9OrA== Completed in 0ms
3902 timing metavuln:cache:put:security-advisory:ignore-walk:b0cI17MNlfsNzPHVnJnFHuGz6GP1AHCbc+TCdgowf9biWQZxg/Uqvqnya2SlfuePnqBI3YsbXp/211wT8oLsfQ== Completed in 3ms
3903 timing metavuln:calculate:security-advisory:ignore-walk:B00WbbnnDNaFGA7l9BgrTioYpRMzU4+U8SUF8cn65LwArJAK0O380QwyP/UyxPr7i9XUjX9/AADC41/edu9OrA== Completed in 67ms
3904 http fetch GET 200 https://registry.npmjs.org/editorconfig 3256ms (cache miss)
3905 timing metavuln:packument:editorconfig Completed in 3257ms
3906 timing metavuln:load:security-advisory:editorconfig:B00WbbnnDNaFGA7l9BgrTioYpRMzU4+U8SUF8cn65LwArJAK0O380QwyP/UyxPr7i9XUjX9/AADC41/edu9OrA== Completed in 1ms
3907 timing metavuln:cache:put:security-advisory:editorconfig:/pief47seGDBHnUOHcdf4vh8S5av/gmYGMH6T5uy3DhJchX5AykoNsEcl2U0K2kYnXDy3Q1HW14AEdN7s+Mmhw== Completed in 221ms
3908 timing metavuln:calculate:security-advisory:editorconfig:B00WbbnnDNaFGA7l9BgrTioYpRMzU4+U8SUF8cn65LwArJAK0O380QwyP/UyxPr7i9XUjX9/AADC41/edu9OrA== Completed in 3479ms
3909 http fetch GET 200 https://registry.npmjs.org/@tufjs%2fmodels 3687ms (cache miss)
3910 timing metavuln:packument:@tufjs/models Completed in 3687ms
3911 timing metavuln:load:security-advisory:@tufjs/models:B00WbbnnDNaFGA7l9BgrTioYpRMzU4+U8SUF8cn65LwArJAK0O380QwyP/UyxPr7i9XUjX9/AADC41/edu9OrA== Completed in 1ms
3912 timing metavuln:cache:put:security-advisory:@tufjs/models:4wxcDKEpUGR0GG34YoeguhvYrrA8gnDi+bbFPvJ1ftFhtA8GKofd1Zc9djffF9x3DYxzUuaf4dF+iJVeG77ZkQ== Completed in 17ms
3913 timing metavuln:calculate:security-advisory:@tufjs/models:B00WbbnnDNaFGA7l9BgrTioYpRMzU4+U8SUF8cn65LwArJAK0O380QwyP/UyxPr7i9XUjX9/AADC41/edu9OrA== Completed in 3705ms
3914 timing metavuln:cache:get:security-advisory:chokidar:LU+YLfVnn6vFXVAvnsGqd58Rz8g6tJ60ZMP+wazsDeQPoFbTHjxfCKIpn7lW6acFOIKvNjhthFMXqTIaWevt+w== Completed in 2ms
3915 timing metavuln:cache:get:security-advisory:micromatch:KLlQrQSexijh/BbB4FSM3fP0/MIDSj3iMiApgG1JwuVrHt48fzZ8fAIdgNu2TyvXdqnfHV2kIjol+N5OzsIiGQ== Completed in 1ms
3916 timing metavuln:load:security-advisory:micromatch:JiXBFkEDkUnBQLw3PO6emUmmm2JXqgEbh+FhB3SNDS8k6Z0wM20irrfaOjjxYuMxZaKaDudvR037mtEoeqZzXw== Completed in 2ms
3917 timing metavuln:cache:put:security-advisory:micromatch:KLlQrQSexijh/BbB4FSM3fP0/MIDSj3iMiApgG1JwuVrHt48fzZ8fAIdgNu2TyvXdqnfHV2kIjol+N5OzsIiGQ== Completed in 16ms
3918 timing metavuln:calculate:security-advisory:micromatch:JiXBFkEDkUnBQLw3PO6emUmmm2JXqgEbh+FhB3SNDS8k6Z0wM20irrfaOjjxYuMxZaKaDudvR037mtEoeqZzXw== Completed in 19ms
3919 http fetch GET 200 https://registry.npmjs.org/chokidar 68ms (cache miss)
3920 timing metavuln:packument:chokidar Completed in 70ms
3921 timing metavuln:load:security-advisory:chokidar:JiXBFkEDkUnBQLw3PO6emUmmm2JXqgEbh+FhB3SNDS8k6Z0wM20irrfaOjjxYuMxZaKaDudvR037mtEoeqZzXw== Completed in 1ms
3922 timing metavuln:cache:put:security-advisory:chokidar:LU+YLfVnn6vFXVAvnsGqd58Rz8g6tJ60ZMP+wazsDeQPoFbTHjxfCKIpn7lW6acFOIKvNjhthFMXqTIaWevt+w== Completed in 11ms
3923 timing metavuln:calculate:security-advisory:chokidar:JiXBFkEDkUnBQLw3PO6emUmmm2JXqgEbh+FhB3SNDS8k6Z0wM20irrfaOjjxYuMxZaKaDudvR037mtEoeqZzXw== Completed in 82ms
3924 timing metavuln:cache:get:security-advisory:light-my-request:UfYeYMGFnlVOh6z1dqFizSqjGi7YyyQMRc3JQ1VnZ/OBVx1zGC6e+b6mEKG/IaRMMtjP5WJ2749QJ6iB38mozA== Completed in 3ms
3925 timing metavuln:cache:get:security-advisory:youch:GCj7wAVwXmpdpHsZ3FBltk4ddq703nJZceXkq77o3f+gaNLubEhWMdGOuTbsQUIPAj4PXvzoyIJlnaLab4wWyA== Completed in 2ms
3926 http fetch GET 200 https://registry.npmjs.org/youch 72ms (cache miss)
3927 timing metavuln:packument:youch Completed in 73ms
3928 timing metavuln:load:security-advisory:youch:EFt7h/FZLeopARa06+F2CBY5ItUm007mP/cHgZjTJZX1MeIwg3JD7toSioRoDeE8wm5VdkimqlS+CnuPhZqbIg== Completed in 1ms
3929 timing metavuln:cache:put:security-advisory:youch:GCj7wAVwXmpdpHsZ3FBltk4ddq703nJZceXkq77o3f+gaNLubEhWMdGOuTbsQUIPAj4PXvzoyIJlnaLab4wWyA== Completed in 10ms
3930 timing metavuln:calculate:security-advisory:youch:EFt7h/FZLeopARa06+F2CBY5ItUm007mP/cHgZjTJZX1MeIwg3JD7toSioRoDeE8wm5VdkimqlS+CnuPhZqbIg== Completed in 84ms
3931 http fetch GET 200 https://registry.npmjs.org/light-my-request 292ms (cache miss)
3932 timing metavuln:packument:light-my-request Completed in 293ms
3933 timing metavuln:load:security-advisory:light-my-request:EFt7h/FZLeopARa06+F2CBY5ItUm007mP/cHgZjTJZX1MeIwg3JD7toSioRoDeE8wm5VdkimqlS+CnuPhZqbIg== Completed in 1ms
3934 timing metavuln:cache:put:security-advisory:light-my-request:UfYeYMGFnlVOh6z1dqFizSqjGi7YyyQMRc3JQ1VnZ/OBVx1zGC6e+b6mEKG/IaRMMtjP5WJ2749QJ6iB38mozA== Completed in 12ms
3935 timing metavuln:calculate:security-advisory:light-my-request:EFt7h/FZLeopARa06+F2CBY5ItUm007mP/cHgZjTJZX1MeIwg3JD7toSioRoDeE8wm5VdkimqlS+CnuPhZqbIg== Completed in 306ms
3936 timing metavuln:cache:get:security-advisory:eslint:Ne/yNy0L08mqT6jqvFBG8ZHWrqAHuxGdNEOgZtub3Su4R2LUTaqbxpX8S30zZ7tis85Jmwxbqft0hpk4j9A12Q== Completed in 3ms
3937 timing metavuln:load:security-advisory:eslint:PBcc/5P1UEO/1Ba/jUNR65wOzs1wU0Y+m+OOSfB57dG5EajzjbqRMRm0l7MWqcJgHDYM5GoZ36Hm7qAYFlIH3A== Completed in 3ms
3938 timing metavuln:cache:get:security-advisory:execa:NWBEPrq1Krr7nahht+VdDSoXe5QCSkDBW+KpXfGL4TrZAModumScH8x3aPKXTD343uDMIN2l7nchl5/7a95SBQ== Completed in 6ms
3939 timing metavuln:cache:get:security-advisory:foreground-child:cZpBeVkHEpw8jHC+EKy88Laxrd1ur7RE5Fx7lVjtRJXjrwMFQVN00FKtYlT+IVZhQkq/19Fig8voVSYNZLEz1A== Completed in 5ms
3940 timing metavuln:cache:get:security-advisory:spawn-please:BphxFlmJVCef0edSeSF2BBo1sZe5hLcWnzmHf+irjeKMNwbxNw9WEGlLkVE/W1BkHcitZjhQlZeuv4+pMFyKkA== Completed in 5ms
3941 timing metavuln:cache:get:security-advisory:webpack-cli:H2hTN4ZrDsX5Zga3r5FRbvgrU/fAJrT+jD7Bz8Z/htxanE2nyrKoffoyQCLOAfjqlf9EjPscG8l86nb6rOFcdg== Completed in 5ms
3942 timing metavuln:cache:put:security-advisory:eslint:Ne/yNy0L08mqT6jqvFBG8ZHWrqAHuxGdNEOgZtub3Su4R2LUTaqbxpX8S30zZ7tis85Jmwxbqft0hpk4j9A12Q== Completed in 15ms
3943 timing metavuln:calculate:security-advisory:eslint:PBcc/5P1UEO/1Ba/jUNR65wOzs1wU0Y+m+OOSfB57dG5EajzjbqRMRm0l7MWqcJgHDYM5GoZ36Hm7qAYFlIH3A== Completed in 21ms
3944 http fetch GET 200 https://registry.npmjs.org/foreground-child 61ms (cache miss)
3945 timing metavuln:packument:foreground-child Completed in 61ms
3946 timing metavuln:load:security-advisory:foreground-child:PBcc/5P1UEO/1Ba/jUNR65wOzs1wU0Y+m+OOSfB57dG5EajzjbqRMRm0l7MWqcJgHDYM5GoZ36Hm7qAYFlIH3A== Completed in 0ms
3947 http fetch GET 200 https://registry.npmjs.org/execa 72ms (cache miss)
3948 timing metavuln:packument:execa Completed in 72ms
3949 timing metavuln:load:security-advisory:execa:PBcc/5P1UEO/1Ba/jUNR65wOzs1wU0Y+m+OOSfB57dG5EajzjbqRMRm0l7MWqcJgHDYM5GoZ36Hm7qAYFlIH3A== Completed in 1ms
3950 timing metavuln:cache:put:security-advisory:foreground-child:cZpBeVkHEpw8jHC+EKy88Laxrd1ur7RE5Fx7lVjtRJXjrwMFQVN00FKtYlT+IVZhQkq/19Fig8voVSYNZLEz1A== Completed in 12ms
3951 timing metavuln:calculate:security-advisory:foreground-child:PBcc/5P1UEO/1Ba/jUNR65wOzs1wU0Y+m+OOSfB57dG5EajzjbqRMRm0l7MWqcJgHDYM5GoZ36Hm7qAYFlIH3A== Completed in 74ms
3952 timing metavuln:cache:put:security-advisory:execa:NWBEPrq1Krr7nahht+VdDSoXe5QCSkDBW+KpXfGL4TrZAModumScH8x3aPKXTD343uDMIN2l7nchl5/7a95SBQ== Completed in 12ms
3953 timing metavuln:calculate:security-advisory:execa:PBcc/5P1UEO/1Ba/jUNR65wOzs1wU0Y+m+OOSfB57dG5EajzjbqRMRm0l7MWqcJgHDYM5GoZ36Hm7qAYFlIH3A== Completed in 85ms
3954 http fetch GET 200 https://registry.npmjs.org/spawn-please 292ms (cache miss)
3955 timing metavuln:packument:spawn-please Completed in 293ms
3956 timing metavuln:load:security-advisory:spawn-please:PBcc/5P1UEO/1Ba/jUNR65wOzs1wU0Y+m+OOSfB57dG5EajzjbqRMRm0l7MWqcJgHDYM5GoZ36Hm7qAYFlIH3A== Completed in 0ms
3957 http fetch GET 200 https://registry.npmjs.org/webpack-cli 299ms (cache miss)
3958 timing metavuln:packument:webpack-cli Completed in 302ms
3959 timing metavuln:load:security-advisory:webpack-cli:PBcc/5P1UEO/1Ba/jUNR65wOzs1wU0Y+m+OOSfB57dG5EajzjbqRMRm0l7MWqcJgHDYM5GoZ36Hm7qAYFlIH3A== Completed in 1ms
3960 timing metavuln:cache:put:security-advisory:spawn-please:BphxFlmJVCef0edSeSF2BBo1sZe5hLcWnzmHf+irjeKMNwbxNw9WEGlLkVE/W1BkHcitZjhQlZeuv4+pMFyKkA== Completed in 16ms
3961 timing metavuln:calculate:security-advisory:spawn-please:PBcc/5P1UEO/1Ba/jUNR65wOzs1wU0Y+m+OOSfB57dG5EajzjbqRMRm0l7MWqcJgHDYM5GoZ36Hm7qAYFlIH3A== Completed in 309ms
3962 timing metavuln:cache:put:security-advisory:webpack-cli:H2hTN4ZrDsX5Zga3r5FRbvgrU/fAJrT+jD7Bz8Z/htxanE2nyrKoffoyQCLOAfjqlf9EjPscG8l86nb6rOFcdg== Completed in 11ms
3963 timing metavuln:calculate:security-advisory:webpack-cli:PBcc/5P1UEO/1Ba/jUNR65wOzs1wU0Y+m+OOSfB57dG5EajzjbqRMRm0l7MWqcJgHDYM5GoZ36Hm7qAYFlIH3A== Completed in 315ms
3964 timing metavuln:cache:get:security-advisory:sequelize:2c+7MTiFWSUCJPZxAs7noUYJMH/zTVc+k+d+icdT1NTlCxv5zo3ztT6FpxiyBnOHFRUNoxc6nR/Q0/DZwqqSKA== Completed in 0ms
3965 timing metavuln:load:security-advisory:sequelize:0ACVlgh2XixrZ76V6Aw4AGmXe/vScI8AGIUQKFGZaYZxp4MyNabKSDBfLcT9XlERSFeHYQ9hiMRtZaHo1b3mTw== Completed in 7ms
3966 timing metavuln:cache:put:security-advisory:sequelize:2c+7MTiFWSUCJPZxAs7noUYJMH/zTVc+k+d+icdT1NTlCxv5zo3ztT6FpxiyBnOHFRUNoxc6nR/Q0/DZwqqSKA== Completed in 11ms
3967 timing metavuln:calculate:security-advisory:sequelize:0ACVlgh2XixrZ76V6Aw4AGmXe/vScI8AGIUQKFGZaYZxp4MyNabKSDBfLcT9XlERSFeHYQ9hiMRtZaHo1b3mTw== Completed in 19ms
3968 timing metavuln:cache:get:security-advisory:fastify-cli:QaslBeMuAEoSjIJGc7+wAYc4T7XpFaCnbJI8/c0a2JIyJvbwAad9SK12c7/eNgGCnrx8g4UQ77MsJaZXoAIODA== Completed in 2ms
3969 http fetch GET 200 https://registry.npmjs.org/fastify-cli 292ms (cache miss)
3970 timing metavuln:packument:fastify-cli Completed in 294ms
3971 timing metavuln:load:security-advisory:fastify-cli:5OdrwYv5Xzq+rI3bchsuaHIz85Yyo5gTdhOrQGf2Em7pRhXXR2ur0R7W7qQ6UpWsSxuRBW8Fdp57dyqUhR5/yw== Completed in 16ms
3972 timing metavuln:cache:put:security-advisory:fastify-cli:QaslBeMuAEoSjIJGc7+wAYc4T7XpFaCnbJI8/c0a2JIyJvbwAad9SK12c7/eNgGCnrx8g4UQ77MsJaZXoAIODA== Completed in 13ms
3973 timing metavuln:calculate:security-advisory:fastify-cli:5OdrwYv5Xzq+rI3bchsuaHIz85Yyo5gTdhOrQGf2Em7pRhXXR2ur0R7W7qQ6UpWsSxuRBW8Fdp57dyqUhR5/yw== Completed in 323ms
3974 timing metavuln:cache:get:security-advisory:fastify:r+d4AOedJNNM2JvdD79Tj/5Xqtya7yxHwFWKqG0+AJKMFl1K4au+8puJfPaPI6uOm9P0a/JHng7JwWmTuMXQJg== Completed in 1ms
3975 timing metavuln:load:security-advisory:fastify:ncPGiupWBmuLy3osYbi6NeA3zAkV0H2ETbz204QySGfjGMvhOUrckXpvAqjVyzsYU9NNJZrPHuMSulTPi+/bfw== Completed in 6ms
3976 timing metavuln:cache:put:security-advisory:fastify:r+d4AOedJNNM2JvdD79Tj/5Xqtya7yxHwFWKqG0+AJKMFl1K4au+8puJfPaPI6uOm9P0a/JHng7JwWmTuMXQJg== Completed in 14ms
3977 timing metavuln:calculate:security-advisory:fastify:ncPGiupWBmuLy3osYbi6NeA3zAkV0H2ETbz204QySGfjGMvhOUrckXpvAqjVyzsYU9NNJZrPHuMSulTPi+/bfw== Completed in 21ms
3978 timing metavuln:cache:get:security-advisory:flat-cache:JhiW4rt37xHiozZ7KHa24qUwDKaqeEmfEKkkfEIx/3FvJpogNevZOLgbh2yXpecOg6mIB2Ykrg7bF88g6uOdtQ== Completed in 1ms
3979 http fetch GET 200 https://registry.npmjs.org/flat-cache 61ms (cache miss)
3980 timing metavuln:packument:flat-cache Completed in 61ms
3981 timing metavuln:load:security-advisory:flat-cache:oa7V2KnuHnLCPcrXFvcQLRAa1NASGJm9yZ+B92xpfwxan7PZyVrZjYAHt6LB51PFfA2mM8KGE+VHR+U5X/2uZw== Completed in 1ms
3982 timing metavuln:cache:put:security-advisory:flat-cache:JhiW4rt37xHiozZ7KHa24qUwDKaqeEmfEKkkfEIx/3FvJpogNevZOLgbh2yXpecOg6mIB2Ykrg7bF88g6uOdtQ== Completed in 11ms
3983 timing metavuln:calculate:security-advisory:flat-cache:oa7V2KnuHnLCPcrXFvcQLRAa1NASGJm9yZ+B92xpfwxan7PZyVrZjYAHt6LB51PFfA2mM8KGE+VHR+U5X/2uZw== Completed in 73ms
3984 timing metavuln:cache:get:security-advisory:socks:re7e5WgYC0N2yCcyKEpIVOef1b0RSDx7Y0SpqokON2S0og4NBc+basQ12t25Rom7giF5cYm2S3iMuCSJlhszhQ== Completed in 3ms
3985 http fetch GET 200 https://registry.npmjs.org/socks 293ms (cache miss)
3986 timing metavuln:packument:socks Completed in 294ms
3987 timing metavuln:load:security-advisory:socks:FcMhhitnipE8n5zCPiVRq2NLRNmu7UZkoO9lrM5CRC/emGwY5wSoa1+q1Q1Z8SPpfXO9tzox/MNRv7luhyJvqg== Completed in 1ms
3988 timing metavuln:cache:put:security-advisory:socks:re7e5WgYC0N2yCcyKEpIVOef1b0RSDx7Y0SpqokON2S0og4NBc+basQ12t25Rom7giF5cYm2S3iMuCSJlhszhQ== Completed in 13ms
3989 timing metavuln:calculate:security-advisory:socks:FcMhhitnipE8n5zCPiVRq2NLRNmu7UZkoO9lrM5CRC/emGwY5wSoa1+q1Q1Z8SPpfXO9tzox/MNRv7luhyJvqg== Completed in 309ms
3990 timing metavuln:cache:get:security-advisory:concurrently:jiZST4CUOZqAcB148diLa/4Cl5k4iCySK9zdGlvkCsjY7gOsOKgF1bXrv0HVQ59659xB7IRMqiwz7OjSmmlI2A== Completed in 5ms
3991 timing metavuln:cache:get:security-advisory:fastify-method-override:Bqz+OF3vj0F87stMKdz1zylGKE8NtgbAnp+RZ3DJo39FnbGBc9ivPmiN5C555vtAiYaLfttwTSWvQJASKYlV+g== Completed in 5ms
3992 timing metavuln:cache:get:security-advisory:knex:xzQLfa/l/BfN0UEm9OtwynMKedL9/kO38LYgtlMfN1NRGlgdM9PLi7IBDcrEUwXptCI+3DFMsmKvgOBQABYQIg== Completed in 5ms
3993 timing metavuln:cache:get:security-advisory:npm-check-updates:A6NzIFMr80r0b1G9uUOQ0/grfi8yyFDdzuwuYW8DK9LvNPoFVCV/JNyfXSOvhpY4YoiS1cD5RZNrCp4jVIMUcA== Completed in 4ms
3994 timing metavuln:load:security-advisory:npm-check-updates:OGNA5lR8rR8aeucWHqvJLBV5oaroI/lF2JfG9J2l63dx9uiGUyHuI4ymC6nv+dqWwxtqCIMcqBukiWYEiF5/RQ== Completed in 5ms
3995 timing metavuln:cache:get:security-advisory:sequelize:r0MmEGzxD6KLAwNM3KBOGbsgcIwLr/u67tvBlP/WGRII+/x23SPDMJr9YFGH4PZnjbGjd3bV0ODq63Uq+hGltQ== Completed in 10ms
3996 timing metavuln:load:security-advisory:sequelize:OGNA5lR8rR8aeucWHqvJLBV5oaroI/lF2JfG9J2l63dx9uiGUyHuI4ymC6nv+dqWwxtqCIMcqBukiWYEiF5/RQ== Completed in 13ms
3997 timing metavuln:cache:get:security-advisory:sequelize-cli:3hCNawRrl1ZM9szQIsCm0ai0rc4PV/6RtC9zvtR1XrrMTkmgViBTBXBxUsZapXSIBuUSRRFcJTnmgRvBUf/9nA== Completed in 23ms
3998 timing metavuln:cache:put:security-advisory:sequelize:r0MmEGzxD6KLAwNM3KBOGbsgcIwLr/u67tvBlP/WGRII+/x23SPDMJr9YFGH4PZnjbGjd3bV0ODq63Uq+hGltQ== Completed in 15ms
3999 timing metavuln:calculate:security-advisory:sequelize:OGNA5lR8rR8aeucWHqvJLBV5oaroI/lF2JfG9J2l63dx9uiGUyHuI4ymC6nv+dqWwxtqCIMcqBukiWYEiF5/RQ== Completed in 38ms
4000 timing metavuln:cache:put:security-advisory:npm-check-updates:A6NzIFMr80r0b1G9uUOQ0/grfi8yyFDdzuwuYW8DK9LvNPoFVCV/JNyfXSOvhpY4YoiS1cD5RZNrCp4jVIMUcA== Completed in 29ms
4001 timing metavuln:calculate:security-advisory:npm-check-updates:OGNA5lR8rR8aeucWHqvJLBV5oaroI/lF2JfG9J2l63dx9uiGUyHuI4ymC6nv+dqWwxtqCIMcqBukiWYEiF5/RQ== Completed in 39ms
4002 http fetch GET 200 https://registry.npmjs.org/date-fns/-/date-fns-2.30.0.tgz 33027ms (cache miss)
4003 timing reifyNode:node_modules/date-fns Completed in 33629ms
4004 timing reify:unpack Completed in 33684ms
4005 timing reify:unretire Completed in 0ms
4006 timing build:queue Completed in 28ms
4007 timing build:link:node_modules/jest-cli Completed in 3ms
4008 timing build:link:node_modules/@babel/parser Completed in 14ms
4009 timing build:link:node_modules/@istanbuljs/load-nyc-config/node_modules/js-yaml Completed in 10ms
4010 timing build:link:node_modules/@babel/core/node_modules/semver Completed in 10ms
4011 timing build:link:node_modules/@babel/helper-compilation-targets/node_modules/semver Completed in 10ms
4012 timing build:link:node_modules/@npmcli/promise-spawn/node_modules/which Completed in 10ms
4013 timing build:link:node_modules/@npmcli/git/node_modules/which Completed in 10ms
4014 timing build:link:node_modules/@npmcli/run-script/node_modules/which Completed in 9ms
4015 timing build:link:node_modules/babel-plugin-istanbul/node_modules/semver Completed in 9ms
4016 timing build:link:node_modules/eslint-config-airbnb-base/node_modules/semver Completed in 9ms
4017 timing build:link:node_modules/eslint-plugin-import/node_modules/semver Completed in 9ms
4018 timing build:link:node_modules/fastify-cli/node_modules/pino-pretty Completed in 9ms
4019 timing build:link:node_modules/sqlite3/node_modules/node-gyp Completed in 10ms
4020 timing build:link:node_modules/fastify-objectionjs/node_modules/knex Completed in 10ms
4021 timing build:link:node_modules/node-gyp/node_modules/nopt Completed in 10ms
4022 timing build:link:node_modules/npm-check-updates/node_modules/rimraf Completed in 10ms
4023 timing build:link:node_modules/browserslist Completed in 15ms
4024 timing build:link:node_modules/is-expression/node_modules/acorn Completed in 10ms
4025 timing build:link:node_modules/@fastify/secure-session Completed in 15ms
4026 timing build:link:node_modules/color-support Completed in 15ms
4027 timing build:link:node_modules/concurrently Completed in 15ms
4028 timing build:link:node_modules/create-jest Completed in 15ms
4029 timing build:link:node_modules/editorconfig Completed in 14ms
4030 timing build:link:node_modules/envinfo Completed in 14ms
4031 timing build:link:node_modules/cssesc Completed in 14ms
4032 timing build:link:node_modules/eslint Completed in 14ms
4033 timing build:link:node_modules/js-beautify/node_modules/nopt Completed in 10ms
4034 timing build:link:node_modules/esprima Completed in 14ms
4035 timing build:link:node_modules/fastify-cli Completed in 14ms
4036 timing build:link:node_modules/@npmcli/installed-package-contents Completed in 15ms
4037 timing build:link:node_modules/generify Completed in 14ms
4038 timing build:link:node_modules/is-ci Completed in 14ms
4039 timing build:link:node_modules/import-local Completed in 14ms
4040 timing build:link:node_modules/glob Completed in 14ms
4041 timing build:link:node_modules/is-docker Completed in 14ms
4042 timing build:link:node_modules/jest Completed in 13ms
4043 timing build:link:node_modules/js-beautify Completed in 13ms
4044 timing build:link:node_modules/jsesc Completed in 13ms
4045 timing build:link:node_modules/js-yaml Completed in 13ms
4046 timing build:link:node_modules/json5 Completed in 13ms
4047 timing build:link:node_modules/mime Completed in 13ms
4048 timing build:link:node_modules/knex Completed in 13ms
4049 timing build:link:node_modules/markdown-it Completed in 13ms
4050 timing build:link:node_modules/mkdirp Completed in 13ms
4051 timing build:link:node_modules/mustache Completed in 13ms
4052 timing build:link:node_modules/acorn Completed in 15ms
4053 timing build:link:node_modules/node-gyp Completed in 12ms
4054 timing build:link:node_modules/nanoid Completed in 13ms
4055 timing build:link:node_modules/node-gyp-build Completed in 12ms
4056 timing build:link:node_modules/npm-check-updates Completed in 12ms
4057 timing build:link:node_modules/pacote Completed in 12ms
4058 timing build:link:node_modules/nopt Completed in 12ms
4059 timing build:link:node_modules/pino Completed in 12ms
4060 timing build:link:node_modules/parse-github-url Completed in 12ms
4061 timing build:link:node_modules/prebuild-install Completed in 12ms
4062 timing build:link:node_modules/pino-pretty Completed in 12ms
4063 timing build:link:node_modules/rc Completed in 12ms
4064 timing build:link:node_modules/rimraf Completed in 11ms
4065 timing build:link:node_modules/semver Completed in 11ms
4066 timing build:link:node_modules/sequelize-cli Completed in 11ms
4067 timing build:link:node_modules/sigstore Completed in 11ms
4068 timing build:link:node_modules/tree-kill Completed in 11ms
4069 timing build:link:node_modules/resolve Completed in 12ms
4070 timing build:link:node_modules/terser Completed in 11ms
4071 timing build:link:node_modules/uuid Completed in 11ms
4072 timing build:link:node_modules/update-browserslist-db Completed in 11ms
4073 timing build:link:node_modules/webpack Completed in 11ms
4074 timing build:link:node_modules/webpack-cli Completed in 11ms
4075 timing build:link:node_modules/which Completed in 11ms
4076 timing build:link:node_modules/tsconfig-paths/node_modules/json5 Completed in 10ms
4077 timing build:link Completed in 16ms
4078 info run @vscode/sqlite3@5.1.2 install node_modules/@vscode/sqlite3 node-gyp rebuild
4079 info run better-sqlite3@8.7.0 install node_modules/better-sqlite3 prebuild-install || node-gyp rebuild --release
4080 info run sodium-native@4.1.1 install node_modules/sodium-native node-gyp-build
4081 info run sqlite3@5.1.7 install node_modules/sqlite3 prebuild-install -r napi || node-gyp rebuild
4082 http fetch GET 200 https://registry.npmjs.org/concurrently 313ms (cache miss)
4083 timing metavuln:packument:concurrently Completed in 315ms
4084 timing metavuln:load:security-advisory:concurrently:OGNA5lR8rR8aeucWHqvJLBV5oaroI/lF2JfG9J2l63dx9uiGUyHuI4ymC6nv+dqWwxtqCIMcqBukiWYEiF5/RQ== Completed in 1ms
4085 http fetch GET 200 https://registry.npmjs.org/sequelize-cli 316ms (cache miss)
4086 timing metavuln:packument:sequelize-cli Completed in 318ms
4087 timing metavuln:load:security-advisory:sequelize-cli:OGNA5lR8rR8aeucWHqvJLBV5oaroI/lF2JfG9J2l63dx9uiGUyHuI4ymC6nv+dqWwxtqCIMcqBukiWYEiF5/RQ== Completed in 4ms
4088 timing metavuln:cache:put:security-advisory:sequelize-cli:3hCNawRrl1ZM9szQIsCm0ai0rc4PV/6RtC9zvtR1XrrMTkmgViBTBXBxUsZapXSIBuUSRRFcJTnmgRvBUf/9nA== Completed in 8ms
4089 timing metavuln:calculate:security-advisory:sequelize-cli:OGNA5lR8rR8aeucWHqvJLBV5oaroI/lF2JfG9J2l63dx9uiGUyHuI4ymC6nv+dqWwxtqCIMcqBukiWYEiF5/RQ== Completed in 330ms
4090 timing metavuln:cache:put:security-advisory:concurrently:jiZST4CUOZqAcB148diLa/4Cl5k4iCySK9zdGlvkCsjY7gOsOKgF1bXrv0HVQ59659xB7IRMqiwz7OjSmmlI2A== Completed in 15ms
4091 timing metavuln:calculate:security-advisory:concurrently:OGNA5lR8rR8aeucWHqvJLBV5oaroI/lF2JfG9J2l63dx9uiGUyHuI4ymC6nv+dqWwxtqCIMcqBukiWYEiF5/RQ== Completed in 332ms
4092 info run sodium-native@4.1.1 install { code: 0, signal: null }
4093 timing build:run:install:node_modules/sodium-native Completed in 143ms
4094 http fetch GET 200 https://registry.npmjs.org/fastify-method-override 360ms (cache miss)
4095 timing metavuln:packument:fastify-method-override Completed in 360ms
4096 timing metavuln:load:security-advisory:fastify-method-override:OGNA5lR8rR8aeucWHqvJLBV5oaroI/lF2JfG9J2l63dx9uiGUyHuI4ymC6nv+dqWwxtqCIMcqBukiWYEiF5/RQ== Completed in 1ms
4097 timing metavuln:cache:put:security-advisory:fastify-method-override:Bqz+OF3vj0F87stMKdz1zylGKE8NtgbAnp+RZ3DJo39FnbGBc9ivPmiN5C555vtAiYaLfttwTSWvQJASKYlV+g== Completed in 3ms
4098 timing metavuln:calculate:security-advisory:fastify-method-override:OGNA5lR8rR8aeucWHqvJLBV5oaroI/lF2JfG9J2l63dx9uiGUyHuI4ymC6nv+dqWwxtqCIMcqBukiWYEiF5/RQ== Completed in 364ms
4099 http fetch GET 200 https://registry.npmjs.org/knex 756ms (cache miss)
4100 timing metavuln:packument:knex Completed in 761ms
4101 timing metavuln:load:security-advisory:knex:OGNA5lR8rR8aeucWHqvJLBV5oaroI/lF2JfG9J2l63dx9uiGUyHuI4ymC6nv+dqWwxtqCIMcqBukiWYEiF5/RQ== Completed in 2ms
4102 timing metavuln:cache:put:security-advisory:knex:xzQLfa/l/BfN0UEm9OtwynMKedL9/kO38LYgtlMfN1NRGlgdM9PLi7IBDcrEUwXptCI+3DFMsmKvgOBQABYQIg== Completed in 3ms
4103 timing metavuln:calculate:security-advisory:knex:OGNA5lR8rR8aeucWHqvJLBV5oaroI/lF2JfG9J2l63dx9uiGUyHuI4ymC6nv+dqWwxtqCIMcqBukiWYEiF5/RQ== Completed in 766ms
4104 timing metavuln:cache:get:security-advisory:jstransformer-markdown-it:QXbZ4xCbTC6gBpBNs7H/EvXk3F9ngURxnQlVqozhkTTei6TWNS+vuhLPZxwRHAMYkAOq4rwyeVSqGY5oqeI7cw== Completed in 1ms
4105 http fetch GET 200 https://registry.npmjs.org/jstransformer-markdown-it 325ms (cache miss)
4106 timing metavuln:packument:jstransformer-markdown-it Completed in 326ms
4107 timing metavuln:load:security-advisory:jstransformer-markdown-it:745Vt4mrHCdT8gFHVh7oHROmP4aH4fErXXhbpeVBhtIHmsxTVI7P3rJSdfXZ1iZTBS6GEnTERL4OWUfc4Co9jQ== Completed in 1ms
4108 timing metavuln:cache:put:security-advisory:jstransformer-markdown-it:QXbZ4xCbTC6gBpBNs7H/EvXk3F9ngURxnQlVqozhkTTei6TWNS+vuhLPZxwRHAMYkAOq4rwyeVSqGY5oqeI7cw== Completed in 4ms
4109 timing metavuln:calculate:security-advisory:jstransformer-markdown-it:745Vt4mrHCdT8gFHVh7oHROmP4aH4fErXXhbpeVBhtIHmsxTVI7P3rJSdfXZ1iZTBS6GEnTERL4OWUfc4Co9jQ== Completed in 331ms
4110 timing metavuln:cache:get:security-advisory:@jest/core:03W5UBAiciMv+HbF52DVjKaiJDsW8n4o9l0N1bD9irL9aHp0XpkH6yRZbIXa21hJn/+RFQL1MCcLgDa/4eDK4w== Completed in 6ms
4111 timing metavuln:cache:get:security-advisory:@jest/transform:frAXQpmFOgCLjrxLELwz/nGg5XiK/ZNDWwX3TPmrK4kjdo/GsnOnUL1px5EXlvvS4e0p7qsR8mhVO87fIAkI8w== Completed in 5ms
4112 timing metavuln:cache:get:security-advisory:fast-glob:AbqaRkH/ah2E63AlsHQoSe4rzDu85g3nQo2oOGK8mDPpx8ODN4CyFz62hpRucknVgKWSODuNhHcd4w2oWa9y3w== Completed in 5ms
4113 timing metavuln:cache:get:security-advisory:jest-config:PG5LJK++mIH2P5/BoeATw87eF+FfSdFbgEqp2CbnYYA8L17aFlVzq09vZtR3BFwoyR+3hWRZY28YfyQmAblGOg== Completed in 3ms
4114 timing metavuln:cache:get:security-advisory:jest-haste-map:jM3bS1o4htRu+ACRH1gcErU4U2Iaalvaat1pZmyWiirmghW1371hURc/aE7fgn6m9mU4kt8GRZ0gy4wwGUZ7mQ== Completed in 2ms
4115 timing metavuln:cache:get:security-advisory:jest-message-util:9e3+mtFMiM85wWr/OL6NNUJH/DnoduwxZZ0/PtDHjHEr2KrplOGkwoZ+9A9Of+V7gemgG4bDnVLxA6nt6hgQOQ== Completed in 2ms
4116 http fetch GET 200 https://registry.npmjs.org/fast-glob 54ms (cache miss)
4117 timing metavuln:packument:fast-glob Completed in 56ms
4118 timing metavuln:load:security-advisory:fast-glob:TlYHmS8BZBwkbsPHbTfH2/e91KJnOnqfC63ZoKdiRy+yt6biPd8BwjBdyfPUht1+ZO675I3Gg00RQPYaWiOm8Q== Completed in 3ms
4119 timing metavuln:cache:put:security-advisory:fast-glob:AbqaRkH/ah2E63AlsHQoSe4rzDu85g3nQo2oOGK8mDPpx8ODN4CyFz62hpRucknVgKWSODuNhHcd4w2oWa9y3w== Completed in 4ms
4120 timing metavuln:calculate:security-advisory:fast-glob:TlYHmS8BZBwkbsPHbTfH2/e91KJnOnqfC63ZoKdiRy+yt6biPd8BwjBdyfPUht1+ZO675I3Gg00RQPYaWiOm8Q== Completed in 64ms
4121 http fetch GET 200 https://registry.npmjs.org/jest-haste-map 299ms (cache miss)
4122 timing metavuln:packument:jest-haste-map Completed in 302ms
4123 timing metavuln:load:security-advisory:jest-haste-map:TlYHmS8BZBwkbsPHbTfH2/e91KJnOnqfC63ZoKdiRy+yt6biPd8BwjBdyfPUht1+ZO675I3Gg00RQPYaWiOm8Q== Completed in 9ms
4124 http fetch GET 200 https://registry.npmjs.org/jest-message-util 318ms (cache miss)
4125 timing metavuln:packument:jest-message-util Completed in 321ms
4126 timing metavuln:load:security-advisory:jest-message-util:TlYHmS8BZBwkbsPHbTfH2/e91KJnOnqfC63ZoKdiRy+yt6biPd8BwjBdyfPUht1+ZO675I3Gg00RQPYaWiOm8Q== Completed in 6ms
4127 timing metavuln:cache:put:security-advisory:jest-haste-map:jM3bS1o4htRu+ACRH1gcErU4U2Iaalvaat1pZmyWiirmghW1371hURc/aE7fgn6m9mU4kt8GRZ0gy4wwGUZ7mQ== Completed in 25ms
4128 timing metavuln:calculate:security-advisory:jest-haste-map:TlYHmS8BZBwkbsPHbTfH2/e91KJnOnqfC63ZoKdiRy+yt6biPd8BwjBdyfPUht1+ZO675I3Gg00RQPYaWiOm8Q== Completed in 337ms
4129 timing metavuln:cache:put:security-advisory:jest-message-util:9e3+mtFMiM85wWr/OL6NNUJH/DnoduwxZZ0/PtDHjHEr2KrplOGkwoZ+9A9Of+V7gemgG4bDnVLxA6nt6hgQOQ== Completed in 12ms
4130 timing metavuln:calculate:security-advisory:jest-message-util:TlYHmS8BZBwkbsPHbTfH2/e91KJnOnqfC63ZoKdiRy+yt6biPd8BwjBdyfPUht1+ZO675I3Gg00RQPYaWiOm8Q== Completed in 341ms
4131 http fetch GET 200 https://registry.npmjs.org/jest-config 345ms (cache miss)
4132 timing metavuln:packument:jest-config Completed in 351ms
4133 timing metavuln:load:security-advisory:jest-config:TlYHmS8BZBwkbsPHbTfH2/e91KJnOnqfC63ZoKdiRy+yt6biPd8BwjBdyfPUht1+ZO675I3Gg00RQPYaWiOm8Q== Completed in 7ms
4134 timing metavuln:cache:put:security-advisory:jest-config:PG5LJK++mIH2P5/BoeATw87eF+FfSdFbgEqp2CbnYYA8L17aFlVzq09vZtR3BFwoyR+3hWRZY28YfyQmAblGOg== Completed in 4ms
4135 timing metavuln:calculate:security-advisory:jest-config:TlYHmS8BZBwkbsPHbTfH2/e91KJnOnqfC63ZoKdiRy+yt6biPd8BwjBdyfPUht1+ZO675I3Gg00RQPYaWiOm8Q== Completed in 362ms
4136 info run sqlite3@5.1.7 install { code: 0, signal: null }
4137 timing build:run:install:node_modules/sqlite3 Completed in 1273ms
4138 http fetch GET 200 https://registry.npmjs.org/@jest%2fcore 518ms (cache miss)
4139 timing metavuln:packument:@jest/core Completed in 521ms
4140 timing metavuln:load:security-advisory:@jest/core:TlYHmS8BZBwkbsPHbTfH2/e91KJnOnqfC63ZoKdiRy+yt6biPd8BwjBdyfPUht1+ZO675I3Gg00RQPYaWiOm8Q== Completed in 1ms
4141 timing metavuln:cache:put:security-advisory:@jest/core:03W5UBAiciMv+HbF52DVjKaiJDsW8n4o9l0N1bD9irL9aHp0XpkH6yRZbIXa21hJn/+RFQL1MCcLgDa/4eDK4w== Completed in 3ms
4142 timing metavuln:calculate:security-advisory:@jest/core:TlYHmS8BZBwkbsPHbTfH2/e91KJnOnqfC63ZoKdiRy+yt6biPd8BwjBdyfPUht1+ZO675I3Gg00RQPYaWiOm8Q== Completed in 526ms
4143 info run better-sqlite3@8.7.0 install { code: 0, signal: null }
4144 timing build:run:install:node_modules/better-sqlite3 Completed in 1488ms
4145 http fetch GET 200 https://registry.npmjs.org/@jest%2ftransform 631ms (cache miss)
4146 timing metavuln:packument:@jest/transform Completed in 633ms
4147 timing metavuln:load:security-advisory:@jest/transform:TlYHmS8BZBwkbsPHbTfH2/e91KJnOnqfC63ZoKdiRy+yt6biPd8BwjBdyfPUht1+ZO675I3Gg00RQPYaWiOm8Q== Completed in 2ms
4148 timing metavuln:cache:put:security-advisory:@jest/transform:frAXQpmFOgCLjrxLELwz/nGg5XiK/ZNDWwX3TPmrK4kjdo/GsnOnUL1px5EXlvvS4e0p7qsR8mhVO87fIAkI8w== Completed in 3ms
4149 timing metavuln:calculate:security-advisory:@jest/transform:TlYHmS8BZBwkbsPHbTfH2/e91KJnOnqfC63ZoKdiRy+yt6biPd8BwjBdyfPUht1+ZO675I3Gg00RQPYaWiOm8Q== Completed in 638ms
4150 timing metavuln:cache:get:security-advisory:postcss:tmHYDPE1UVxPaRKZT9ru10S2PG7HaFVF7Z4GmgB6cUo+mRoTCphDiou0e19GAujSzXwfRWgbN5N8PHmsKOoxPA== Completed in 1ms
4151 http fetch GET 200 https://registry.npmjs.org/postcss 60ms (cache miss)
4152 timing metavuln:packument:postcss Completed in 64ms
4153 timing metavuln:load:security-advisory:postcss:SvMVdtEUVO5ESues2DL9aEFMy6oMG+saOn/tNitKJcx7q7CvMfC5ZcstpC8dbnZl5KL/q/3pYBvQrAPBFsC+nQ== Completed in 7ms
4154 timing metavuln:cache:put:security-advisory:postcss:tmHYDPE1UVxPaRKZT9ru10S2PG7HaFVF7Z4GmgB6cUo+mRoTCphDiou0e19GAujSzXwfRWgbN5N8PHmsKOoxPA== Completed in 3ms
4155 timing metavuln:calculate:security-advisory:postcss:SvMVdtEUVO5ESues2DL9aEFMy6oMG+saOn/tNitKJcx7q7CvMfC5ZcstpC8dbnZl5KL/q/3pYBvQrAPBFsC+nQ== Completed in 74ms
4156 timing metavuln:cache:get:security-advisory:fastify-method-override:ZDPGuMazvs7qKrue/+ZVigiFmeut/y23hQFlb/kCvBjOt63fLVBVFAAWAmB/N3sEQF7bxjwt50HiQTTJGyEpvQ== Completed in 2ms
4157 timing metavuln:load:security-advisory:fastify-method-override:TmkHz1g6xKc2pnDD1h6+ZDKMikxz0M1BBY/wyR9ER8446AKOUk6gXjoSR2douZ5enAllzNSKaynTW1H+LBi1CA== Completed in 0ms
4158 timing metavuln:cache:get:security-advisory:fastify-reverse-routes:E14+sZiQmNHMZ8DBhBeAvQL9a79kH5VraBSPDUqz5BJQ9sR1+a7NBZxGmZfAePmakPx+9euK8Dee7Ub1dqaKYA== Completed in 1ms
4159 timing metavuln:cache:put:security-advisory:fastify-method-override:ZDPGuMazvs7qKrue/+ZVigiFmeut/y23hQFlb/kCvBjOt63fLVBVFAAWAmB/N3sEQF7bxjwt50HiQTTJGyEpvQ== Completed in 4ms
4160 timing metavuln:calculate:security-advisory:fastify-method-override:TmkHz1g6xKc2pnDD1h6+ZDKMikxz0M1BBY/wyR9ER8446AKOUk6gXjoSR2douZ5enAllzNSKaynTW1H+LBi1CA== Completed in 6ms
4161 http fetch GET 200 https://registry.npmjs.org/fastify-reverse-routes 308ms (cache miss)
4162 timing metavuln:packument:fastify-reverse-routes Completed in 309ms
4163 timing metavuln:load:security-advisory:fastify-reverse-routes:TmkHz1g6xKc2pnDD1h6+ZDKMikxz0M1BBY/wyR9ER8446AKOUk6gXjoSR2douZ5enAllzNSKaynTW1H+LBi1CA== Completed in 0ms
4164 timing metavuln:cache:put:security-advisory:fastify-reverse-routes:E14+sZiQmNHMZ8DBhBeAvQL9a79kH5VraBSPDUqz5BJQ9sR1+a7NBZxGmZfAePmakPx+9euK8Dee7Ub1dqaKYA== Completed in 1ms
4165 timing metavuln:calculate:security-advisory:fastify-reverse-routes:TmkHz1g6xKc2pnDD1h6+ZDKMikxz0M1BBY/wyR9ER8446AKOUk6gXjoSR2douZ5enAllzNSKaynTW1H+LBi1CA== Completed in 311ms
4166 timing metavuln:cache:get:security-advisory:anymatch:Nfla9E9Lgs+mqMt1dA/8UaXdCl7sXuZQsKzxwmqxeyDZbX+CRdcfKSFFgjhZ/F0BJR9geE1mRVv3h/ODZoo63g== Completed in 2ms
4167 timing metavuln:cache:get:security-advisory:jest-util:KGKm1hRPkMsSUasN2N6Z4GOHO8fGbGKIZEcikjWe+ZJ1RAIPIVxN9cUA65sJrFgXSWWgIhEnMkk8RB6TBUus9A== Completed in 2ms
4168 timing metavuln:cache:get:security-advisory:micromatch:Gfx2SOQRY3jP5uv6bFlh3nIPxMXsxdnbcyF/xURx+dAnDK2wtpAvWYKdTiFWGD3MlWR/x1stzjO6SjznwiVonw== Completed in 1ms
4169 timing metavuln:load:security-advisory:micromatch:GSQ5ghUF1JWDKMssoydWDVRebjlPePRwktLhrdWzXCq5xeBXdo4Cm9HGHnH2b6P1Nq93YjwPmimVjAx6kge32A== Completed in 1ms
4170 timing metavuln:cache:get:security-advisory:readdirp:O7WXRupQt48LJyZ17mA/uSHYfhYyK7sMYMihjKrTsH3mKxobKArK3CCtifRFqfhAMZFOU4AsOtouYzz86OtBxQ== Completed in 2ms
4171 timing metavuln:cache:put:security-advisory:micromatch:Gfx2SOQRY3jP5uv6bFlh3nIPxMXsxdnbcyF/xURx+dAnDK2wtpAvWYKdTiFWGD3MlWR/x1stzjO6SjznwiVonw== Completed in 5ms
4172 timing metavuln:calculate:security-advisory:micromatch:GSQ5ghUF1JWDKMssoydWDVRebjlPePRwktLhrdWzXCq5xeBXdo4Cm9HGHnH2b6P1Nq93YjwPmimVjAx6kge32A== Completed in 7ms
4173 http fetch GET 200 https://registry.npmjs.org/readdirp 52ms (cache miss)
4174 timing metavuln:packument:readdirp Completed in 53ms
4175 timing metavuln:load:security-advisory:readdirp:GSQ5ghUF1JWDKMssoydWDVRebjlPePRwktLhrdWzXCq5xeBXdo4Cm9HGHnH2b6P1Nq93YjwPmimVjAx6kge32A== Completed in 0ms
4176 http fetch GET 200 https://registry.npmjs.org/anymatch 58ms (cache miss)
4177 timing metavuln:packument:anymatch Completed in 58ms
4178 timing metavuln:load:security-advisory:anymatch:GSQ5ghUF1JWDKMssoydWDVRebjlPePRwktLhrdWzXCq5xeBXdo4Cm9HGHnH2b6P1Nq93YjwPmimVjAx6kge32A== Completed in 0ms
4179 timing metavuln:cache:put:security-advisory:readdirp:O7WXRupQt48LJyZ17mA/uSHYfhYyK7sMYMihjKrTsH3mKxobKArK3CCtifRFqfhAMZFOU4AsOtouYzz86OtBxQ== Completed in 6ms
4180 timing metavuln:calculate:security-advisory:readdirp:GSQ5ghUF1JWDKMssoydWDVRebjlPePRwktLhrdWzXCq5xeBXdo4Cm9HGHnH2b6P1Nq93YjwPmimVjAx6kge32A== Completed in 59ms
4181 timing metavuln:cache:put:security-advisory:anymatch:Nfla9E9Lgs+mqMt1dA/8UaXdCl7sXuZQsKzxwmqxeyDZbX+CRdcfKSFFgjhZ/F0BJR9geE1mRVv3h/ODZoo63g== Completed in 5ms
4182 timing metavuln:calculate:security-advisory:anymatch:GSQ5ghUF1JWDKMssoydWDVRebjlPePRwktLhrdWzXCq5xeBXdo4Cm9HGHnH2b6P1Nq93YjwPmimVjAx6kge32A== Completed in 64ms
4183 http fetch GET 200 https://registry.npmjs.org/jest-util 69ms (cache miss)
4184 timing metavuln:packument:jest-util Completed in 71ms
4185 timing metavuln:load:security-advisory:jest-util:GSQ5ghUF1JWDKMssoydWDVRebjlPePRwktLhrdWzXCq5xeBXdo4Cm9HGHnH2b6P1Nq93YjwPmimVjAx6kge32A== Completed in 2ms
4186 timing metavuln:cache:put:security-advisory:jest-util:KGKm1hRPkMsSUasN2N6Z4GOHO8fGbGKIZEcikjWe+ZJ1RAIPIVxN9cUA65sJrFgXSWWgIhEnMkk8RB6TBUus9A== Completed in 5ms
4187 timing metavuln:calculate:security-advisory:jest-util:GSQ5ghUF1JWDKMssoydWDVRebjlPePRwktLhrdWzXCq5xeBXdo4Cm9HGHnH2b6P1Nq93YjwPmimVjAx6kge32A== Completed in 79ms
4188 timing metavuln:cache:get:security-advisory:pug:Bod8uHjOpAFcodGsdvWZubJRAED6zypMgl3ly6hCbBJ4kIFKsF2l0fd9HBsYkM1DJmjCj+BxWBZMHfDPYyrFRQ== Completed in 0ms
4189 timing metavuln:load:security-advisory:pug:jYtA+ua4XfswkuObBtnwWn2fYvQUK4ca+Iv1+bqgs4mXRLiX4zUdwwNSawL0T4CvKtEq8q6TFgvFydQ8OKg+/Q== Completed in 2ms
4190 timing metavuln:cache:put:security-advisory:pug:Bod8uHjOpAFcodGsdvWZubJRAED6zypMgl3ly6hCbBJ4kIFKsF2l0fd9HBsYkM1DJmjCj+BxWBZMHfDPYyrFRQ== Completed in 3ms
4191 timing metavuln:calculate:security-advisory:pug:jYtA+ua4XfswkuObBtnwWn2fYvQUK4ca+Iv1+bqgs4mXRLiX4zUdwwNSawL0T4CvKtEq8q6TFgvFydQ8OKg+/Q== Completed in 6ms
4192 timing metavuln:cache:get:security-advisory:terser-webpack-plugin:329sgNMopuugPFiEvSVitHHehdTr5nHB47XwDe3JfAo+J6Nc9SQhgI2F9XPbnv2SVTzEoWYsaJ8lBj3HmQYXeg== Completed in 1ms
4193 http fetch GET 200 https://registry.npmjs.org/terser-webpack-plugin 263ms (cache miss)
4194 timing metavuln:packument:terser-webpack-plugin Completed in 266ms
4195 timing metavuln:load:security-advisory:terser-webpack-plugin:VNhzhjSQJJPSfVWQUXMpEy6hsW23faurQllLlGbSJ7QrUHjncb9PKDTQYw8APRVBzMug+7YJc5EWXV6SYvPIiw== Completed in 2ms
4196 timing metavuln:cache:put:security-advisory:terser-webpack-plugin:329sgNMopuugPFiEvSVitHHehdTr5nHB47XwDe3JfAo+J6Nc9SQhgI2F9XPbnv2SVTzEoWYsaJ8lBj3HmQYXeg== Completed in 3ms
4197 timing metavuln:calculate:security-advisory:terser-webpack-plugin:VNhzhjSQJJPSfVWQUXMpEy6hsW23faurQllLlGbSJ7QrUHjncb9PKDTQYw8APRVBzMug+7YJc5EWXV6SYvPIiw== Completed in 271ms
4198 timing metavuln:cache:get:security-advisory:cacache:xvJIWB5/FY/DmZpxvmgqyq49qJv5ggEb6QVj3OY5ousoMlm27iLo5bVkFK9lSFNIWe3eU5heX0nWjs8DbT01mg== Completed in 2ms
4199 timing metavuln:load:security-advisory:cacache:qPQeYPFDBIedTWfYK3sbnScF6Ha7ouTs+wgndnz4PT5P+/K+GBD4epoPcYpXlu6AC7gSJlCJTJeuKbYAFoK9PA== Completed in 2ms
4200 timing metavuln:cache:get:security-advisory:node-gyp:l/WeQkAPWJ0/mHENc58u9JNvnzqgqXWhnfEbUs8zhmL1UmoofkwGw4482B1GnFfApFQ5hXpUDaLf7UIPw6jpww== Completed in 4ms
4201 timing metavuln:cache:get:security-advisory:pacote:YEGC2tr63UMpFVgVz0cNuFV3bU8S49mLN9fSXNf8TSeZFIG2IIlfze6ewtj1AcnmZfEVnbmO+QJdA95V6mwuNA== Completed in 3ms
4202 timing metavuln:cache:get:security-advisory:sqlite3:d9OlV91FQiPngyARVJjb2c1N1Zd+BlUG/6hW/AboVLzuuz9zlq5RBmHPTvImBXKQlYn4hJ5/GOcjonk0bZFabg== Completed in 3ms
4203 timing metavuln:cache:put:security-advisory:cacache:xvJIWB5/FY/DmZpxvmgqyq49qJv5ggEb6QVj3OY5ousoMlm27iLo5bVkFK9lSFNIWe3eU5heX0nWjs8DbT01mg== Completed in 5ms
4204 timing metavuln:calculate:security-advisory:cacache:qPQeYPFDBIedTWfYK3sbnScF6Ha7ouTs+wgndnz4PT5P+/K+GBD4epoPcYpXlu6AC7gSJlCJTJeuKbYAFoK9PA== Completed in 9ms
4205 http fetch GET 200 https://registry.npmjs.org/node-gyp 55ms (cache miss)
4206 timing metavuln:packument:node-gyp Completed in 57ms
4207 timing metavuln:load:security-advisory:node-gyp:qPQeYPFDBIedTWfYK3sbnScF6Ha7ouTs+wgndnz4PT5P+/K+GBD4epoPcYpXlu6AC7gSJlCJTJeuKbYAFoK9PA== Completed in 10ms
4208 timing metavuln:cache:put:security-advisory:node-gyp:l/WeQkAPWJ0/mHENc58u9JNvnzqgqXWhnfEbUs8zhmL1UmoofkwGw4482B1GnFfApFQ5hXpUDaLf7UIPw6jpww== Completed in 2ms
4209 timing metavuln:calculate:security-advisory:node-gyp:qPQeYPFDBIedTWfYK3sbnScF6Ha7ouTs+wgndnz4PT5P+/K+GBD4epoPcYpXlu6AC7gSJlCJTJeuKbYAFoK9PA== Completed in 69ms
4210 http fetch GET 200 https://registry.npmjs.org/sqlite3 265ms (cache miss)
4211 timing metavuln:packument:sqlite3 Completed in 266ms
4212 timing metavuln:load:security-advisory:sqlite3:qPQeYPFDBIedTWfYK3sbnScF6Ha7ouTs+wgndnz4PT5P+/K+GBD4epoPcYpXlu6AC7gSJlCJTJeuKbYAFoK9PA== Completed in 2ms
4213 timing metavuln:cache:put:security-advisory:sqlite3:d9OlV91FQiPngyARVJjb2c1N1Zd+BlUG/6hW/AboVLzuuz9zlq5RBmHPTvImBXKQlYn4hJ5/GOcjonk0bZFabg== Completed in 6ms
4214 timing metavuln:calculate:security-advisory:sqlite3:qPQeYPFDBIedTWfYK3sbnScF6Ha7ouTs+wgndnz4PT5P+/K+GBD4epoPcYpXlu6AC7gSJlCJTJeuKbYAFoK9PA== Completed in 274ms
4215 http fetch GET 200 https://registry.npmjs.org/pacote 280ms (cache miss)
4216 timing metavuln:packument:pacote Completed in 286ms
4217 timing metavuln:load:security-advisory:pacote:qPQeYPFDBIedTWfYK3sbnScF6Ha7ouTs+wgndnz4PT5P+/K+GBD4epoPcYpXlu6AC7gSJlCJTJeuKbYAFoK9PA== Completed in 133ms
4218 timing metavuln:cache:put:security-advisory:pacote:YEGC2tr63UMpFVgVz0cNuFV3bU8S49mLN9fSXNf8TSeZFIG2IIlfze6ewtj1AcnmZfEVnbmO+QJdA95V6mwuNA== Completed in 4ms
4219 timing metavuln:calculate:security-advisory:pacote:qPQeYPFDBIedTWfYK3sbnScF6Ha7ouTs+wgndnz4PT5P+/K+GBD4epoPcYpXlu6AC7gSJlCJTJeuKbYAFoK9PA== Completed in 424ms
4220 timing metavuln:cache:get:security-advisory:prebuild-install:jRqqdHWbOREw15H5SdurWE62CscvPSSYzDYeqtuoOjAS5T4a/EWVlt/5yu0vDTLEYuFXij3+w7qsCx2Gdyt/0A== Completed in 2ms
4221 http fetch GET 200 https://registry.npmjs.org/prebuild-install 1758ms (cache miss)
4222 timing metavuln:packument:prebuild-install Completed in 1759ms
4223 timing metavuln:load:security-advisory:prebuild-install:cvuUIK3mvYU/u7TShVqDjuuoWy7Jgl2iyysqZzndeGLLwvbCDiePQ/rot9wwSNqpYc8yRaszF/7dU1Uelp1dUw== Completed in 0ms
4224 timing metavuln:cache:put:security-advisory:prebuild-install:jRqqdHWbOREw15H5SdurWE62CscvPSSYzDYeqtuoOjAS5T4a/EWVlt/5yu0vDTLEYuFXij3+w7qsCx2Gdyt/0A== Completed in 460ms
4225 timing metavuln:calculate:security-advisory:prebuild-install:cvuUIK3mvYU/u7TShVqDjuuoWy7Jgl2iyysqZzndeGLLwvbCDiePQ/rot9wwSNqpYc8yRaszF/7dU1Uelp1dUw== Completed in 2220ms
4226 timing metavuln:cache:get:security-advisory:sequelize:WP/J+bn63vzyhlFPu4gR5kILxEgdoa3SkHTx4OxjNEQkXzXPPFWVnAe7UrJ7qQH9YqkETnZXjCoBObFPCIcNYg== Completed in 0ms
4227 timing metavuln:load:security-advisory:sequelize:IkyJOqfhkev0E9tRX4zbgkqtsxJX67cd4upO2f1EheDpncnx522qyf9oLyXwjDcWGeZOQHSqJUAh/kUyYH60qQ== Completed in 28ms
4228 timing metavuln:cache:put:security-advisory:sequelize:WP/J+bn63vzyhlFPu4gR5kILxEgdoa3SkHTx4OxjNEQkXzXPPFWVnAe7UrJ7qQH9YqkETnZXjCoBObFPCIcNYg== Completed in 401ms
4229 timing metavuln:calculate:security-advisory:sequelize:IkyJOqfhkev0E9tRX4zbgkqtsxJX67cd4upO2f1EheDpncnx522qyf9oLyXwjDcWGeZOQHSqJUAh/kUyYH60qQ== Completed in 430ms
4230 timing metavuln:cache:get:security-advisory:@webpack-cli/configtest:b4m8NuooYTIA52NRofpykXKsNJXhI/hZokfJmZK3eMyZ91+Gy7N4DTPkKnSOjHMTDNtz3tKcpUaQlXgYolFajw== Completed in 3ms
4231 timing metavuln:cache:get:security-advisory:@webpack-cli/info:4Ds6078ZextuCWT6jXrsLa2Pd6hu32g4nY8H0+T8m+aNKVhEB+52Q1eUKB1D7t/Yrw589oA8B9wCx3mYH5Czxg== Completed in 2ms
4232 timing metavuln:cache:get:security-advisory:@webpack-cli/serve:P+MTiTWti/cexrtrDQJD8+RBcrtMy6Jp7vN92Es/wHBog8SMX86eBjTDijQuCnC+gyaCX0FrEqKPYrcWHqsQUA== Completed in 2ms
4233 timing metavuln:cache:get:security-advisory:css-loader:Ow76q8hhhU3MvyLxgnm1y/zYo7Fm99dr11gKzfApuH8ncvHl4guATrwKI/IqfjYipYNSdQJKvS0ecZLpxoiVmQ== Completed in 1ms
4234 timing metavuln:cache:get:security-advisory:mini-css-extract-plugin:G55y4j6io8Q0QytwZFEND0SCeOlZDD4Vj1H2U/A+S3fJbvRCbCyz3KTSkkMgsfR41LScHaNAhK7X/sWIKBGcAw== Completed in 2ms
4235 timing metavuln:cache:get:security-advisory:style-loader://zsLE/rNXdfMckNmpQNmCoWkrP2Nf7A28LGm4q43CiVrFNuxtrmx0tN+1t0mRm8jyGzzBYXQ9oXn2Zl71qHDA== Completed in 2ms
4236 timing metavuln:cache:get:security-advisory:terser-webpack-plugin:OYMC0geGD8QKOno0urEqU4CzSfBbjPVdXorYRugje09dSj0v95b22iyrJDHHzhuhDvgdM+pkY+8LIQ1bjQveVw== Completed in 1ms
4237 timing metavuln:load:security-advisory:terser-webpack-plugin:IzHFkMfHDC+SV3IL23ZHngntgLDUgyESA9Ge8Mh5rKNVcDpaWLuTZIcoUJg4/bAH+BQlnDzJ4nLfJCy6fOIM0A== Completed in 7ms
4238 timing metavuln:cache:get:security-advisory:webpack-cli:NppzCdkvi81KMTMlBTFbaCoFY8gtVck+ljspUq01iJFvWJ0Elli7ukXQBmz7c1UtSEy7ZuJxrJ2UZIkY/mZfhg== Completed in 9ms
4239 timing metavuln:load:security-advisory:webpack-cli:IzHFkMfHDC+SV3IL23ZHngntgLDUgyESA9Ge8Mh5rKNVcDpaWLuTZIcoUJg4/bAH+BQlnDzJ4nLfJCy6fOIM0A== Completed in 20ms
4240 timing metavuln:cache:put:security-advisory:terser-webpack-plugin:OYMC0geGD8QKOno0urEqU4CzSfBbjPVdXorYRugje09dSj0v95b22iyrJDHHzhuhDvgdM+pkY+8LIQ1bjQveVw== Completed in 30ms
4241 timing metavuln:calculate:security-advisory:terser-webpack-plugin:IzHFkMfHDC+SV3IL23ZHngntgLDUgyESA9Ge8Mh5rKNVcDpaWLuTZIcoUJg4/bAH+BQlnDzJ4nLfJCy6fOIM0A== Completed in 38ms
4242 timing metavuln:cache:put:security-advisory:webpack-cli:NppzCdkvi81KMTMlBTFbaCoFY8gtVck+ljspUq01iJFvWJ0Elli7ukXQBmz7c1UtSEy7ZuJxrJ2UZIkY/mZfhg== Completed in 9ms
4243 timing metavuln:calculate:security-advisory:webpack-cli:IzHFkMfHDC+SV3IL23ZHngntgLDUgyESA9Ge8Mh5rKNVcDpaWLuTZIcoUJg4/bAH+BQlnDzJ4nLfJCy6fOIM0A== Completed in 38ms
4244 http fetch GET 200 https://registry.npmjs.org/css-loader 82ms (cache miss)
4245 timing metavuln:packument:css-loader Completed in 84ms
4246 timing metavuln:load:security-advisory:css-loader:IzHFkMfHDC+SV3IL23ZHngntgLDUgyESA9Ge8Mh5rKNVcDpaWLuTZIcoUJg4/bAH+BQlnDzJ4nLfJCy6fOIM0A== Completed in 5ms
4247 timing metavuln:cache:put:security-advisory:css-loader:Ow76q8hhhU3MvyLxgnm1y/zYo7Fm99dr11gKzfApuH8ncvHl4guATrwKI/IqfjYipYNSdQJKvS0ecZLpxoiVmQ== Completed in 4ms
4248 timing metavuln:calculate:security-advisory:css-loader:IzHFkMfHDC+SV3IL23ZHngntgLDUgyESA9Ge8Mh5rKNVcDpaWLuTZIcoUJg4/bAH+BQlnDzJ4nLfJCy6fOIM0A== Completed in 95ms
4249 http fetch GET 200 https://registry.npmjs.org/mini-css-extract-plugin 317ms (cache miss)
4250 timing metavuln:packument:mini-css-extract-plugin Completed in 318ms
4251 timing metavuln:load:security-advisory:mini-css-extract-plugin:IzHFkMfHDC+SV3IL23ZHngntgLDUgyESA9Ge8Mh5rKNVcDpaWLuTZIcoUJg4/bAH+BQlnDzJ4nLfJCy6fOIM0A== Completed in 3ms
4252 timing metavuln:cache:put:security-advisory:mini-css-extract-plugin:G55y4j6io8Q0QytwZFEND0SCeOlZDD4Vj1H2U/A+S3fJbvRCbCyz3KTSkkMgsfR41LScHaNAhK7X/sWIKBGcAw== Completed in 4ms
4253 timing metavuln:calculate:security-advisory:mini-css-extract-plugin:IzHFkMfHDC+SV3IL23ZHngntgLDUgyESA9Ge8Mh5rKNVcDpaWLuTZIcoUJg4/bAH+BQlnDzJ4nLfJCy6fOIM0A== Completed in 325ms
4254 http fetch GET 200 https://registry.npmjs.org/@webpack-cli%2fserve 333ms (cache miss)
4255 timing metavuln:packument:@webpack-cli/serve Completed in 333ms
4256 timing metavuln:load:security-advisory:@webpack-cli/serve:IzHFkMfHDC+SV3IL23ZHngntgLDUgyESA9Ge8Mh5rKNVcDpaWLuTZIcoUJg4/bAH+BQlnDzJ4nLfJCy6fOIM0A== Completed in 1ms
4257 timing metavuln:cache:put:security-advisory:@webpack-cli/serve:P+MTiTWti/cexrtrDQJD8+RBcrtMy6Jp7vN92Es/wHBog8SMX86eBjTDijQuCnC+gyaCX0FrEqKPYrcWHqsQUA== Completed in 2ms
4258 timing metavuln:calculate:security-advisory:@webpack-cli/serve:IzHFkMfHDC+SV3IL23ZHngntgLDUgyESA9Ge8Mh5rKNVcDpaWLuTZIcoUJg4/bAH+BQlnDzJ4nLfJCy6fOIM0A== Completed in 336ms
4259 http fetch GET 200 https://registry.npmjs.org/@webpack-cli%2fconfigtest 532ms (cache miss)
4260 timing metavuln:packument:@webpack-cli/configtest Completed in 533ms
4261 timing metavuln:load:security-advisory:@webpack-cli/configtest:IzHFkMfHDC+SV3IL23ZHngntgLDUgyESA9Ge8Mh5rKNVcDpaWLuTZIcoUJg4/bAH+BQlnDzJ4nLfJCy6fOIM0A== Completed in 0ms
4262 timing metavuln:cache:put:security-advisory:@webpack-cli/configtest:b4m8NuooYTIA52NRofpykXKsNJXhI/hZokfJmZK3eMyZ91+Gy7N4DTPkKnSOjHMTDNtz3tKcpUaQlXgYolFajw== Completed in 3ms
4263 timing metavuln:calculate:security-advisory:@webpack-cli/configtest:IzHFkMfHDC+SV3IL23ZHngntgLDUgyESA9Ge8Mh5rKNVcDpaWLuTZIcoUJg4/bAH+BQlnDzJ4nLfJCy6fOIM0A== Completed in 536ms
4264 http fetch GET 200 https://registry.npmjs.org/@webpack-cli%2finfo 547ms (cache miss)
4265 timing metavuln:packument:@webpack-cli/info Completed in 547ms
4266 timing metavuln:load:security-advisory:@webpack-cli/info:IzHFkMfHDC+SV3IL23ZHngntgLDUgyESA9Ge8Mh5rKNVcDpaWLuTZIcoUJg4/bAH+BQlnDzJ4nLfJCy6fOIM0A== Completed in 1ms
4267 timing metavuln:cache:put:security-advisory:@webpack-cli/info:4Ds6078ZextuCWT6jXrsLa2Pd6hu32g4nY8H0+T8m+aNKVhEB+52Q1eUKB1D7t/Yrw589oA8B9wCx3mYH5Czxg== Completed in 4ms
4268 timing metavuln:calculate:security-advisory:@webpack-cli/info:IzHFkMfHDC+SV3IL23ZHngntgLDUgyESA9Ge8Mh5rKNVcDpaWLuTZIcoUJg4/bAH+BQlnDzJ4nLfJCy6fOIM0A== Completed in 552ms
4269 http fetch GET 200 https://registry.npmjs.org/style-loader 757ms (cache miss)
4270 timing metavuln:packument:style-loader Completed in 759ms
4271 timing metavuln:load:security-advisory:style-loader:IzHFkMfHDC+SV3IL23ZHngntgLDUgyESA9Ge8Mh5rKNVcDpaWLuTZIcoUJg4/bAH+BQlnDzJ4nLfJCy6fOIM0A== Completed in 1ms
4272 timing metavuln:cache:put:security-advisory:style-loader://zsLE/rNXdfMckNmpQNmCoWkrP2Nf7A28LGm4q43CiVrFNuxtrmx0tN+1t0mRm8jyGzzBYXQ9oXn2Zl71qHDA== Completed in 2ms
4273 timing metavuln:calculate:security-advisory:style-loader:IzHFkMfHDC+SV3IL23ZHngntgLDUgyESA9Ge8Mh5rKNVcDpaWLuTZIcoUJg4/bAH+BQlnDzJ4nLfJCy6fOIM0A== Completed in 762ms
4274 timing metavuln:cache:get:security-advisory:make-fetch-happen:JS1eDAsaQnkSC/rAJ1kHDn4UjWqf1f7567HyV/oKSVvssuR/kR60hXTseVc1ROXD8kOdIPeD9ut6fRzIhPTZuw== Completed in 1ms
4275 http fetch GET 200 https://registry.npmjs.org/make-fetch-happen 49ms (cache miss)
4276 timing metavuln:packument:make-fetch-happen Completed in 50ms
4277 timing metavuln:load:security-advisory:make-fetch-happen:yWh+WsUCdzVUoHJ+ukHX3VBWHgc+bzFCiNYaEHuuvW29uVMpISqXUxRqbG/B55MQ8eiu9zSwUnABxh5qJf1U0w== Completed in 2ms
4278 timing metavuln:cache:put:security-advisory:make-fetch-happen:JS1eDAsaQnkSC/rAJ1kHDn4UjWqf1f7567HyV/oKSVvssuR/kR60hXTseVc1ROXD8kOdIPeD9ut6fRzIhPTZuw== Completed in 3ms
4279 timing metavuln:calculate:security-advisory:make-fetch-happen:yWh+WsUCdzVUoHJ+ukHX3VBWHgc+bzFCiNYaEHuuvW29uVMpISqXUxRqbG/B55MQ8eiu9zSwUnABxh5qJf1U0w== Completed in 55ms
4280 timing metavuln:cache:get:security-advisory:js-beautify:mVGwaR1hJpSySFGv5ENPLe2MXyLsuhCYccBRXwHzfIZ1FRuXcQpYf7sIInN7YhD/b7MqhQlEML2TlWJFU2xw9w== Completed in 0ms
4281 timing metavuln:load:security-advisory:js-beautify:/pief47seGDBHnUOHcdf4vh8S5av/gmYGMH6T5uy3DhJchX5AykoNsEcl2U0K2kYnXDy3Q1HW14AEdN7s+Mmhw== Completed in 1ms
4282 timing metavuln:cache:put:security-advisory:js-beautify:mVGwaR1hJpSySFGv5ENPLe2MXyLsuhCYccBRXwHzfIZ1FRuXcQpYf7sIInN7YhD/b7MqhQlEML2TlWJFU2xw9w== Completed in 3ms
4283 timing metavuln:calculate:security-advisory:js-beautify:/pief47seGDBHnUOHcdf4vh8S5av/gmYGMH6T5uy3DhJchX5AykoNsEcl2U0K2kYnXDy3Q1HW14AEdN7s+Mmhw== Completed in 4ms
4284 timing metavuln:cache:get:security-advisory:fastify-error-page:jFLobgupm1ygdOxTlUvCIArNYaFGGKBaaLAoJ8OKqbKNtBGSdJkKNTpzczRFYEIoK/2FzNs3+s9I4+12F+M70A== Completed in 1ms
4285 http fetch GET 200 https://registry.npmjs.org/fastify-error-page 320ms (cache miss)
4286 timing metavuln:packument:fastify-error-page Completed in 320ms
4287 timing metavuln:load:security-advisory:fastify-error-page:GCj7wAVwXmpdpHsZ3FBltk4ddq703nJZceXkq77o3f+gaNLubEhWMdGOuTbsQUIPAj4PXvzoyIJlnaLab4wWyA== Completed in 1ms
4288 timing metavuln:cache:put:security-advisory:fastify-error-page:jFLobgupm1ygdOxTlUvCIArNYaFGGKBaaLAoJ8OKqbKNtBGSdJkKNTpzczRFYEIoK/2FzNs3+s9I4+12F+M70A== Completed in 2ms
4289 timing metavuln:calculate:security-advisory:fastify-error-page:GCj7wAVwXmpdpHsZ3FBltk4ddq703nJZceXkq77o3f+gaNLubEhWMdGOuTbsQUIPAj4PXvzoyIJlnaLab4wWyA== Completed in 324ms
4290 timing metavuln:cache:get:security-advisory:fastify:lycCXiLX7WYkPGWyOZfK/x2MyEabGa58Yp0NN6fq6Yb6R/bh9aYOAn3zOTXTfsMH3UEP1cjjw4Kj5YdQJT91Fg== Completed in 0ms
4291 timing metavuln:load:security-advisory:fastify:UfYeYMGFnlVOh6z1dqFizSqjGi7YyyQMRc3JQ1VnZ/OBVx1zGC6e+b6mEKG/IaRMMtjP5WJ2749QJ6iB38mozA== Completed in 6ms
4292 timing metavuln:cache:put:security-advisory:fastify:lycCXiLX7WYkPGWyOZfK/x2MyEabGa58Yp0NN6fq6Yb6R/bh9aYOAn3zOTXTfsMH3UEP1cjjw4Kj5YdQJT91Fg== Completed in 6ms
4293 timing metavuln:calculate:security-advisory:fastify:UfYeYMGFnlVOh6z1dqFizSqjGi7YyyQMRc3JQ1VnZ/OBVx1zGC6e+b6mEKG/IaRMMtjP5WJ2749QJ6iB38mozA== Completed in 12ms
4294 timing metavuln:cache:get:security-advisory:socks-proxy-agent:O35lPVDdakgt3PlMJ9Zvn535r+Rq41+Bl/9fFt/aDDpWq0oHeg7o+DHqp/GCXtD2sFx/QS2MkwRqg1u8nOKHkQ== Completed in 1ms
4295 http fetch GET 200 https://registry.npmjs.org/socks-proxy-agent 265ms (cache miss)
4296 timing metavuln:packument:socks-proxy-agent Completed in 266ms
4297 timing metavuln:load:security-advisory:socks-proxy-agent:re7e5WgYC0N2yCcyKEpIVOef1b0RSDx7Y0SpqokON2S0og4NBc+basQ12t25Rom7giF5cYm2S3iMuCSJlhszhQ== Completed in 1ms
4298 timing metavuln:cache:put:security-advisory:socks-proxy-agent:O35lPVDdakgt3PlMJ9Zvn535r+Rq41+Bl/9fFt/aDDpWq0oHeg7o+DHqp/GCXtD2sFx/QS2MkwRqg1u8nOKHkQ== Completed in 3ms
4299 timing metavuln:calculate:security-advisory:socks-proxy-agent:re7e5WgYC0N2yCcyKEpIVOef1b0RSDx7Y0SpqokON2S0og4NBc+basQ12t25Rom7giF5cYm2S3iMuCSJlhszhQ== Completed in 270ms
4300 timing metavuln:cache:get:security-advisory:webpack:JftYdshFur//E5T4X92eMr+3ntXPZDJ+GCIeFNjvSdMva59Eynz8k2kYRNBgeLJzm3dzvTSVXqU5Xweef/OxdQ== Completed in 0ms
4301 timing metavuln:load:security-advisory:webpack:329sgNMopuugPFiEvSVitHHehdTr5nHB47XwDe3JfAo+J6Nc9SQhgI2F9XPbnv2SVTzEoWYsaJ8lBj3HmQYXeg== Completed in 17ms
4302 timing metavuln:cache:put:security-advisory:webpack:JftYdshFur//E5T4X92eMr+3ntXPZDJ+GCIeFNjvSdMva59Eynz8k2kYRNBgeLJzm3dzvTSVXqU5Xweef/OxdQ== Completed in 3ms
4303 timing metavuln:calculate:security-advisory:webpack:329sgNMopuugPFiEvSVitHHehdTr5nHB47XwDe3JfAo+J6Nc9SQhgI2F9XPbnv2SVTzEoWYsaJ8lBj3HmQYXeg== Completed in 22ms
4304 timing metavuln:cache:get:security-advisory:make-fetch-happen:i9EWLQURMjAySZXCi5WtA8NzwiONkym6qMEPsUX+uPSg1yz1bg479ufVR/tOdZWMzNzCglMBtyw+v486D3ACDQ== Completed in 0ms
4305 timing metavuln:load:security-advisory:make-fetch-happen:xvJIWB5/FY/DmZpxvmgqyq49qJv5ggEb6QVj3OY5ousoMlm27iLo5bVkFK9lSFNIWe3eU5heX0nWjs8DbT01mg== Completed in 5ms
4306 timing metavuln:cache:get:security-advisory:pacote:OtnJdJ42a1bInL8GrqOWym4puwNQ7oh2bGqAOg0E5uptu0OSRW4gjuYFOkEEYOvjetc1WkglEEM0U0Bgv6+wAw== Completed in 6ms
4307 timing metavuln:load:security-advisory:pacote:xvJIWB5/FY/DmZpxvmgqyq49qJv5ggEb6QVj3OY5ousoMlm27iLo5bVkFK9lSFNIWe3eU5heX0nWjs8DbT01mg== Completed in 5ms
4308 timing metavuln:cache:put:security-advisory:make-fetch-happen:i9EWLQURMjAySZXCi5WtA8NzwiONkym6qMEPsUX+uPSg1yz1bg479ufVR/tOdZWMzNzCglMBtyw+v486D3ACDQ== Completed in 8ms
4309 timing metavuln:calculate:security-advisory:make-fetch-happen:xvJIWB5/FY/DmZpxvmgqyq49qJv5ggEb6QVj3OY5ousoMlm27iLo5bVkFK9lSFNIWe3eU5heX0nWjs8DbT01mg== Completed in 13ms
4310 timing metavuln:cache:put:security-advisory:pacote:OtnJdJ42a1bInL8GrqOWym4puwNQ7oh2bGqAOg0E5uptu0OSRW4gjuYFOkEEYOvjetc1WkglEEM0U0Bgv6+wAw== Completed in 2ms
4311 timing metavuln:calculate:security-advisory:pacote:xvJIWB5/FY/DmZpxvmgqyq49qJv5ggEb6QVj3OY5ousoMlm27iLo5bVkFK9lSFNIWe3eU5heX0nWjs8DbT01mg== Completed in 13ms
4312 timing metavuln:cache:get:security-advisory:@npmcli/run-script:iGTtwNhtzJqD6NRQrZd/d/zEGMzgSqpgcRI1vjqHKnRzGZno56l+gHAbYs0XRY+CB7swkVDTEWOkDAMckkToXA== Completed in 0ms
4313 timing metavuln:cache:get:security-advisory:sqlite3:/EyvdRGvNSmIfPvDagXmxhNg0I3IVs11DoQPmZbPhEN8VqxbrAo8DVoBrE8H0mBolYmeaGyEYJxfj/d4+SoOrA== Completed in 0ms
4314 timing metavuln:load:security-advisory:sqlite3:l/WeQkAPWJ0/mHENc58u9JNvnzqgqXWhnfEbUs8zhmL1UmoofkwGw4482B1GnFfApFQ5hXpUDaLf7UIPw6jpww== Completed in 2ms
4315 timing metavuln:cache:put:security-advisory:sqlite3:/EyvdRGvNSmIfPvDagXmxhNg0I3IVs11DoQPmZbPhEN8VqxbrAo8DVoBrE8H0mBolYmeaGyEYJxfj/d4+SoOrA== Completed in 4ms
4316 timing metavuln:calculate:security-advisory:sqlite3:l/WeQkAPWJ0/mHENc58u9JNvnzqgqXWhnfEbUs8zhmL1UmoofkwGw4482B1GnFfApFQ5hXpUDaLf7UIPw6jpww== Completed in 6ms
4317 http fetch GET 200 https://registry.npmjs.org/@npmcli%2frun-script 278ms (cache miss)
4318 timing metavuln:packument:@npmcli/run-script Completed in 279ms
4319 timing metavuln:load:security-advisory:@npmcli/run-script:l/WeQkAPWJ0/mHENc58u9JNvnzqgqXWhnfEbUs8zhmL1UmoofkwGw4482B1GnFfApFQ5hXpUDaLf7UIPw6jpww== Completed in 4ms
4320 timing metavuln:cache:put:security-advisory:@npmcli/run-script:iGTtwNhtzJqD6NRQrZd/d/zEGMzgSqpgcRI1vjqHKnRzGZno56l+gHAbYs0XRY+CB7swkVDTEWOkDAMckkToXA== Completed in 4ms
4321 timing metavuln:calculate:security-advisory:@npmcli/run-script:l/WeQkAPWJ0/mHENc58u9JNvnzqgqXWhnfEbUs8zhmL1UmoofkwGw4482B1GnFfApFQ5hXpUDaLf7UIPw6jpww== Completed in 288ms
4322 timing metavuln:cache:get:security-advisory:npm-check-updates:3a1dSTSz2mQ0SY5QLKCAVyecBp16P1w6TZ0LEKSvcyuL2frIaamAAWnvTNhDy7T5umx7WmeE1h7mvHxaJVxZ7Q== Completed in 1ms
4323 timing metavuln:load:security-advisory:npm-check-updates:YEGC2tr63UMpFVgVz0cNuFV3bU8S49mLN9fSXNf8TSeZFIG2IIlfze6ewtj1AcnmZfEVnbmO+QJdA95V6mwuNA== Completed in 20ms
4324 timing metavuln:cache:put:security-advisory:npm-check-updates:3a1dSTSz2mQ0SY5QLKCAVyecBp16P1w6TZ0LEKSvcyuL2frIaamAAWnvTNhDy7T5umx7WmeE1h7mvHxaJVxZ7Q== Completed in 4ms
4325 timing metavuln:calculate:security-advisory:npm-check-updates:YEGC2tr63UMpFVgVz0cNuFV3bU8S49mLN9fSXNf8TSeZFIG2IIlfze6ewtj1AcnmZfEVnbmO+QJdA95V6mwuNA== Completed in 25ms
4326 timing metavuln:cache:get:security-advisory:@sigstore/sign:gxeN9h00LM5324/XxET8P0+GPZEVKHCdf+jOHSaCvQTLuwSUluPl5uo7ZHXFYjW2xwkD7P6pMpFE+UgpP/tPDQ== Completed in 2ms
4327 timing metavuln:cache:get:security-advisory:npm-check-updates:9ZRWZwbw/kFW4we/s9ZytIhCXNFSAtoN7r1b3HEN9Kt59xN3AvUqmYBYR13EWY5MjgGjI7RT4j6hN3VaZWfu5A== Completed in 1ms
4328 timing metavuln:load:security-advisory:npm-check-updates:JS1eDAsaQnkSC/rAJ1kHDn4UjWqf1f7567HyV/oKSVvssuR/kR60hXTseVc1ROXD8kOdIPeD9ut6fRzIhPTZuw== Completed in 5ms
4329 timing metavuln:cache:get:security-advisory:npm-registry-fetch:jTwU2ocpa2F1Gl6F6mIoiNLWDiThBDO4pDtOU839jhOJFWGWbQ781jfDqHY9xg8lvUgrdB971fXo+xQMKn4YyA== Completed in 7ms
4330 timing metavuln:cache:get:security-advisory:sigstore:Rv00qatMGdIbV25G7szwdziZdJnK334VQAYuhSzYU7wgGrEPcJjdhEHJyYLLow9hkmU78uZlSl1x+iswPUipEA== Completed in 7ms
4331 timing metavuln:cache:get:security-advisory:tuf-js:07lmlzsGh7j8O54vxohIVSrz884DHxq1pgHvyRzJJID2IkcWbDjN2Pjip45kGl8EGRCU2GSAK+Y4MwRE4fdABw== Completed in 6ms
4332 timing metavuln:cache:get:security-advisory:node-gyp:5rq91deMwL71Py6PvBs4DPzl2PiTOCJMC2TwWfC0r34chaVidbfSvH06scEnLlTST/lclYYq9vacE3hoHCmR5g== Completed in 6ms
4333 timing metavuln:load:security-advisory:node-gyp:JS1eDAsaQnkSC/rAJ1kHDn4UjWqf1f7567HyV/oKSVvssuR/kR60hXTseVc1ROXD8kOdIPeD9ut6fRzIhPTZuw== Completed in 2ms
4334 timing metavuln:cache:put:security-advisory:node-gyp:5rq91deMwL71Py6PvBs4DPzl2PiTOCJMC2TwWfC0r34chaVidbfSvH06scEnLlTST/lclYYq9vacE3hoHCmR5g== Completed in 7ms
4335 timing metavuln:calculate:security-advisory:node-gyp:JS1eDAsaQnkSC/rAJ1kHDn4UjWqf1f7567HyV/oKSVvssuR/kR60hXTseVc1ROXD8kOdIPeD9ut6fRzIhPTZuw== Completed in 15ms
4336 timing metavuln:cache:put:security-advisory:npm-check-updates:9ZRWZwbw/kFW4we/s9ZytIhCXNFSAtoN7r1b3HEN9Kt59xN3AvUqmYBYR13EWY5MjgGjI7RT4j6hN3VaZWfu5A== Completed in 10ms
4337 timing metavuln:calculate:security-advisory:npm-check-updates:JS1eDAsaQnkSC/rAJ1kHDn4UjWqf1f7567HyV/oKSVvssuR/kR60hXTseVc1ROXD8kOdIPeD9ut6fRzIhPTZuw== Completed in 16ms
4338 http fetch GET 200 https://registry.npmjs.org/npm-registry-fetch 64ms (cache miss)
4339 timing metavuln:packument:npm-registry-fetch Completed in 65ms
4340 timing metavuln:load:security-advisory:npm-registry-fetch:JS1eDAsaQnkSC/rAJ1kHDn4UjWqf1f7567HyV/oKSVvssuR/kR60hXTseVc1ROXD8kOdIPeD9ut6fRzIhPTZuw== Completed in 3ms
4341 timing metavuln:cache:put:security-advisory:npm-registry-fetch:jTwU2ocpa2F1Gl6F6mIoiNLWDiThBDO4pDtOU839jhOJFWGWbQ781jfDqHY9xg8lvUgrdB971fXo+xQMKn4YyA== Completed in 4ms
4342 timing metavuln:calculate:security-advisory:npm-registry-fetch:JS1eDAsaQnkSC/rAJ1kHDn4UjWqf1f7567HyV/oKSVvssuR/kR60hXTseVc1ROXD8kOdIPeD9ut6fRzIhPTZuw== Completed in 72ms
4343 http fetch GET 200 https://registry.npmjs.org/tuf-js 265ms (cache miss)
4344 timing metavuln:packument:tuf-js Completed in 265ms
4345 timing metavuln:load:security-advisory:tuf-js:JS1eDAsaQnkSC/rAJ1kHDn4UjWqf1f7567HyV/oKSVvssuR/kR60hXTseVc1ROXD8kOdIPeD9ut6fRzIhPTZuw== Completed in 1ms
4346 timing metavuln:cache:put:security-advisory:tuf-js:07lmlzsGh7j8O54vxohIVSrz884DHxq1pgHvyRzJJID2IkcWbDjN2Pjip45kGl8EGRCU2GSAK+Y4MwRE4fdABw== Completed in 3ms
4347 timing metavuln:calculate:security-advisory:tuf-js:JS1eDAsaQnkSC/rAJ1kHDn4UjWqf1f7567HyV/oKSVvssuR/kR60hXTseVc1ROXD8kOdIPeD9ut6fRzIhPTZuw== Completed in 269ms
4348 http fetch GET 200 https://registry.npmjs.org/sigstore 278ms (cache miss)
4349 timing metavuln:packument:sigstore Completed in 279ms
4350 timing metavuln:load:security-advisory:sigstore:JS1eDAsaQnkSC/rAJ1kHDn4UjWqf1f7567HyV/oKSVvssuR/kR60hXTseVc1ROXD8kOdIPeD9ut6fRzIhPTZuw== Completed in 0ms
4351 timing metavuln:cache:put:security-advisory:sigstore:Rv00qatMGdIbV25G7szwdziZdJnK334VQAYuhSzYU7wgGrEPcJjdhEHJyYLLow9hkmU78uZlSl1x+iswPUipEA== Completed in 3ms
4352 timing metavuln:calculate:security-advisory:sigstore:JS1eDAsaQnkSC/rAJ1kHDn4UjWqf1f7567HyV/oKSVvssuR/kR60hXTseVc1ROXD8kOdIPeD9ut6fRzIhPTZuw== Completed in 282ms
4353 http fetch GET 200 https://registry.npmjs.org/@sigstore%2fsign 520ms (cache miss)
4354 timing metavuln:packument:@sigstore/sign Completed in 522ms
4355 timing metavuln:load:security-advisory:@sigstore/sign:JS1eDAsaQnkSC/rAJ1kHDn4UjWqf1f7567HyV/oKSVvssuR/kR60hXTseVc1ROXD8kOdIPeD9ut6fRzIhPTZuw== Completed in 0ms
4356 timing metavuln:cache:put:security-advisory:@sigstore/sign:gxeN9h00LM5324/XxET8P0+GPZEVKHCdf+jOHSaCvQTLuwSUluPl5uo7ZHXFYjW2xwkD7P6pMpFE+UgpP/tPDQ== Completed in 2ms
4357 timing metavuln:calculate:security-advisory:@sigstore/sign:JS1eDAsaQnkSC/rAJ1kHDn4UjWqf1f7567HyV/oKSVvssuR/kR60hXTseVc1ROXD8kOdIPeD9ut6fRzIhPTZuw== Completed in 525ms
4358 timing metavuln:cache:get:security-advisory:pacote:MS+9ca68tdxeElO9akLXw7yb5VApoczfnQKLx1EukwgWla9k04iPl4Po3r/HJQy/+Wzz5cv0LVQSH7FloSCQcg== Completed in 0ms
4359 timing metavuln:load:security-advisory:pacote:iGTtwNhtzJqD6NRQrZd/d/zEGMzgSqpgcRI1vjqHKnRzGZno56l+gHAbYs0XRY+CB7swkVDTEWOkDAMckkToXA== Completed in 3ms
4360 timing metavuln:cache:put:security-advisory:pacote:MS+9ca68tdxeElO9akLXw7yb5VApoczfnQKLx1EukwgWla9k04iPl4Po3r/HJQy/+Wzz5cv0LVQSH7FloSCQcg== Completed in 5ms
4361 timing metavuln:calculate:security-advisory:pacote:iGTtwNhtzJqD6NRQrZd/d/zEGMzgSqpgcRI1vjqHKnRzGZno56l+gHAbYs0XRY+CB7swkVDTEWOkDAMckkToXA== Completed in 8ms
4362 timing metavuln:cache:get:security-advisory:pacote:v/Wx+No8lTTUx3pt5UDycUsDr2SLqMOux7aARyHYmfvOWFlLhIlCtj0dfcTvwDc78teR/Q4TYiE2HqwCDqNPyg== Completed in 0ms
4363 timing metavuln:load:security-advisory:pacote:jTwU2ocpa2F1Gl6F6mIoiNLWDiThBDO4pDtOU839jhOJFWGWbQ781jfDqHY9xg8lvUgrdB971fXo+xQMKn4YyA== Completed in 4ms
4364 timing metavuln:cache:put:security-advisory:pacote:v/Wx+No8lTTUx3pt5UDycUsDr2SLqMOux7aARyHYmfvOWFlLhIlCtj0dfcTvwDc78teR/Q4TYiE2HqwCDqNPyg== Completed in 3ms
4365 timing metavuln:calculate:security-advisory:pacote:jTwU2ocpa2F1Gl6F6mIoiNLWDiThBDO4pDtOU839jhOJFWGWbQ781jfDqHY9xg8lvUgrdB971fXo+xQMKn4YyA== Completed in 7ms
4366 timing metavuln:cache:get:security-advisory:@sigstore/tuf:tI8a4sAvv4Ex9yO/NvwE3cq49Endh6zBwFEmLoalWUEBC1CvqIeHrPgpHu15xRlRF6+kuKPkgtJz5rV72bTJVA== Completed in 1ms
4367 http fetch GET 200 https://registry.npmjs.org/@sigstore%2ftuf 511ms (cache miss)
4368 timing metavuln:packument:@sigstore/tuf Completed in 512ms
4369 timing metavuln:load:security-advisory:@sigstore/tuf:07lmlzsGh7j8O54vxohIVSrz884DHxq1pgHvyRzJJID2IkcWbDjN2Pjip45kGl8EGRCU2GSAK+Y4MwRE4fdABw== Completed in 0ms
4370 timing metavuln:cache:put:security-advisory:@sigstore/tuf:tI8a4sAvv4Ex9yO/NvwE3cq49Endh6zBwFEmLoalWUEBC1CvqIeHrPgpHu15xRlRF6+kuKPkgtJz5rV72bTJVA== Completed in 4ms
4371 timing metavuln:calculate:security-advisory:@sigstore/tuf:07lmlzsGh7j8O54vxohIVSrz884DHxq1pgHvyRzJJID2IkcWbDjN2Pjip45kGl8EGRCU2GSAK+Y4MwRE4fdABw== Completed in 516ms
4372 timing metavuln:cache:get:security-advisory:pacote:9p0F/JB+ald0XE4A7i1a/J68dZA4eV/2xfPPwuDNCTRuQ9iRoL97wQ2TNV2RvVonwghss2KN+WWxhQFIo3nB7g== Completed in 0ms
4373 timing metavuln:load:security-advisory:pacote:Rv00qatMGdIbV25G7szwdziZdJnK334VQAYuhSzYU7wgGrEPcJjdhEHJyYLLow9hkmU78uZlSl1x+iswPUipEA== Completed in 2ms
4374 timing metavuln:cache:put:security-advisory:pacote:9p0F/JB+ald0XE4A7i1a/J68dZA4eV/2xfPPwuDNCTRuQ9iRoL97wQ2TNV2RvVonwghss2KN+WWxhQFIo3nB7g== Completed in 3ms
4375 timing metavuln:calculate:security-advisory:pacote:Rv00qatMGdIbV25G7szwdziZdJnK334VQAYuhSzYU7wgGrEPcJjdhEHJyYLLow9hkmU78uZlSl1x+iswPUipEA== Completed in 5ms
4376 timing metavuln:cache:get:security-advisory:sigstore:TTD5fb9jAE8DIab5gcqzyJoyo1QthZOxUdxKWxcX4c1NN+KR8ZAYyk91KVmVtN3vwxc/Rl8anvp4MXaW8DFomw== Completed in 0ms
4377 timing metavuln:load:security-advisory:sigstore:gxeN9h00LM5324/XxET8P0+GPZEVKHCdf+jOHSaCvQTLuwSUluPl5uo7ZHXFYjW2xwkD7P6pMpFE+UgpP/tPDQ== Completed in 1ms
4378 timing metavuln:cache:put:security-advisory:sigstore:TTD5fb9jAE8DIab5gcqzyJoyo1QthZOxUdxKWxcX4c1NN+KR8ZAYyk91KVmVtN3vwxc/Rl8anvp4MXaW8DFomw== Completed in 2ms
4379 timing metavuln:calculate:security-advisory:sigstore:gxeN9h00LM5324/XxET8P0+GPZEVKHCdf+jOHSaCvQTLuwSUluPl5uo7ZHXFYjW2xwkD7P6pMpFE+UgpP/tPDQ== Completed in 3ms
4380 timing metavuln:cache:get:security-advisory:sigstore:7IifTNyOdt0CxKAKn+2Sq3kwLn+9cfQ8/8XqUTlCD3qGzs48032kNWKtvJaSsdko3uk1EEASP6faivANpvrrSg== Completed in 3ms
4381 timing metavuln:load:security-advisory:sigstore:tI8a4sAvv4Ex9yO/NvwE3cq49Endh6zBwFEmLoalWUEBC1CvqIeHrPgpHu15xRlRF6+kuKPkgtJz5rV72bTJVA== Completed in 1ms
4382 timing metavuln:cache:put:security-advisory:sigstore:7IifTNyOdt0CxKAKn+2Sq3kwLn+9cfQ8/8XqUTlCD3qGzs48032kNWKtvJaSsdko3uk1EEASP6faivANpvrrSg== Completed in 3ms
4383 timing metavuln:calculate:security-advisory:sigstore:tI8a4sAvv4Ex9yO/NvwE3cq49Endh6zBwFEmLoalWUEBC1CvqIeHrPgpHu15xRlRF6+kuKPkgtJz5rV72bTJVA== Completed in 7ms
4384 timing auditReport:init Completed in 39257ms
4385 timing reify:audit Completed in 41971ms
4386 info run @vscode/sqlite3@5.1.2 install { code: 0, signal: null }
4387 timing build:run:install:node_modules/@vscode/sqlite3 Completed in 57851ms
4388 timing build:run:install Completed in 57852ms
4389 info run es5-ext@0.10.64 postinstall node_modules/es5-ext  node -e "try{require('./_postinstall')}catch(e){}" || exit 0
4390 info run es5-ext@0.10.64 postinstall { code: 0, signal: null }
4391 timing build:run:postinstall:node_modules/es5-ext Completed in 48ms
4392 timing build:run:postinstall Completed in 48ms
4393 timing build:deps Completed in 57944ms
4394 timing build Completed in 57944ms
4395 timing reify:build Completed in 57946ms
4396 timing reify:trash Completed in 1ms
4397 timing reify:save Completed in 237ms
4398 timing reify Completed in 96742ms
4399 silly ADD node_modules/youch
4400 silly ADD node_modules/youch/node_modules/cookie
4401 silly ADD node_modules/yocto-queue
4402 silly ADD node_modules/yargs-parser
4403 silly ADD node_modules/yargs
4404 silly ADD node_modules/yallist
4405 silly ADD node_modules/y18n
4406 silly ADD node_modules/xtend
4407 silly ADD node_modules/xdg-basedir
4408 silly ADD node_modules/write-file-atomic
4409 silly ADD node_modules/wrappy
4410 silly ADD node_modules/wrap-ansi-cjs
4411 silly ADD node_modules/wrap-ansi
4412 silly ADD node_modules/wrap-ansi/node_modules/strip-ansi
4413 silly ADD node_modules/wrap-ansi/node_modules/string-width
4414 silly ADD node_modules/wrap-ansi/node_modules/emoji-regex
4415 silly ADD node_modules/wrap-ansi/node_modules/ansi-styles
4416 silly ADD node_modules/wrap-ansi/node_modules/ansi-regex
4417 silly ADD node_modules/wkx
4418 silly ADD node_modules/with
4419 silly ADD node_modules/wildcard
4420 silly ADD node_modules/widest-line
4421 silly ADD node_modules/widest-line/node_modules/strip-ansi
4422 silly ADD node_modules/widest-line/node_modules/string-width
4423 silly ADD node_modules/widest-line/node_modules/emoji-regex
4424 silly ADD node_modules/widest-line/node_modules/ansi-regex
4425 silly ADD node_modules/wide-align
4426 silly ADD node_modules/which-typed-array
4427 silly ADD node_modules/which-boxed-primitive
4428 silly ADD node_modules/which
4429 silly ADD node_modules/webpack-sources
4430 silly ADD node_modules/webpack-merge
4431 silly ADD node_modules/webpack-cli
4432 silly ADD node_modules/webpack-cli/node_modules/interpret
4433 silly ADD node_modules/webpack
4434 silly ADD node_modules/webpack/node_modules/schema-utils
4435 silly ADD node_modules/webpack/node_modules/graceful-fs
4436 silly ADD node_modules/webpack/node_modules/estraverse
4437 silly ADD node_modules/webpack/node_modules/eslint-scope
4438 silly ADD node_modules/watchpack
4439 silly ADD node_modules/walker
4440 silly ADD node_modules/void-elements
4441 silly ADD node_modules/vary
4442 silly ADD node_modules/validator
4443 silly ADD node_modules/validate-npm-package-name
4444 silly ADD node_modules/validate-npm-package-license
4445 silly ADD node_modules/v8-to-istanbul
4446 silly ADD node_modules/uuid
4447 silly ADD node_modules/util-deprecate
4448 silly ADD node_modules/uri-js
4449 silly ADD node_modules/update-notifier
4450 silly ADD node_modules/update-notifier/node_modules/chalk
4451 silly ADD node_modules/update-browserslist-db
4452 silly ADD node_modules/untildify
4453 silly ADD node_modules/universalify
4454 silly ADD node_modules/unique-string
4455 silly ADD node_modules/unique-slug
4456 silly ADD node_modules/unique-filename
4457 silly ADD node_modules/undici-types
4458 silly ADD node_modules/unbox-primitive
4459 silly ADD node_modules/umzug
4460 silly ADD node_modules/uc.micro
4461 silly ADD node_modules/typedarray-to-buffer
4462 silly ADD node_modules/typed-array-length
4463 silly ADD node_modules/typed-array-byte-offset
4464 silly ADD node_modules/typed-array-byte-length
4465 silly ADD node_modules/typed-array-buffer
4466 silly ADD node_modules/type-is
4467 silly ADD node_modules/type-fest
4468 silly ADD node_modules/type-detect
4469 silly ADD node_modules/type-check
4470 silly ADD node_modules/type
4471 silly ADD node_modules/tunnel-agent
4472 silly ADD node_modules/tuf-js
4473 silly ADD node_modules/tslib
4474 silly ADD node_modules/tsconfig-paths
4475 silly ADD node_modules/tsconfig-paths/node_modules/strip-bom
4476 silly ADD node_modules/tsconfig-paths/node_modules/json5
4477 silly ADD node_modules/tree-kill
4478 silly ADD node_modules/toposort-class
4479 silly ADD node_modules/token-stream
4480 silly ADD node_modules/toidentifier
4481 silly ADD node_modules/toad-cache
4482 silly ADD node_modules/to-regex-range
4483 silly ADD node_modules/to-fast-properties
4484 silly ADD node_modules/tmpl
4485 silly ADD node_modules/timers-ext
4486 silly ADD node_modules/tildify
4487 silly ADD node_modules/thread-stream
4488 silly ADD node_modules/text-table
4489 silly ADD node_modules/test-exclude
4490 silly ADD node_modules/test-exclude/node_modules/glob
4491 silly ADD node_modules/terser-webpack-plugin
4492 silly ADD node_modules/terser-webpack-plugin/node_modules/supports-color
4493 silly ADD node_modules/terser-webpack-plugin/node_modules/schema-utils
4494 silly ADD node_modules/terser-webpack-plugin/node_modules/jest-worker
4495 silly ADD node_modules/terser
4496 silly ADD node_modules/terser/node_modules/source-map-support
4497 silly ADD node_modules/terser/node_modules/commander
4498 silly ADD node_modules/tarn
4499 silly ADD node_modules/tar-stream
4500 silly ADD node_modules/tar-fs
4501 silly ADD node_modules/tar-fs/node_modules/chownr
4502 silly ADD node_modules/tar
4503 silly ADD node_modules/tapable
4504 silly ADD node_modules/supports-preserve-symlinks-flag
4505 silly ADD node_modules/supports-color
4506 silly ADD node_modules/style-loader
4507 silly ADD node_modules/strip-json-comments
4508 silly ADD node_modules/strip-final-newline
4509 silly ADD node_modules/strip-bom
4510 silly ADD node_modules/strip-ansi-cjs
4511 silly ADD node_modules/strip-ansi
4512 silly ADD node_modules/string.prototype.trimstart
4513 silly ADD node_modules/string.prototype.trimend
4514 silly ADD node_modules/string.prototype.trim
4515 silly ADD node_modules/string-width-cjs
4516 silly ADD node_modules/string-width
4517 silly ADD node_modules/string-length
4518 silly ADD node_modules/string_decoder
4519 silly ADD node_modules/statuses
4520 silly ADD node_modules/stack-utils
4521 silly ADD node_modules/stack-utils/node_modules/escape-string-regexp
4522 silly ADD node_modules/stack-trace
4523 silly ADD node_modules/ssri
4524 silly ADD node_modules/ssri/node_modules/minipass
4525 silly ADD node_modules/sqlite3
4526 silly ADD node_modules/sqlite3/node_modules/ssri
4527 silly ADD node_modules/sqlite3/node_modules/socks-proxy-agent
4528 silly ADD node_modules/sqlite3/node_modules/node-gyp
4529 silly ADD node_modules/sqlite3/node_modules/node-addon-api
4530 silly ADD node_modules/sqlite3/node_modules/minipass-fetch
4531 silly ADD node_modules/sqlite3/node_modules/make-fetch-happen
4532 silly ADD node_modules/sqlite3/node_modules/lru-cache
4533 silly ADD node_modules/sqlite3/node_modules/http-proxy-agent
4534 silly ADD node_modules/sqlite3/node_modules/glob
4535 silly ADD node_modules/sqlite3/node_modules/cacache
4536 silly ADD node_modules/sqlite3/node_modules/@tootallnate/once
4537 silly ADD node_modules/sqlite3/node_modules/@npmcli/move-file
4538 silly ADD node_modules/sqlite3/node_modules/@npmcli/fs
4539 silly ADD node_modules/sprintf-js
4540 silly ADD node_modules/split2
4541 silly ADD node_modules/spdx-license-ids
4542 silly ADD node_modules/spdx-expression-parse
4543 silly ADD node_modules/spdx-exceptions
4544 silly ADD node_modules/spdx-correct
4545 silly ADD node_modules/spawn-please
4546 silly ADD node_modules/spawn-command
4547 silly ADD node_modules/source-map-support
4548 silly ADD node_modules/source-map-js
4549 silly ADD node_modules/source-map
4550 silly ADD node_modules/sonic-boom
4551 silly ADD node_modules/sodium-native
4552 silly ADD node_modules/socks-proxy-agent
4553 silly ADD node_modules/socks
4554 silly ADD node_modules/smart-buffer
4555 silly ADD node_modules/slash
4556 silly ADD node_modules/sisteransi
4557 silly ADD node_modules/simple-get
4558 silly ADD node_modules/simple-concat
4559 silly ADD node_modules/sigstore
4560 silly ADD node_modules/signal-exit
4561 silly ADD node_modules/side-channel
4562 silly ADD node_modules/shell-quote
4563 silly ADD node_modules/shebang-regex
4564 silly ADD node_modules/shebang-command
4565 silly ADD node_modules/shallow-clone
4566 silly ADD node_modules/setprototypeof
4567 silly ADD node_modules/set-function-name
4568 silly ADD node_modules/set-function-length
4569 silly ADD node_modules/set-cookie-parser
4570 silly ADD node_modules/set-blocking
4571 silly ADD node_modules/serialize-javascript
4572 silly ADD node_modules/sequelize-pool
4573 silly ADD node_modules/sequelize-cli
4574 silly ADD node_modules/sequelize-cli/node_modules/yargs-parser
4575 silly ADD node_modules/sequelize-cli/node_modules/yargs
4576 silly ADD node_modules/sequelize-cli/node_modules/wrap-ansi
4577 silly ADD node_modules/sequelize-cli/node_modules/cliui
4578 silly ADD node_modules/sequelize
4579 silly ADD node_modules/semver-utils
4580 silly ADD node_modules/semver-diff
4581 silly ADD node_modules/semver
4582 silly ADD node_modules/semver/node_modules/lru-cache
4583 silly ADD node_modules/secure-json-parse
4584 silly ADD node_modules/schema-utils
4585 silly ADD node_modules/schema-utils/node_modules/json-schema-traverse
4586 silly ADD node_modules/schema-utils/node_modules/ajv-keywords
4587 silly ADD node_modules/schema-utils/node_modules/ajv
4588 silly ADD node_modules/safer-buffer
4589 silly ADD node_modules/safe-stable-stringify
4590 silly ADD node_modules/safe-regex2
4591 silly ADD node_modules/safe-regex-test
4592 silly ADD node_modules/safe-buffer
4593 silly ADD node_modules/safe-array-concat
4594 silly ADD node_modules/rxjs
4595 silly ADD node_modules/run-parallel
4596 silly ADD node_modules/rimraf
4597 silly ADD node_modules/rimraf/node_modules/glob
4598 silly ADD node_modules/rfdc
4599 silly ADD node_modules/reusify
4600 silly ADD node_modules/retry-as-promised
4601 silly ADD node_modules/retry
4602 silly ADD node_modules/ret
4603 silly ADD node_modules/responselike
4604 silly ADD node_modules/responselike/node_modules/lowercase-keys
4605 silly ADD node_modules/resolve.exports
4606 silly ADD node_modules/resolve-from
4607 silly ADD node_modules/resolve-cwd
4608 silly ADD node_modules/resolve-alpn
4609 silly ADD node_modules/resolve
4610 silly ADD node_modules/require-from-string
4611 silly ADD node_modules/require-directory
4612 silly ADD node_modules/remote-git-tags
4613 silly ADD node_modules/registry-url
4614 silly ADD node_modules/registry-auth-token
4615 silly ADD node_modules/regexp.prototype.flags
4616 silly ADD node_modules/regenerator-runtime
4617 silly ADD node_modules/rechoir
4618 silly ADD node_modules/real-require
4619 silly ADD node_modules/readdirp
4620 silly ADD node_modules/readable-stream
4621 silly ADD node_modules/read-package-json-fast
4622 silly ADD node_modules/read-package-json-fast/node_modules/json-parse-even-better-errors
4623 silly ADD node_modules/read-package-json
4624 silly ADD node_modules/read-package-json/node_modules/json-parse-even-better-errors
4625 silly ADD node_modules/react-is
4626 silly ADD node_modules/rc-config-loader
4627 silly ADD node_modules/rc
4628 silly ADD node_modules/rc/node_modules/strip-json-comments
4629 silly ADD node_modules/rc/node_modules/ini
4630 silly ADD node_modules/randombytes
4631 silly ADD node_modules/quick-lru
4632 silly ADD node_modules/quick-format-unescaped
4633 silly ADD node_modules/queue-microtask
4634 silly ADD node_modules/qs
4635 silly ADD node_modules/pure-rand
4636 silly ADD node_modules/pupa
4637 silly ADD node_modules/punycode
4638 silly ADD node_modules/pump
4639 silly ADD node_modules/pug-walk
4640 silly ADD node_modules/pug-strip-comments
4641 silly ADD node_modules/pug-runtime
4642 silly ADD node_modules/pug-parser
4643 silly ADD node_modules/pug-load
4644 silly ADD node_modules/pug-linker
4645 silly ADD node_modules/pug-lexer
4646 silly ADD node_modules/pug-filters
4647 silly ADD node_modules/pug-error
4648 silly ADD node_modules/pug-code-gen
4649 silly ADD node_modules/pug-attrs
4650 silly ADD node_modules/pug
4651 silly ADD node_modules/proxy-addr
4652 silly ADD node_modules/proto-list
4653 silly ADD node_modules/prompts-ncu
4654 silly ADD node_modules/prompts-ncu/node_modules/kleur
4655 silly ADD node_modules/prompts
4656 silly ADD node_modules/promise-retry
4657 silly ADD node_modules/promise-inflight
4658 silly ADD node_modules/promise
4659 silly ADD node_modules/progress
4660 silly ADD node_modules/process-warning
4661 silly ADD node_modules/process
4662 silly ADD node_modules/proc-log
4663 silly ADD node_modules/pretty-format
4664 silly ADD node_modules/pretty-format/node_modules/ansi-styles
4665 silly ADD node_modules/prelude-ls
4666 silly ADD node_modules/prebuild-install
4667 silly ADD node_modules/postgres-interval
4668 silly ADD node_modules/postgres-date
4669 silly ADD node_modules/postgres-bytea
4670 silly ADD node_modules/postgres-array
4671 silly ADD node_modules/postcss-value-parser
4672 silly ADD node_modules/postcss-selector-parser
4673 silly ADD node_modules/postcss-modules-values
4674 silly ADD node_modules/postcss-modules-scope
4675 silly ADD node_modules/postcss-modules-local-by-default
4676 silly ADD node_modules/postcss-modules-extract-imports
4677 silly ADD node_modules/postcss
4678 silly ADD node_modules/possible-typed-array-names
4679 silly ADD node_modules/pkg-up
4680 silly ADD node_modules/pkg-up/node_modules/path-exists
4681 silly ADD node_modules/pkg-up/node_modules/p-locate
4682 silly ADD node_modules/pkg-up/node_modules/p-limit
4683 silly ADD node_modules/pkg-up/node_modules/locate-path
4684 silly ADD node_modules/pkg-up/node_modules/find-up
4685 silly ADD node_modules/pkg-dir
4686 silly ADD node_modules/pkg-dir/node_modules/p-locate
4687 silly ADD node_modules/pkg-dir/node_modules/p-limit
4688 silly ADD node_modules/pkg-dir/node_modules/locate-path
4689 silly ADD node_modules/pkg-dir/node_modules/find-up
4690 silly ADD node_modules/pirates
4691 silly ADD node_modules/pino-std-serializers
4692 silly ADD node_modules/pino-pretty
4693 silly ADD node_modules/pino-pretty/node_modules/readable-stream
4694 silly ADD node_modules/pino-pretty/node_modules/help-me
4695 silly ADD node_modules/pino-pretty/node_modules/buffer
4696 silly ADD node_modules/pino-abstract-transport
4697 silly ADD node_modules/pino-abstract-transport/node_modules/split2
4698 silly ADD node_modules/pino-abstract-transport/node_modules/readable-stream
4699 silly ADD node_modules/pino-abstract-transport/node_modules/buffer
4700 silly ADD node_modules/pino
4701 silly ADD node_modules/picomatch
4702 silly ADD node_modules/picocolors
4703 silly ADD node_modules/pgpass
4704 silly ADD node_modules/pgpass/node_modules/split2
4705 silly ADD node_modules/pg-types
4706 silly ADD node_modules/pg-protocol
4707 silly ADD node_modules/pg-pool
4708 silly ADD node_modules/pg-int8
4709 silly ADD node_modules/pg-connection-string
4710 silly ADD node_modules/pg-cloudflare
4711 silly ADD node_modules/pg
4712 silly ADD node_modules/pg/node_modules/pg-connection-string
4713 silly ADD node_modules/path-type
4714 silly ADD node_modules/path-to-regexp
4715 silly ADD node_modules/path-scurry
4716 silly ADD node_modules/path-scurry/node_modules/minipass
4717 silly ADD node_modules/path-scurry/node_modules/lru-cache
4718 silly ADD node_modules/path-parse
4719 silly ADD node_modules/path-key
4720 silly ADD node_modules/path-is-absolute
4721 silly ADD node_modules/path-exists
4722 silly ADD node_modules/parse-json
4723 silly ADD node_modules/parse-github-url
4724 silly ADD node_modules/parent-module
4725 silly ADD node_modules/pacote
4726 silly ADD node_modules/pacote/node_modules/minipass
4727 silly ADD node_modules/pacote/node_modules/fs-minipass
4728 silly ADD node_modules/pacote/node_modules/fs-minipass/node_modules/minipass
4729 silly ADD node_modules/package-json
4730 silly ADD node_modules/p-try
4731 silly ADD node_modules/p-map
4732 silly ADD node_modules/p-locate
4733 silly ADD node_modules/p-limit
4734 silly ADD node_modules/p-cancelable
4735 silly ADD node_modules/optionator
4736 silly ADD node_modules/onetime
4737 silly ADD node_modules/once
4738 silly ADD node_modules/on-exit-leak-free
4739 silly ADD node_modules/objection-unique
4740 silly ADD node_modules/objection
4741 silly ADD node_modules/objection/node_modules/json-schema-traverse
4742 silly ADD node_modules/objection/node_modules/ajv
4743 silly ADD node_modules/object.values
4744 silly ADD node_modules/object.groupby
4745 silly ADD node_modules/object.fromentries
4746 silly ADD node_modules/object.entries
4747 silly ADD node_modules/object.assign
4748 silly ADD node_modules/object-keys
4749 silly ADD node_modules/object-inspect
4750 silly ADD node_modules/object-assign
4751 silly ADD node_modules/npmlog
4752 silly ADD node_modules/npm-run-path
4753 silly ADD node_modules/npm-registry-fetch
4754 silly ADD node_modules/npm-registry-fetch/node_modules/minipass
4755 silly ADD node_modules/npm-pick-manifest
4756 silly ADD node_modules/npm-packlist
4757 silly ADD node_modules/npm-package-arg
4758 silly ADD node_modules/npm-package-arg/node_modules/lru-cache
4759 silly ADD node_modules/npm-package-arg/node_modules/hosted-git-info
4760 silly ADD node_modules/npm-normalize-package-bin
4761 silly ADD node_modules/npm-install-checks
4762 silly ADD node_modules/npm-check-updates
4763 silly ADD node_modules/npm-check-updates/node_modules/strip-json-comments
4764 silly ADD node_modules/npm-check-updates/node_modules/strip-ansi
4765 silly ADD node_modules/npm-check-updates/node_modules/source-map-support
4766 silly ADD node_modules/npm-check-updates/node_modules/rimraf
4767 silly ADD node_modules/npm-check-updates/node_modules/minimatch
4768 silly ADD node_modules/npm-check-updates/node_modules/ini
4769 silly ADD node_modules/npm-check-updates/node_modules/chalk
4770 silly ADD node_modules/npm-check-updates/node_modules/brace-expansion
4771 silly ADD node_modules/npm-check-updates/node_modules/ansi-regex
4772 silly ADD node_modules/npm-bundled
4773 silly ADD node_modules/normalize-url
4774 silly ADD node_modules/normalize-path
4775 silly ADD node_modules/normalize-package-data
4776 silly ADD node_modules/normalize-package-data/node_modules/lru-cache
4777 silly ADD node_modules/normalize-package-data/node_modules/hosted-git-info
4778 silly ADD node_modules/nopt
4779 silly ADD node_modules/node-releases
4780 silly ADD node_modules/node-int64
4781 silly ADD node_modules/node-gyp-build
4782 silly ADD node_modules/node-gyp
4783 silly ADD node_modules/node-gyp/node_modules/unique-slug
4784 silly ADD node_modules/node-gyp/node_modules/unique-filename
4785 silly ADD node_modules/node-gyp/node_modules/ssri
4786 silly ADD node_modules/node-gyp/node_modules/nopt
4787 silly ADD node_modules/node-gyp/node_modules/minipass-fetch
4788 silly ADD node_modules/node-gyp/node_modules/make-fetch-happen
4789 silly ADD node_modules/node-gyp/node_modules/lru-cache
4790 silly ADD node_modules/node-gyp/node_modules/glob
4791 silly ADD node_modules/node-gyp/node_modules/cacache
4792 silly ADD node_modules/node-gyp/node_modules/cacache/node_modules/minimatch
4793 silly ADD node_modules/node-gyp/node_modules/cacache/node_modules/glob
4794 silly ADD node_modules/node-gyp/node_modules/brace-expansion
4795 silly ADD node_modules/node-gyp/node_modules/@npmcli/fs
4796 silly ADD node_modules/node-addon-api
4797 silly ADD node_modules/node-abi
4798 silly ADD node_modules/next-tick
4799 silly ADD node_modules/neo-async
4800 silly ADD node_modules/negotiator
4801 silly ADD node_modules/natural-compare
4802 silly ADD node_modules/napi-build-utils
4803 silly ADD node_modules/nanoid
4804 silly ADD node_modules/mustache
4805 silly ADD node_modules/ms
4806 silly ADD node_modules/moment-timezone
4807 silly ADD node_modules/moment
4808 silly ADD node_modules/mkdirp-classic
4809 silly ADD node_modules/mkdirp
4810 silly ADD node_modules/minizlib
4811 silly ADD node_modules/minipass-sized
4812 silly ADD node_modules/minipass-pipeline
4813 silly ADD node_modules/minipass-json-stream
4814 silly ADD node_modules/minipass-flush
4815 silly ADD node_modules/minipass-fetch
4816 silly ADD node_modules/minipass-fetch/node_modules/minipass
4817 silly ADD node_modules/minipass-collect
4818 silly ADD node_modules/minipass
4819 silly ADD node_modules/minimist
4820 silly ADD node_modules/minimatch
4821 silly ADD node_modules/mini-css-extract-plugin
4822 silly ADD node_modules/mimic-response
4823 silly ADD node_modules/mimic-fn
4824 silly ADD node_modules/mime-types
4825 silly ADD node_modules/mime-db
4826 silly ADD node_modules/mime
4827 silly ADD node_modules/micromatch
4828 silly ADD node_modules/merge2
4829 silly ADD node_modules/merge-stream
4830 silly ADD node_modules/memoizee
4831 silly ADD node_modules/media-typer
4832 silly ADD node_modules/mdurl
4833 silly ADD node_modules/markdown-it
4834 silly ADD node_modules/makeerror
4835 silly ADD node_modules/make-promises-safe
4836 silly ADD node_modules/make-fetch-happen
4837 silly ADD node_modules/make-fetch-happen/node_modules/minipass
4838 silly ADD node_modules/make-fetch-happen/node_modules/lru-cache
4839 silly ADD node_modules/make-dir
4840 silly ADD node_modules/lru-queue
4841 silly ADD node_modules/lru-cache
4842 silly ADD node_modules/lru-cache/node_modules/yallist
4843 silly ADD node_modules/lowercase-keys
4844 silly ADD node_modules/lodash.merge
4845 silly ADD node_modules/lodash.isempty
4846 silly ADD node_modules/lodash.compact
4847 silly ADD node_modules/lodash.castarray
4848 silly ADD node_modules/lodash
4849 silly ADD node_modules/locate-path
4850 silly ADD node_modules/loader-runner
4851 silly ADD node_modules/linkify-it
4852 silly ADD node_modules/lines-and-columns
4853 silly ADD node_modules/light-my-request
4854 silly ADD node_modules/levn
4855 silly ADD node_modules/leven
4856 silly ADD node_modules/latest-version
4857 silly ADD node_modules/knex
4858 silly ADD node_modules/kleur
4859 silly ADD node_modules/kind-of
4860 silly ADD node_modules/keyv
4861 silly ADD node_modules/jstransformer-markdown-it
4862 silly ADD node_modules/jstransformer
4863 silly ADD node_modules/jsonparse
4864 silly ADD node_modules/jsonlines
4865 silly ADD node_modules/jsonfile
4866 silly ADD node_modules/json5
4867 silly ADD node_modules/json-stable-stringify-without-jsonify
4868 silly ADD node_modules/json-schema-traverse
4869 silly ADD node_modules/json-schema-ref-resolver
4870 silly ADD node_modules/json-parse-helpfulerror
4871 silly ADD node_modules/json-parse-even-better-errors
4872 silly ADD node_modules/json-buffer
4873 silly ADD node_modules/jsesc
4874 silly ADD node_modules/js-yaml
4875 silly ADD node_modules/js-tokens
4876 silly ADD node_modules/js-stringify
4877 silly ADD node_modules/js-cookie
4878 silly ADD node_modules/js-beautify
4879 silly ADD node_modules/js-beautify/node_modules/nopt
4880 silly ADD node_modules/js-beautify/node_modules/abbrev
4881 silly ADD node_modules/jquery
4882 silly ADD node_modules/joycon
4883 silly ADD node_modules/jju
4884 silly ADD node_modules/jest-worker
4885 silly ADD node_modules/jest-worker/node_modules/supports-color
4886 silly ADD node_modules/jest-watcher
4887 silly ADD node_modules/jest-validate
4888 silly ADD node_modules/jest-validate/node_modules/camelcase
4889 silly ADD node_modules/jest-util
4890 silly ADD node_modules/jest-snapshot
4891 silly ADD node_modules/jest-runtime
4892 silly ADD node_modules/jest-runtime/node_modules/glob
4893 silly ADD node_modules/jest-runner
4894 silly ADD node_modules/jest-resolve-dependencies
4895 silly ADD node_modules/jest-resolve
4896 silly ADD node_modules/jest-regex-util
4897 silly ADD node_modules/jest-pnp-resolver
4898 silly ADD node_modules/jest-mock
4899 silly ADD node_modules/jest-message-util
4900 silly ADD node_modules/jest-matcher-utils
4901 silly ADD node_modules/jest-leak-detector
4902 silly ADD node_modules/jest-haste-map
4903 silly ADD node_modules/jest-get-type
4904 silly ADD node_modules/jest-environment-node
4905 silly ADD node_modules/jest-each
4906 silly ADD node_modules/jest-docblock
4907 silly ADD node_modules/jest-diff
4908 silly ADD node_modules/jest-config
4909 silly ADD node_modules/jest-config/node_modules/glob
4910 silly ADD node_modules/jest-cli
4911 silly ADD node_modules/jest-circus
4912 silly ADD node_modules/jest-changed-files
4913 silly ADD node_modules/jest
4914 silly ADD node_modules/jackspeak
4915 silly ADD node_modules/istanbul-reports
4916 silly ADD node_modules/istanbul-lib-source-maps
4917 silly ADD node_modules/istanbul-lib-report
4918 silly ADD node_modules/istanbul-lib-instrument
4919 silly ADD node_modules/istanbul-lib-coverage
4920 silly ADD node_modules/isobject
4921 silly ADD node_modules/isexe
4922 silly ADD node_modules/isbinaryfile
4923 silly ADD node_modules/isarray
4924 silly ADD node_modules/is-yarn-global
4925 silly ADD node_modules/is-weakref
4926 silly ADD node_modules/is-typedarray
4927 silly ADD node_modules/is-typed-array
4928 silly ADD node_modules/is-symbol
4929 silly ADD node_modules/is-string
4930 silly ADD node_modules/is-stream
4931 silly ADD node_modules/is-shared-array-buffer
4932 silly ADD node_modules/is-regex
4933 silly ADD node_modules/is-promise
4934 silly ADD node_modules/is-plain-object
4935 silly ADD node_modules/is-path-inside
4936 silly ADD node_modules/is-obj
4937 silly ADD node_modules/is-number-object
4938 silly ADD node_modules/is-number
4939 silly ADD node_modules/is-npm
4940 silly ADD node_modules/is-negative-zero
4941 silly ADD node_modules/is-lambda
4942 silly ADD node_modules/is-installed-globally
4943 silly ADD node_modules/is-glob
4944 silly ADD node_modules/is-generator-fn
4945 silly ADD node_modules/is-fullwidth-code-point
4946 silly ADD node_modules/is-extglob
4947 silly ADD node_modules/is-expression
4948 silly ADD node_modules/is-expression/node_modules/acorn
4949 silly ADD node_modules/is-docker
4950 silly ADD node_modules/is-date-object
4951 silly ADD node_modules/is-data-view
4952 silly ADD node_modules/is-core-module
4953 silly ADD node_modules/is-ci
4954 silly ADD node_modules/is-callable
4955 silly ADD node_modules/is-boolean-object
4956 silly ADD node_modules/is-binary-path
4957 silly ADD node_modules/is-bigint
4958 silly ADD node_modules/is-arrayish
4959 silly ADD node_modules/is-array-buffer
4960 silly ADD node_modules/ipaddr.js
4961 silly ADD node_modules/ip
4962 silly ADD node_modules/interpret
4963 silly ADD node_modules/internal-slot
4964 silly ADD node_modules/ini
4965 silly ADD node_modules/inherits
4966 silly ADD node_modules/inflight
4967 silly ADD node_modules/inflection
4968 silly ADD node_modules/infer-owner
4969 silly ADD node_modules/indent-string
4970 silly ADD node_modules/imurmurhash
4971 silly ADD node_modules/import-local
4972 silly ADD node_modules/import-lazy
4973 silly ADD node_modules/import-fresh
4974 silly ADD node_modules/import-fresh/node_modules/resolve-from
4975 silly ADD node_modules/ignore-walk
4976 silly ADD node_modules/ignore-walk/node_modules/minimatch
4977 silly ADD node_modules/ignore-walk/node_modules/brace-expansion
4978 silly ADD node_modules/ignore
4979 silly ADD node_modules/ieee754
4980 silly ADD node_modules/icss-utils
4981 silly ADD node_modules/iconv-lite
4982 silly ADD node_modules/i18next
4983 silly ADD node_modules/humanize-ms
4984 silly ADD node_modules/human-signals
4985 silly ADD node_modules/https-proxy-agent
4986 silly ADD node_modules/http2-wrapper
4987 silly ADD node_modules/http-proxy-agent
4988 silly ADD node_modules/http-errors
4989 silly ADD node_modules/http-cache-semantics
4990 silly ADD node_modules/html-escaper
4991 silly ADD node_modules/hosted-git-info
4992 silly ADD node_modules/hosted-git-info/node_modules/lru-cache
4993 silly ADD node_modules/help-me
4994 silly ADD node_modules/help-me/node_modules/minimatch
4995 silly ADD node_modules/help-me/node_modules/glob
4996 silly ADD node_modules/help-me/node_modules/brace-expansion
4997 silly ADD node_modules/hasown
4998 silly ADD node_modules/hashlru
4999 silly ADD node_modules/has-yarn
5000 silly ADD node_modules/has-unicode
5001 silly ADD node_modules/has-tostringtag
5002 silly ADD node_modules/has-symbols
5003 silly ADD node_modules/has-proto
5004 silly ADD node_modules/has-property-descriptors
5005 silly ADD node_modules/has-flag
5006 silly ADD node_modules/has-bigints
5007 silly ADD node_modules/graphemer
5008 silly ADD node_modules/graceful-fs
5009 silly ADD node_modules/got
5010 silly ADD node_modules/gopd
5011 silly ADD node_modules/globby
5012 silly ADD node_modules/globalthis
5013 silly ADD node_modules/globals
5014 silly ADD node_modules/global-dirs
5015 silly ADD node_modules/glob-to-regexp
5016 silly ADD node_modules/glob-parent
5017 silly ADD node_modules/glob
5018 silly ADD node_modules/glob/node_modules/minipass
5019 silly ADD node_modules/glob/node_modules/minimatch
5020 silly ADD node_modules/glob/node_modules/brace-expansion
5021 silly ADD node_modules/github-from-package
5022 silly ADD node_modules/getopts
5023 silly ADD node_modules/get-symbol-description
5024 silly ADD node_modules/get-stream
5025 silly ADD node_modules/get-stdin
5026 silly ADD node_modules/get-package-type
5027 silly ADD node_modules/get-intrinsic
5028 silly ADD node_modules/get-caller-file
5029 silly ADD node_modules/gensync
5030 silly ADD node_modules/generify
5031 silly ADD node_modules/gauge
5032 silly ADD node_modules/functions-have-names
5033 silly ADD node_modules/function.prototype.name
5034 silly ADD node_modules/function-bind
5035 silly ADD
5036 silly ADD node_modules/fs.realpath
5037 silly ADD node_modules/fs-minipass
5038 silly ADD node_modules/fs-extra
5039 silly ADD node_modules/fs-constants
5040 silly ADD node_modules/fp-and-or
5041 silly ADD node_modules/forwarded
5042 silly ADD node_modules/form-data-encoder
5043 silly ADD node_modules/foreground-child
5044 silly ADD node_modules/foreground-child/node_modules/signal-exit
5045 silly ADD node_modules/for-each
5046 silly ADD node_modules/flatted
5047 silly ADD node_modules/flat-cache
5048 silly ADD node_modules/find-up
5049 silly ADD node_modules/find-my-way
5050 silly ADD node_modules/fill-range
5051 silly ADD node_modules/file-uri-to-path
5052 silly ADD node_modules/file-entry-cache
5053 silly ADD node_modules/fb-watchman
5054 silly ADD node_modules/fastq
5055 silly ADD node_modules/fastify-reverse-routes
5056 silly ADD node_modules/fastify-plugin
5057 silly ADD node_modules/fastify-objectionjs
5058 silly ADD node_modules/fastify-objectionjs/node_modules/pg-connection-string
5059 silly ADD node_modules/fastify-objectionjs/node_modules/knex
5060 silly ADD node_modules/fastify-objectionjs/node_modules/fastify-plugin
5061 silly ADD node_modules/fastify-method-override
5062 silly ADD node_modules/fastify-method-override/node_modules/fastify-plugin
5063 silly ADD node_modules/fastify-error-page
5064 silly ADD node_modules/fastify-error-page/node_modules/fastify-plugin
5065 silly ADD node_modules/fastify-cli
5066 silly ADD node_modules/fastify-cli/node_modules/readable-stream
5067 silly ADD node_modules/fastify-cli/node_modules/pino-pretty
5068 silly ADD node_modules/fastify-cli/node_modules/pino-pretty/node_modules/help-me
5069 silly ADD node_modules/fastify-cli/node_modules/fastify-plugin
5070 silly ADD node_modules/fastify-cli/node_modules/buffer
5071 silly ADD node_modules/fastify
5072 silly ADD node_modules/fastest-levenshtein
5073 silly ADD node_modules/fast-uri
5074 silly ADD node_modules/fast-safe-stringify
5075 silly ADD node_modules/fast-redact
5076 silly ADD node_modules/fast-querystring
5077 silly ADD node_modules/fast-memoize
5078 silly ADD node_modules/fast-levenshtein
5079 silly ADD node_modules/fast-json-stringify
5080 silly ADD node_modules/fast-json-stringify/node_modules/json-schema-traverse
5081 silly ADD node_modules/fast-json-stringify/node_modules/ajv-formats
5082 silly ADD node_modules/fast-json-stringify/node_modules/ajv
5083 silly ADD node_modules/fast-json-stable-stringify
5084 silly ADD node_modules/fast-glob
5085 silly ADD node_modules/fast-glob/node_modules/glob-parent
5086 silly ADD node_modules/fast-deep-equal
5087 silly ADD node_modules/fast-decode-uri-component
5088 silly ADD node_modules/fast-copy
5089 silly ADD node_modules/fast-content-type-parse
5090 silly ADD node_modules/ext
5091 silly ADD node_modules/exponential-backoff
5092 silly ADD node_modules/expect
5093 silly ADD node_modules/expand-template
5094 silly ADD node_modules/exit
5095 silly ADD node_modules/execa
5096 silly ADD node_modules/events
5097 silly ADD node_modules/event-target-shim
5098 silly ADD node_modules/event-emitter
5099 silly ADD node_modules/esutils
5100 silly ADD node_modules/estraverse
5101 silly ADD node_modules/esrecurse
5102 silly ADD node_modules/esquery
5103 silly ADD node_modules/esprima
5104 silly ADD node_modules/espree
5105 silly ADD node_modules/espree/node_modules/eslint-visitor-keys
5106 silly ADD node_modules/esniff
5107 silly ADD node_modules/esm
5108 silly ADD node_modules/eslint-visitor-keys
5109 silly ADD node_modules/eslint-scope
5110 silly ADD node_modules/eslint-plugin-import
5111 silly ADD node_modules/eslint-plugin-import/node_modules/semver
5112 silly ADD node_modules/eslint-plugin-import/node_modules/doctrine
5113 silly ADD node_modules/eslint-plugin-import/node_modules/debug
5114 silly ADD node_modules/eslint-module-utils
5115 silly ADD node_modules/eslint-module-utils/node_modules/debug
5116 silly ADD node_modules/eslint-import-resolver-node
5117 silly ADD node_modules/eslint-import-resolver-node/node_modules/debug
5118 silly ADD node_modules/eslint-config-airbnb-base
5119 silly ADD node_modules/eslint-config-airbnb-base/node_modules/semver
5120 silly ADD node_modules/eslint
5121 silly ADD node_modules/eslint/node_modules/globals
5122 silly ADD node_modules/eslint/node_modules/espree
5123 silly ADD node_modules/eslint/node_modules/escape-string-regexp
5124 silly ADD node_modules/eslint/node_modules/@eslint/js
5125 silly ADD node_modules/eslint/node_modules/@eslint/eslintrc
5126 silly ADD node_modules/escape-string-regexp
5127 silly ADD node_modules/escape-html
5128 silly ADD node_modules/escape-goat
5129 silly ADD node_modules/escalade
5130 silly ADD node_modules/es6-weak-map
5131 silly ADD node_modules/es6-symbol
5132 silly ADD node_modules/es6-iterator
5133 silly ADD node_modules/es5-ext
5134 silly ADD node_modules/es-to-primitive
5135 silly ADD node_modules/es-shim-unscopables
5136 silly ADD node_modules/es-set-tostringtag
5137 silly ADD node_modules/es-object-atoms
5138 silly ADD node_modules/es-module-lexer
5139 silly ADD node_modules/es-errors
5140 silly ADD node_modules/es-define-property
5141 silly ADD node_modules/es-abstract
5142 silly ADD node_modules/error-ex
5143 silly ADD node_modules/err-code
5144 silly ADD node_modules/envinfo
5145 silly ADD node_modules/env-paths
5146 silly ADD node_modules/entities
5147 silly ADD node_modules/enhanced-resolve
5148 silly ADD node_modules/end-of-stream
5149 silly ADD node_modules/encoding
5150 silly ADD node_modules/emoji-regex
5151 silly ADD node_modules/emittery
5152 silly ADD node_modules/electron-to-chromium
5153 silly ADD node_modules/editorconfig
5154 silly ADD node_modules/editorconfig/node_modules/minimatch
5155 silly ADD node_modules/editorconfig/node_modules/brace-expansion
5156 silly ADD node_modules/eastasianwidth
5157 silly ADD node_modules/dottie
5158 silly ADD node_modules/dotenv
5159 silly ADD node_modules/dot-prop
5160 silly ADD node_modules/doctypes
5161 silly ADD node_modules/doctrine
5162 silly ADD node_modules/dir-glob
5163 silly ADD node_modules/diff-sequences
5164 silly ADD node_modules/detect-newline
5165 silly ADD node_modules/detect-libc
5166 silly ADD node_modules/depd
5167 silly ADD node_modules/delegates
5168 silly ADD node_modules/define-properties
5169 silly ADD node_modules/define-data-property
5170 silly ADD node_modules/defer-to-connect
5171 silly ADD node_modules/deepmerge
5172 silly ADD node_modules/deep-is
5173 silly ADD node_modules/deep-extend
5174 silly ADD node_modules/dedent
5175 silly ADD node_modules/decompress-response
5176 silly ADD node_modules/decompress-response/node_modules/mimic-response
5177 silly ADD node_modules/debug
5178 silly ADD node_modules/debug/node_modules/ms
5179 silly ADD node_modules/db-errors
5180 silly ADD node_modules/dateformat
5181 silly ADD node_modules/date-fns
5182 silly ADD node_modules/data-view-byte-offset
5183 silly ADD node_modules/data-view-byte-length
5184 silly ADD node_modules/data-view-buffer
5185 silly ADD node_modules/d
5186 silly ADD node_modules/cssesc
5187 silly ADD node_modules/css-loader
5188 silly ADD node_modules/crypto-random-string
5189 silly ADD node_modules/crypto-random-string/node_modules/type-fest
5190 silly ADD node_modules/cross-spawn
5191 silly ADD node_modules/create-jest
5192 silly ADD node_modules/cookie-signature
5193 silly ADD node_modules/cookie
5194 silly ADD node_modules/convert-source-map
5195 silly ADD node_modules/content-disposition
5196 silly ADD node_modules/constantinople
5197 silly ADD node_modules/console-control-strings
5198 silly ADD node_modules/confusing-browser-globals
5199 silly ADD node_modules/configstore
5200 silly ADD node_modules/configstore/node_modules/write-file-atomic
5201 silly ADD node_modules/config-chain
5202 silly ADD node_modules/config-chain/node_modules/ini
5203 silly ADD node_modules/concurrently
5204 silly ADD node_modules/concurrently/node_modules/supports-color
5205 silly ADD node_modules/concat-map
5206 silly ADD node_modules/commist
5207 silly ADD node_modules/commander
5208 silly ADD node_modules/colorette
5209 silly ADD node_modules/color-support
5210 silly ADD node_modules/color-name
5211 silly ADD node_modules/color-convert
5212 silly ADD node_modules/collect-v8-coverage
5213 silly ADD node_modules/co
5214 silly ADD node_modules/close-with-grace
5215 silly ADD node_modules/clone-response
5216 silly ADD node_modules/clone-deep
5217 silly ADD node_modules/cliui
5218 silly ADD node_modules/cliui/node_modules/wrap-ansi
5219 silly ADD node_modules/cli-table3
5220 silly ADD node_modules/cli-color
5221 silly ADD node_modules/cli-boxes
5222 silly ADD node_modules/clean-stack
5223 silly ADD node_modules/cjs-module-lexer
5224 silly ADD node_modules/ci-info
5225 silly ADD node_modules/chrome-trace-event
5226 silly ADD node_modules/chownr
5227 silly ADD node_modules/chokidar
5228 silly ADD node_modules/chokidar/node_modules/glob-parent
5229 silly ADD node_modules/character-parser
5230 silly ADD node_modules/char-regex
5231 silly ADD node_modules/chalk
5232 silly ADD node_modules/caniuse-lite
5233 silly ADD node_modules/camelcase
5234 silly ADD node_modules/callsites
5235 silly ADD node_modules/call-bind
5236 silly ADD node_modules/cacheable-request
5237 silly ADD node_modules/cacheable-request/node_modules/lowercase-keys
5238 silly ADD node_modules/cacheable-request/node_modules/get-stream
5239 silly ADD node_modules/cacheable-lookup
5240 silly ADD node_modules/cacache
5241 silly ADD node_modules/cacache/node_modules/unique-slug
5242 silly ADD node_modules/cacache/node_modules/unique-filename
5243 silly ADD node_modules/cacache/node_modules/minipass
5244 silly ADD node_modules/cacache/node_modules/lru-cache
5245 silly ADD node_modules/cacache/node_modules/fs-minipass
5246 silly ADD node_modules/builtins
5247 silly ADD node_modules/buffer-from
5248 silly ADD node_modules/buffer
5249 silly ADD node_modules/bser
5250 silly ADD node_modules/browserslist
5251 silly ADD node_modules/braces
5252 silly ADD node_modules/brace-expansion
5253 silly ADD node_modules/boxen
5254 silly ADD node_modules/boxen/node_modules/type-fest
5255 silly ADD node_modules/boxen/node_modules/strip-ansi
5256 silly ADD node_modules/boxen/node_modules/string-width
5257 silly ADD node_modules/boxen/node_modules/emoji-regex
5258 silly ADD node_modules/boxen/node_modules/chalk
5259 silly ADD node_modules/boxen/node_modules/camelcase
5260 silly ADD node_modules/boxen/node_modules/ansi-regex
5261 silly ADD node_modules/bootstrap
5262 silly ADD node_modules/bluebird
5263 silly ADD node_modules/bl
5264 silly ADD node_modules/bindings
5265 silly ADD node_modules/binary-extensions
5266 silly ADD node_modules/better-sqlite3
5267 silly ADD node_modules/base64-js
5268 silly ADD node_modules/balanced-match
5269 silly ADD node_modules/babel-walk
5270 silly ADD node_modules/babel-preset-jest
5271 silly ADD node_modules/babel-preset-current-node-syntax
5272 silly ADD node_modules/babel-plugin-jest-hoist
5273 silly ADD node_modules/babel-plugin-istanbul
5274 silly ADD node_modules/babel-plugin-istanbul/node_modules/semver
5275 silly ADD node_modules/babel-plugin-istanbul/node_modules/istanbul-lib-instrument
5276 silly ADD node_modules/babel-jest
5277 silly ADD node_modules/avvio
5278 silly ADD node_modules/available-typed-arrays
5279 silly ADD node_modules/atomic-sleep
5280 silly ADD node_modules/at-least-node
5281 silly ADD node_modules/assert-never
5282 silly ADD node_modules/asap
5283 silly ADD node_modules/arraybuffer.prototype.slice
5284 silly ADD node_modules/array.prototype.flatmap
5285 silly ADD node_modules/array.prototype.flat
5286 silly ADD node_modules/array.prototype.findlastindex
5287 silly ADD node_modules/array-union
5288 silly ADD node_modules/array-includes
5289 silly ADD node_modules/array-buffer-byte-length
5290 silly ADD node_modules/argparse
5291 silly ADD node_modules/are-we-there-yet
5292 silly ADD node_modules/archy
5293 silly ADD node_modules/aproba
5294 silly ADD node_modules/anymatch
5295 silly ADD node_modules/ansi-styles
5296 silly ADD node_modules/ansi-regex
5297 silly ADD node_modules/ansi-escapes
5298 silly ADD node_modules/ansi-escapes/node_modules/type-fest
5299 silly ADD node_modules/ansi-align
5300 silly ADD node_modules/ajv-keywords
5301 silly ADD node_modules/ajv-formats
5302 silly ADD node_modules/ajv-formats/node_modules/json-schema-traverse
5303 silly ADD node_modules/ajv-formats/node_modules/ajv
5304 silly ADD node_modules/ajv
5305 silly ADD node_modules/aggregate-error
5306 silly ADD node_modules/agentkeepalive
5307 silly ADD node_modules/agentkeepalive/node_modules/depd
5308 silly ADD node_modules/agent-base
5309 silly ADD node_modules/acorn-jsx
5310 silly ADD node_modules/acorn-import-assertions
5311 silly ADD node_modules/acorn
5312 silly ADD node_modules/abstract-logging
5313 silly ADD node_modules/abort-controller
5314 silly ADD node_modules/abbrev
5315 silly ADD node_modules/@xtuc/long
5316 silly ADD node_modules/@xtuc/ieee754
5317 silly ADD node_modules/@webpack-cli/serve
5318 silly ADD node_modules/@webpack-cli/info
5319 silly ADD node_modules/@webpack-cli/configtest
5320 silly ADD node_modules/@webassemblyjs/wast-printer
5321 silly ADD node_modules/@webassemblyjs/wasm-parser
5322 silly ADD node_modules/@webassemblyjs/wasm-opt
5323 silly ADD node_modules/@webassemblyjs/wasm-gen
5324 silly ADD node_modules/@webassemblyjs/wasm-edit
5325 silly ADD node_modules/@webassemblyjs/utf8
5326 silly ADD node_modules/@webassemblyjs/leb128
5327 silly ADD node_modules/@webassemblyjs/ieee754
5328 silly ADD node_modules/@webassemblyjs/helper-wasm-section
5329 silly ADD node_modules/@webassemblyjs/helper-wasm-bytecode
5330 silly ADD node_modules/@webassemblyjs/helper-numbers
5331 silly ADD node_modules/@webassemblyjs/helper-buffer
5332 silly ADD node_modules/@webassemblyjs/helper-api-error
5333 silly ADD node_modules/@webassemblyjs/floating-point-hex-parser
5334 silly ADD node_modules/@webassemblyjs/ast
5335 silly ADD node_modules/@vscode/sqlite3
5336 silly ADD node_modules/@ungap/structured-clone
5337 silly ADD node_modules/@types/yargs-parser
5338 silly ADD node_modules/@types/yargs
5339 silly ADD node_modules/@types/validator
5340 silly ADD node_modules/@types/stack-utils
5341 silly ADD node_modules/@types/stack-trace
5342 silly ADD node_modules/@types/semver-utils
5343 silly ADD node_modules/@types/responselike
5344 silly ADD node_modules/@types/node
5345 silly ADD node_modules/@types/ms
5346 silly ADD node_modules/@types/keyv
5347 silly ADD node_modules/@types/json5
5348 silly ADD node_modules/@types/json-schema
5349 silly ADD node_modules/@types/jest
5350 silly ADD node_modules/@types/istanbul-reports
5351 silly ADD node_modules/@types/istanbul-lib-report
5352 silly ADD node_modules/@types/istanbul-lib-coverage
5353 silly ADD node_modules/@types/http-cache-semantics
5354 silly ADD node_modules/@types/graceful-fs
5355 silly ADD node_modules/@types/estree
5356 silly ADD node_modules/@types/eslint-scope
5357 silly ADD node_modules/@types/eslint
5358 silly ADD node_modules/@types/debug
5359 silly ADD node_modules/@types/cacheable-request
5360 silly ADD node_modules/@types/babel__traverse
5361 silly ADD node_modules/@types/babel__template
5362 silly ADD node_modules/@types/babel__generator
5363 silly ADD node_modules/@types/babel__core
5364 silly ADD node_modules/@tufjs/models
5365 silly ADD node_modules/@tufjs/models/node_modules/minimatch
5366 silly ADD node_modules/@tufjs/models/node_modules/brace-expansion
5367 silly ADD node_modules/@tufjs/canonical-json
5368 silly ADD node_modules/@tootallnate/once
5369 silly ADD node_modules/@szmarczak/http-timer
5370 silly ADD node_modules/@sinonjs/fake-timers
5371 silly ADD node_modules/@sinonjs/commons
5372 silly ADD node_modules/@sindresorhus/is
5373 silly ADD node_modules/@sinclair/typebox
5374 silly ADD node_modules/@sigstore/tuf
5375 silly ADD node_modules/@sigstore/sign
5376 silly ADD node_modules/@sigstore/protobuf-specs
5377 silly ADD node_modules/@sigstore/bundle
5378 silly ADD node_modules/@rails/ujs
5379 silly ADD node_modules/@popperjs/core
5380 silly ADD node_modules/@pnpm/npm-conf
5381 silly ADD node_modules/@pnpm/network.ca-file
5382 silly ADD node_modules/@pkgjs/parseargs
5383 silly ADD node_modules/@one-ini/wasm
5384 silly ADD node_modules/@npmcli/run-script
5385 silly ADD node_modules/@npmcli/run-script/node_modules/which
5386 silly ADD node_modules/@npmcli/promise-spawn
5387 silly ADD node_modules/@npmcli/promise-spawn/node_modules/which
5388 silly ADD node_modules/@npmcli/node-gyp
5389 silly ADD node_modules/@npmcli/move-file
5390 silly ADD node_modules/@npmcli/installed-package-contents
5391 silly ADD node_modules/@npmcli/git
5392 silly ADD node_modules/@npmcli/git/node_modules/which
5393 silly ADD node_modules/@npmcli/git/node_modules/lru-cache
5394 silly ADD node_modules/@npmcli/fs
5395 silly ADD node_modules/@nodelib/fs.walk
5396 silly ADD node_modules/@nodelib/fs.stat
5397 silly ADD node_modules/@nodelib/fs.scandir
5398 silly ADD node_modules/@lukeed/ms
5399 silly ADD node_modules/@jridgewell/trace-mapping
5400 silly ADD node_modules/@jridgewell/sourcemap-codec
5401 silly ADD node_modules/@jridgewell/source-map
5402 silly ADD node_modules/@jridgewell/set-array
5403 silly ADD node_modules/@jridgewell/resolve-uri
5404 silly ADD node_modules/@jridgewell/gen-mapping
5405 silly ADD node_modules/@jest/types
5406 silly ADD node_modules/@jest/transform
5407 silly ADD node_modules/@jest/test-sequencer
5408 silly ADD node_modules/@jest/test-result
5409 silly ADD node_modules/@jest/source-map
5410 silly ADD node_modules/@jest/schemas
5411 silly ADD node_modules/@jest/reporters
5412 silly ADD node_modules/@jest/reporters/node_modules/glob
5413 silly ADD node_modules/@jest/globals
5414 silly ADD node_modules/@jest/fake-timers
5415 silly ADD node_modules/@jest/expect-utils
5416 silly ADD node_modules/@jest/expect
5417 silly ADD node_modules/@jest/environment
5418 silly ADD node_modules/@jest/core
5419 silly ADD node_modules/@jest/console
5420 silly ADD node_modules/@istanbuljs/schema
5421 silly ADD node_modules/@istanbuljs/load-nyc-config
5422 silly ADD node_modules/@istanbuljs/load-nyc-config/node_modules/p-locate
5423 silly ADD node_modules/@istanbuljs/load-nyc-config/node_modules/p-limit
5424 silly ADD node_modules/@istanbuljs/load-nyc-config/node_modules/locate-path
5425 silly ADD node_modules/@istanbuljs/load-nyc-config/node_modules/js-yaml
5426 silly ADD node_modules/@istanbuljs/load-nyc-config/node_modules/find-up
5427 silly ADD node_modules/@istanbuljs/load-nyc-config/node_modules/argparse
5428 silly ADD node_modules/@isaacs/cliui
5429 silly ADD node_modules/@isaacs/cliui/node_modules/strip-ansi
5430 silly ADD node_modules/@isaacs/cliui/node_modules/string-width
5431 silly ADD node_modules/@isaacs/cliui/node_modules/emoji-regex
5432 silly ADD node_modules/@isaacs/cliui/node_modules/ansi-regex
5433 silly ADD node_modules/@humanwhocodes/object-schema
5434 silly ADD node_modules/@humanwhocodes/module-importer
5435 silly ADD node_modules/@humanwhocodes/config-array
5436 silly ADD node_modules/@gar/promisify
5437 silly ADD node_modules/@fastify/view
5438 silly ADD node_modules/@fastify/view/node_modules/fastify-plugin
5439 silly ADD node_modules/@fastify/static
5440 silly ADD node_modules/@fastify/static/node_modules/fastify-plugin
5441 silly ADD node_modules/@fastify/sensible
5442 silly ADD node_modules/@fastify/sensible/node_modules/fastify-plugin
5443 silly ADD node_modules/@fastify/send
5444 silly ADD node_modules/@fastify/secure-session
5445 silly ADD node_modules/@fastify/secure-session/node_modules/fastify-plugin
5446 silly ADD node_modules/@fastify/merge-json-schemas
5447 silly ADD node_modules/@fastify/formbody
5448 silly ADD node_modules/@fastify/formbody/node_modules/fastify-plugin
5449 silly ADD node_modules/@fastify/flash
5450 silly ADD node_modules/@fastify/flash/node_modules/fastify-plugin
5451 silly ADD node_modules/@fastify/fast-json-stringify-compiler
5452 silly ADD node_modules/@fastify/error
5453 silly ADD node_modules/@fastify/deepmerge
5454 silly ADD node_modules/@fastify/cookie
5455 silly ADD node_modules/@fastify/cookie/node_modules/fastify-plugin
5456 silly ADD node_modules/@fastify/ajv-compiler
5457 silly ADD node_modules/@fastify/ajv-compiler/node_modules/json-schema-traverse
5458 silly ADD node_modules/@fastify/ajv-compiler/node_modules/ajv
5459 silly ADD node_modules/@fastify/accept-negotiator
5460 silly ADD node_modules/@eslint/js
5461 silly ADD node_modules/@eslint/eslintrc
5462 silly ADD node_modules/@eslint/eslintrc/node_modules/globals
5463 silly ADD node_modules/@eslint-community/regexpp
5464 silly ADD node_modules/@eslint-community/eslint-utils
5465 silly ADD node_modules/@discoveryjs/json-ext
5466 silly ADD node_modules/@colors/colors
5467 silly ADD node_modules/@bcoe/v8-coverage
5468 silly ADD node_modules/@babel/types
5469 silly ADD node_modules/@babel/traverse
5470 silly ADD node_modules/@babel/traverse/node_modules/globals
5471 silly ADD node_modules/@babel/template
5472 silly ADD node_modules/@babel/runtime
5473 silly ADD node_modules/@babel/plugin-syntax-typescript
5474 silly ADD node_modules/@babel/plugin-syntax-top-level-await
5475 silly ADD node_modules/@babel/plugin-syntax-optional-chaining
5476 silly ADD node_modules/@babel/plugin-syntax-optional-catch-binding
5477 silly ADD node_modules/@babel/plugin-syntax-object-rest-spread
5478 silly ADD node_modules/@babel/plugin-syntax-numeric-separator
5479 silly ADD node_modules/@babel/plugin-syntax-nullish-coalescing-operator
5480 silly ADD node_modules/@babel/plugin-syntax-logical-assignment-operators
5481 silly ADD node_modules/@babel/plugin-syntax-jsx
5482 silly ADD node_modules/@babel/plugin-syntax-json-strings
5483 silly ADD node_modules/@babel/plugin-syntax-import-meta
5484 silly ADD node_modules/@babel/plugin-syntax-class-properties
5485 silly ADD node_modules/@babel/plugin-syntax-bigint
5486 silly ADD node_modules/@babel/plugin-syntax-async-generators
5487 silly ADD node_modules/@babel/parser
5488 silly ADD node_modules/@babel/highlight
5489 silly ADD node_modules/@babel/highlight/node_modules/supports-color
5490 silly ADD node_modules/@babel/highlight/node_modules/has-flag
5491 silly ADD node_modules/@babel/highlight/node_modules/color-name
5492 silly ADD node_modules/@babel/highlight/node_modules/color-convert
5493 silly ADD node_modules/@babel/highlight/node_modules/chalk
5494 silly ADD node_modules/@babel/highlight/node_modules/ansi-styles
5495 silly ADD node_modules/@babel/helpers
5496 silly ADD node_modules/@babel/helper-validator-option
5497 silly ADD node_modules/@babel/helper-validator-identifier
5498 silly ADD node_modules/@babel/helper-string-parser
5499 silly ADD node_modules/@babel/helper-split-export-declaration
5500 silly ADD node_modules/@babel/helper-simple-access
5501 silly ADD node_modules/@babel/helper-plugin-utils
5502 silly ADD node_modules/@babel/helper-module-transforms
5503 silly ADD node_modules/@babel/helper-module-imports
5504 silly ADD node_modules/@babel/helper-hoist-variables
5505 silly ADD node_modules/@babel/helper-function-name
5506 silly ADD node_modules/@babel/helper-environment-visitor
5507 silly ADD node_modules/@babel/helper-compilation-targets
5508 silly ADD node_modules/@babel/helper-compilation-targets/node_modules/semver
5509 silly ADD node_modules/@babel/generator
5510 silly ADD node_modules/@babel/core
5511 silly ADD node_modules/@babel/core/node_modules/semver
5512 silly ADD node_modules/@babel/compat-data
5513 silly ADD node_modules/@babel/code-frame
5514 silly ADD node_modules/@ampproject/remapping
5515 silly ADD node_modules/@aashutoshrathi/word-wrap
5516 timing command:install Completed in 96826ms
5517 notice
5517 notice New [31mmajor[39m version of npm available! [31m10.5.0[39m -> [32m11.12.1[39m
5517 notice Changelog: [36mhttps://github.com/npm/cli/releases/tag/v11.12.1[39m
5517 notice Run [32mnpm install -g npm@11.12.1[39m to update!
5517 notice
5518 verbose exit 0
5519 timing npm Completed in 96986ms
5520 info ok
